Point No.	Frequency Set (GHz)	THz Photocurrent (nA)	Frequency Act (GHz)	Amplitude (via StrMod)	Phase (via StrMod)	Frequency Fit	Timestamp (s)
1	100.000	0.294	100.004	3.057	1.325	0.664	1785260485.415
2	100.000	-0.016	100.004	2.977	1.268	0.683	1785260485.605
3	100.000	0.031	99.995	3.009	1.262	0.691	1785260485.800
4	100.000	0.092	99.998	2.901	1.286	0.685	1785260486.045
5	100.000	0.342	100.003	2.980	1.237	0.692	1785260486.219
6	100.000	-0.275	99.996	3.150	1.280	0.684	1785260486.417
7	100.000	-0.213	100.004	2.976	1.315	0.690	1785260486.594
8	100.000	0.086	100.001	3.090	1.291	0.684	1785260486.773
9	100.000	0.239	100.001	3.079	1.288	0.680	1785260486.983
10	100.000	-0.081	99.998	2.919	1.254	0.690	1785260487.256
11	100.000	-0.177	99.999	3.128	1.257	0.673	1785260487.459
12	100.000	0.179	99.998	3.338	1.299	0.682	1785260487.672
13	100.000	0.109	99.999	2.991	1.329	0.680	1785260487.930
14	100.000	0.512	99.999	2.639	1.294	0.673	1785260488.146
15	100.000	-0.376	99.999	2.446	1.266	0.659	1785260488.351
16	100.000	-0.253	99.996	1.663	1.254	0.685	1785260488.604
17	100.000	-0.101	100.001	1.002	1.426	0.719	1785260488.810
18	100.000	0.441	100.004	1.032	1.671	0.642	1785260489.018
19	100.000	0.039	100.002	0.797	2.287	0.664	1785260489.189
20	100.000	0.138	100.001	0.549	2.633	0.675	1785260489.389
21	100.000	0.136	100.000	0.573	1.842	0.641	1785260489.607
22	100.000	0.124	100.001	1.156	1.328	0.673	1785260489.787
23	100.000	-0.185	99.998	1.848	1.266	0.660	1785260490.012
24	100.000	0.223	99.997	2.965	1.210	0.673	1785260490.229
25	100.000	0.312	99.999	3.359	1.235	0.685	1785260490.414
26	100.000	0.159	99.999	3.195	1.272	0.682	1785260490.621
27	100.000	-0.149	100.000	3.030	1.281	0.685	1785260490.858
28	100.000	-0.237	100.002	2.769	1.190	0.680	1785260491.059
29	100.000	-0.226	99.998	2.362	1.147	0.674	1785260491.264
30	100.000	-0.093	99.999	1.621	1.133	0.683	1785260491.438
31	100.000	-0.206	100.000	1.017	1.269	0.693	1785260491.638
32	100.000	-0.006	99.999	0.900	1.420	0.659	1785260491.804
33	100.000	0.277	100.002	0.629	1.709	0.606	1785260491.977
34	100.000	0.125	100.003	0.479	2.498	0.664	1785260492.184
35	100.000	0.010	100.006	0.492	2.605	0.664	1785260492.363
36	100.000	0.161	100.001	0.457	2.059	0.789	1785260492.561
37	100.000	0.244	100.002	0.867	1.407	0.700	1785260492.746
38	100.000	-0.220	99.999	1.797	1.255	0.698	1785260492.974
39	100.000	0.080	100.002	2.727	1.290	0.682	1785260493.207
40	100.000	0.061	99.998	3.066	1.298	0.674	1785260493.459
41	100.000	-0.012	100.002	2.998	1.278	0.672	1785260493.634
42	100.000	0.169	100.000	3.072	1.325	0.677	1785260493.827
43	100.000	0.239	99.998	2.380	1.299	0.689	1785260494.001
44	100.000	0.190	100.003	2.105	1.295	0.685	1785260494.209
45	100.000	-0.173	99.997	1.406	1.220	0.678	1785260494.440
46	100.000	0.043	100.000	0.810	1.546	0.658	1785260494.699
47	100.000	0.097	99.998	0.505	1.962	0.684	1785260494.927
48	100.000	-0.070	100.001	0.503	2.609	0.686	1785260495.144
49	100.000	0.264	99.998	0.489	2.293	0.627	1785260495.390
50	100.000	0.035	100.001	0.792	1.492	0.693	1785260495.578
51	100.000	0.244	99.999	1.324	1.183	0.693	1785260495.750
52	100.000	0.244	99.996	2.158	1.203	0.679	1785260495.922
53	100.000	0.247	100.001	3.014	1.253	0.672	1785260496.138
54	100.000	-0.010	100.002	3.084	1.233	0.686	1785260496.310
55	100.000	0.160	100.001	3.390	1.205	0.680	1785260496.505
56	100.000	-0.249	99.997	2.996	1.226	0.684	1785260496.690
57	100.000	-0.126	100.000	2.751	1.177	0.677	1785260496.889
58	100.000	-0.126	99.999	2.139	1.112	0.686	1785260497.071
59	100.000	0.149	100.001	1.518	1.044	0.706	1785260497.253
60	100.000	-0.194	99.998	1.366	1.103	0.669	1785260497.433
61	100.000	0.121	100.003	0.894	1.359	0.677	1785260497.617
62	100.000	0.172	99.999	0.505	1.676	0.646	1785260497.830
63	100.000	-0.083	100.000	0.521	2.444	0.602	1785260498.016
64	100.000	-0.034	100.002	0.315	2.178	0.807	1785260498.271
65	100.000	-0.022	100.004	0.757	1.590	0.664	1785260498.447
66	100.000	-0.082	100.001	1.444	1.295	0.648	1785260498.624
67	100.000	-0.281	100.000	2.100	1.162	0.694	1785260498.818
68	100.000	-0.124	100.007	2.745	1.230	0.686	1785260499.001
69	100.000	0.095	99.998	3.547	1.213	0.670	1785260499.188
70	100.000	-0.598	99.998	3.354	1.213	0.681	1785260499.374
71	100.000	-0.030	100.006	3.105	1.260	0.686	1785260499.567
72	100.000	-0.082	100.005	2.676	1.094	0.703	1785260499.768
73	100.000	-0.162	100.000	2.392	1.056	0.671	1785260499.937
74	100.000	-0.145	100.005	1.695	1.010	0.694	1785260500.162
75	100.000	0.100	99.999	1.332	0.987	0.687	1785260500.397
76	100.000	0.267	99.998	0.774	1.115	0.692	1785260500.629
77	100.000	-0.041	99.997	0.687	1.745	0.694	1785260500.818
78	100.000	0.265	99.997	0.514	1.940	0.778	1785260501.003
79	100.000	0.285	100.002	0.635	1.753	0.666	1785260501.195
80	100.000	0.044	100.003	1.063	1.482	0.674	1785260501.382
81	100.000	-0.333	99.998	1.870	1.293	0.661	1785260501.579
82	100.000	0.056	100.002	2.473	1.246	0.677	1785260501.815
83	100.000	-0.125	99.999	3.464	1.218	0.670	1785260501.996
84	100.000	-0.038	100.004	3.182	1.245	0.700	1785260502.187
85	100.000	-0.189	100.004	3.320	1.290	0.682	1785260502.382
86	100.000	-0.059	100.000	2.923	1.180	0.688	1785260502.571
87	100.000	0.052	99.999	2.641	1.158	0.671	1785260502.756
88	100.000	0.033	100.002	1.967	1.053	0.675	1785260502.942
89	100.000	-0.320	99.999	1.145	0.815	0.722	1785260503.126
90	100.000	0.128	100.001	0.873	0.816	0.623	1785260503.331
91	100.000	-0.154	100.002	0.422	0.574	0.742	1785260503.558
92	100.000	0.162	100.003	0.046	4.602	0.664	1785260503.745
93	100.000	0.111	100.001	0.211	1.978	0.816	1785260503.937
94	100.000	-0.156	99.998	0.487	1.780	0.670	1785260504.123
95	100.000	0.363	99.995	1.040	1.207	0.658	1785260504.317
96	100.000	0.385	99.998	1.714	1.142	0.710	1785260504.512
97	100.000	-0.005	100.000	2.521	1.090	0.696	1785260504.691
98	100.000	0.280	99.996	3.227	1.207	0.683	1785260504.862
99	100.000	0.371	100.001	3.417	1.206	0.697	1785260505.067
100	100.000	-0.054	99.996	3.481	1.261	0.673	1785260505.275
101	100.000	0.091	99.999	3.200	1.251	0.688	1785260505.477
102	100.000	0.327	100.003	2.508	1.244	0.695	1785260505.709
103	100.000	-0.127	99.997	1.838	1.206	0.692	1785260505.868
104	100.000	-0.086	99.998	1.666	1.210	0.682	1785260506.061
105	100.000	0.066	99.998	0.696	0.978	0.677	1785260506.255
106	100.000	-0.153	100.002	0.299	1.415	0.678	1785260506.428
107	100.000	0.137	99.999	0.317	2.688	0.489	1785260506.633
108	100.000	-0.149	100.001	0.207	3.148	0.664	1785260506.792
109	100.000	0.125	100.000	0.303	2.446	0.599	1785260507.020
110	100.000	0.008	99.998	0.374	1.897	0.805	1785260507.192
111	100.000	0.070	99.998	1.261	1.312	0.650	1785260507.370
112	100.000	-0.304	99.998	2.117	1.178	0.674	1785260507.552
113	100.000	-0.145	100.001	2.615	1.198	0.695	1785260507.735
114	100.000	0.365	100.003	3.221	1.201	0.687	1785260507.961
115	100.000	0.027	100.000	3.501	1.255	0.685	1785260508.152
116	100.000	-0.134	99.996	3.030	1.203	0.685	1785260508.359
117	100.000	-0.269	99.998	2.651	1.176	0.690	1785260508.551
118	100.000	0.136	99.998	2.151	1.101	0.688	1785260508.771
119	100.000	-0.187	100.002	1.468	0.994	0.712	1785260508.959
120	100.000	-0.185	100.002	1.331	1.122	0.668	1785260509.160
121	100.000	-0.061	100.000	0.501	1.471	0.661	1785260509.351
122	100.000	-0.209	99.997	0.446	1.859	0.727	1785260509.547
123	100.000	0.084	100.001	0.508	2.371	0.729	1785260509.728
124	100.000	0.090	99.999	0.602	1.947	0.738	1785260509.923
125	100.000	0.078	100.000	1.011	1.596	0.608	1785260510.082
126	100.000	-0.033	99.999	1.509	1.256	0.680	1785260510.291
127	100.000	0.149	99.996	2.244	1.218	0.679	1785260510.497
128	100.000	0.391	100.000	3.057	1.195	0.699	1785260510.695
129	100.000	0.239	99.998	3.506	1.266	0.681	1785260510.912
130	100.000	0.311	100.002	3.577	1.280	0.677	1785260511.087
131	100.000	0.055	99.999	3.331	1.259	0.687	1785260511.281
132	100.000	0.074	99.999	2.862	1.198	0.667	1785260511.475
133	100.000	0.266	99.998	2.456	1.140	0.676	1785260511.660
134	100.000	-0.179	100.000	1.677	1.004	0.716	1785260511.858
135	100.000	0.238	100.001	1.395	1.186	0.669	1785260512.034
136	100.000	-0.168	99.999	0.931	1.375	0.677	1785260512.233
137	100.000	0.083	99.994	0.495	1.978	0.708	1785260512.463
138	100.000	-0.170	100.002	0.597	2.032	0.640	1785260512.641
139	100.000	0.007	100.000	0.862	1.704	0.683	1785260512.839
140	100.000	-0.317	99.999	0.734	1.571	0.670	1785260513.028
141	100.000	0.177	100.000	1.287	1.314	0.709	1785260513.217
142	100.000	0.043	100.001	2.495	1.219	0.688	1785260513.410
143	100.000	0.347	99.998	3.215	1.220	0.672	1785260513.592
144	100.000	-0.107	99.998	3.554	1.270	0.676	1785260513.796
145	100.000	0.249	100.000	3.392	1.207	0.691	1785260513.977
146	100.000	0.063	99.997	3.364	1.242	0.686	1785260514.160
147	100.000	-0.005	100.002	3.161	1.214	0.672	1785260514.322
148	100.000	-0.028	100.001	2.146	1.118	0.684	1785260514.526
149	100.000	-0.174	100.002	1.906	1.099	0.676	1785260514.681
150	100.000	0.220	100.000	1.219	0.856	0.706	1785260514.890
151	100.000	0.259	100.002	1.189	1.104	0.688	1785260515.120
152	100.000	-0.177	100.002	0.495	1.378	0.627	1785260515.286
153	100.000	-0.005	100.000	0.551	1.582	0.662	1785260515.498
154	100.000	-0.033	100.000	0.530	1.906	0.621	1785260515.727
155	100.000	-0.183	100.000	0.903	1.439	0.692	1785260515.902
156	100.000	0.125	99.998	1.602	1.361	0.664	1785260516.092
157	100.000	-0.083	99.999	2.122	1.236	0.705	1785260516.300
158	100.000	-0.490	99.998	3.109	1.254	0.670	1785260516.474
159	100.000	-0.003	100.001	3.614	1.212	0.678	1785260516.684
160	100.000	0.349	99.999	3.892	1.225	0.673	1785260516.874
161	100.000	0.257	100.000	3.375	1.200	0.685	1785260517.071
162	100.000	-0.198	99.995	2.900	1.116	0.694	1785260517.270
163	100.000	0.067	100.004	2.439	1.026	0.685	1785260517.469
164	100.000	-0.037	100.001	1.880	1.032	0.642	1785260517.635
165	100.000	0.333	99.998	1.503	1.042	0.672	1785260517.839
166	100.000	-0.430	100.001	0.779	0.780	0.684	1785260518.045
167	100.000	0.099	100.005	0.322	1.417	0.762	1785260518.246
168	100.000	0.081	99.999	0.518	1.951	0.603	1785260518.430
169	100.000	0.017	99.998	0.645	1.831	0.672	1785260518.607
170	100.000	-0.216	100.001	0.695	1.589	0.618	1785260518.777
171	100.000	-0.104	99.999	1.344	1.347	0.677	1785260518.982
172	100.000	-0.239	99.999	2.300	1.166	0.692	1785260519.176
173	100.000	0.228	100.002	3.163	1.232	0.665	1785260519.354
174	100.000	-0.078	100.002	3.489	1.248	0.686	1785260519.532
175	100.000	0.076	100.002	3.827	1.208	0.684	1785260519.722
176	100.000	0.203	100.006	3.697	1.240	0.677	1785260519.922
177	100.000	0.222	100.000	3.219	1.240	0.685	1785260520.083
178	100.000	0.151	100.003	3.030	1.250	0.684	1785260520.300
179	100.000	0.199	100.000	2.017	1.091	0.690	1785260520.487
180	100.000	0.153	99.999	1.631	0.999	0.697	1785260520.685
181	100.000	0.245	100.000	1.089	1.136	0.654	1785260520.886
182	100.000	-0.141	99.999	0.756	1.372	0.622	1785260521.115
183	100.000	0.082	99.999	0.457	2.190	0.793	1785260521.304
184	100.000	-0.014	99.996	0.736	1.871	0.628	1785260521.479
185	100.000	0.084	99.997	0.513	1.657	0.812	1785260521.680
186	100.000	-0.004	100.000	1.216	1.355	0.672	1785260521.944
187	100.000	0.151	100.001	2.202	1.219	0.691	1785260522.176
188	100.000	0.069	100.002	2.976	1.197	0.688	1785260522.354
189	100.000	-0.467	100.001	3.477	1.190	0.691	1785260522.536
190	100.000	-0.108	99.994	3.622	1.229	0.687	1785260522.720
191	100.000	0.043	99.999	3.557	1.177	0.685	1785260522.916
192	100.000	-0.000	99.999	3.046	1.196	0.684	1785260523.098
193	100.000	-0.205	100.003	2.382	1.144	0.694	1785260523.298
194	100.000	0.315	100.003	2.037	1.174	0.666	1785260523.478
195	100.000	0.116	100.002	1.101	1.030	0.678	1785260523.658
196	100.000	0.150	100.001	0.817	1.188	0.668	1785260523.853
197	100.000	0.195	99.998	0.341	2.020	0.760	1785260524.051
198	100.000	-0.017	99.998	0.458	2.498	0.499	1785260524.264
199	100.000	0.190	99.999	0.469	2.336	0.687	1785260524.464
200	100.000	-0.054	99.999	0.586	1.555	0.701	1785260524.663
201	100.000	0.398	100.002	1.184	1.273	0.710	1785260524.844
202	100.000	-0.122	100.003	2.257	1.140	0.686	1785260525.023
203	100.000	0.118	100.004	2.721	1.168	0.692	1785260525.256
204	100.000	0.330	100.002	3.478	1.196	0.682	1785260525.467
205	100.000	-0.165	99.999	3.560	1.183	0.680	1785260525.656
206	100.000	-0.224	100.004	3.276	1.193	0.691	1785260525.862
207	100.000	0.249	100.004	2.900	1.150	0.687	1785260526.123
208	100.000	0.007	99.996	2.105	1.094	0.687	1785260526.354
209	100.000	0.220	100.001	1.540	1.043	0.696	1785260526.553
210	100.000	-0.175	100.002	0.959	1.156	0.705	1785260526.727
211	100.000	0.275	100.000	0.517	1.497	0.691	1785260526.947
212	100.000	0.093	99.999	0.458	2.082	0.638	1785260527.202
213	100.000	-0.089	100.002	0.610	2.114	0.747	1785260527.420
214	100.000	0.157	100.001	0.745	1.678	0.670	1785260527.600
215	100.000	0.128	100.000	1.263	1.233	0.689	1785260527.809
216	100.000	0.460	100.000	2.384	1.209	0.656	1785260527.970
217	100.000	-0.203	100.000	2.994	1.172	0.679	1785260528.196
218	100.000	0.033	100.003	3.417	1.182	0.688	1785260528.417
219	100.000	0.149	99.998	3.651	1.191	0.680	1785260528.618
220	100.000	-0.260	100.004	3.319	1.200	0.675	1785260528.802
221	100.000	0.017	99.999	2.714	1.154	0.711	1785260529.005
222	100.000	0.112	100.001	2.289	1.090	0.680	1785260529.252
223	100.000	0.220	100.001	1.719	1.084	0.678	1785260529.455
224	100.000	0.160	100.003	0.930	1.103	0.743	1785260529.647
225	100.000	0.156	99.998	0.597	1.520	0.644	1785260529.864
226	100.000	-0.112	100.000	0.427	2.380	0.704	1785260530.068
227	100.000	-0.181	100.001	0.572	2.645	0.722	1785260530.309
228	100.000	-0.223	99.997	0.574	2.140	0.790	1785260530.500
229	100.000	0.335	99.999	0.908	1.599	0.685	1785260530.689
230	100.000	-0.057	100.001	1.940	1.264	0.679	1785260530.902
231	100.000	-0.083	99.998	2.846	1.165	0.683	1785260531.125
232	100.000	-0.252	99.999	3.602	1.173	0.677	1785260531.333
233	100.000	0.163	99.999	3.460	1.117	0.691	1785260531.496
234	100.000	-0.011	100.007	3.656	1.121	0.690	1785260531.689
235	100.000	0.309	100.003	3.208	1.049	0.691	1785260531.880
236	100.000	0.024	99.997	2.770	1.031	0.684	1785260532.076
237	100.000	-0.130	99.998	1.966	0.936	0.693	1785260532.258
238	100.000	0.095	99.998	1.359	0.849	0.707	1785260532.440
239	100.000	0.084	99.999	0.868	1.043	0.686	1785260532.641
240	100.000	-0.048	100.000	0.591	1.374	0.760	1785260532.868
241	100.000	0.161	100.001	0.630	2.180	0.653	1785260533.082
242	100.000	0.105	99.998	0.777	2.113	0.765	1785260533.236
243	100.000	-0.046	99.996	0.807	2.013	0.696	1785260533.449
244	100.000	-0.054	99.995	1.061	1.608	0.733	1785260533.636
245	100.000	-0.176	100.001	2.113	1.276	0.686	1785260533.868
246	100.000	0.081	100.000	2.800	1.231	0.675	1785260534.056
247	100.000	-0.190	100.001	3.540	1.162	0.670	1785260534.233
248	100.000	-0.221	99.998	3.604	1.109	0.683	1785260534.419
249	100.000	0.039	100.001	3.626	1.134	0.685	1785260534.644
250	100.000	-0.043	99.995	3.024	1.067	0.671	1785260534.896
251	100.000	0.118	100.001	2.296	0.955	0.685	1785260535.125
252	100.000	0.066	99.998	1.623	0.893	0.641	1785260535.303
253	100.000	0.028	100.006	1.024	0.707	0.676	1785260535.485
254	100.000	0.148	99.997	0.527	0.922	0.664	1785260535.691
255	100.000	-0.239	99.997	0.343	2.243	0.827	1785260535.882
256	100.000	0.297	100.002	0.501	2.448	0.687	1785260536.077
257	100.000	-0.226	100.001	0.653	2.547	0.559	1785260536.254
258	100.000	0.592	99.998	0.824	2.036	0.708	1785260536.434
259	100.000	-0.020	100.002	1.282	1.645	0.697	1785260536.642
260	100.000	-0.081	99.999	2.127	1.327	0.694	1785260536.875
261	100.000	0.141	100.000	2.816	1.230	0.693	1785260537.071
262	100.000	-0.248	100.001	3.625	1.167	0.683	1785260537.254
263	100.000	0.143	100.001	3.544	1.144	0.670	1785260537.430
264	100.000	-0.051	100.000	3.384	1.032	0.696	1785260537.632
265	100.000	-0.275	100.001	2.982	0.991	0.684	1785260537.824
266	100.000	-0.093	99.997	2.237	0.859	0.696	1785260538.056
267	100.000	0.344	99.998	1.713	0.840	0.676	1785260538.239
268	100.000	-0.060	100.001	1.159	0.601	0.745	1785260538.408
269	100.000	-0.126	100.000	0.778	0.712	0.636	1785260538.618
270	100.000	0.176	99.997	0.155	0.777	0.681	1785260538.807
271	100.000	0.240	100.002	0.276	2.310	0.777	1785260539.005
272	100.000	0.047	100.004	0.323	2.402	0.654	1785260539.180
273	100.000	-0.026	99.999	0.764	1.868	0.702	1785260539.365
274	100.000	-0.104	100.001	1.035	1.367	0.704	1785260539.567
275	100.000	0.078	99.999	2.341	1.194	0.680	1785260539.765
276	100.000	0.048	100.000	2.845	1.226	0.682	1785260539.944
277	100.000	-0.070	100.001	3.247	1.166	0.680	1785260540.128
278	100.000	-0.121	100.002	3.478	1.146	0.690	1785260540.304
279	100.000	-0.013	99.994	3.341	1.118	0.699	1785260540.489
280	100.000	0.026	99.999	2.872	1.085	0.696	1785260540.690
281	100.000	-0.105	100.002	2.141	0.950	0.717	1785260540.902
282	100.000	0.182	99.998	2.060	0.968	0.654	1785260541.095
283	100.000	-0.139	100.000	1.181	0.673	0.724	1785260541.272
284	100.000	-0.320	100.001	0.824	0.741	0.754	1785260541.460
285	100.000	-0.019	99.997	0.356	1.134	0.625	1785260541.649
286	100.000	-0.009	99.998	0.335	2.303	0.833	1785260541.853
287	100.000	0.292	99.997	0.494	3.502	0.664	1785260542.053
288	100.000	0.116	100.001	1.026	1.975	0.641	1785260542.251
289	100.000	-0.071	100.000	0.968	1.681	0.709	1785260542.454
290	100.000	-0.230	100.003	1.731	1.297	0.694	1785260542.646
291	100.000	0.023	100.002	2.539	1.237	0.678	1785260542.839
292	100.000	0.035	100.000	3.252	1.215	0.688	1785260543.029
293	100.000	-0.252	99.998	3.487	1.221	0.684	1785260543.210
294	100.000	-0.050	100.001	3.545	1.129	0.676	1785260543.395
295	100.000	0.188	100.002	3.216	1.095	0.695	1785260543.590
296	100.000	0.016	100.003	2.601	1.043	0.673	1785260543.770
297	100.000	0.106	99.999	2.112	1.000	0.667	1785260543.939
298	100.000	0.182	100.000	1.433	0.982	0.689	1785260544.147
299	100.000	0.116	100.001	0.888	0.973	0.704	1785260544.324
300	100.000	-0.126	100.003	0.273	1.190	0.647	1785260544.508
301	100.000	0.076	100.001	0.247	2.926	0.676	1785260544.719
302	100.000	-0.175	100.001	0.501	2.653	0.802	1785260544.948
303	100.000	-0.037	99.999	0.472	2.267	0.783	1785260545.171
304	100.000	-0.018	99.998	0.952	1.552	0.747	1785260545.347
305	100.000	0.234	100.001	1.705	1.293	0.663	1785260545.544
306	100.000	0.008	99.999	2.484	1.184	0.687	1785260545.725
307	100.000	-0.173	100.001	3.133	1.123	0.678	1785260545.898
308	100.000	-0.150	99.997	3.454	1.116	0.693	1785260546.125
309	100.000	-0.024	100.000	3.445	1.071	0.684	1785260546.359
310	100.000	-0.608	99.999	2.961	1.041	0.697	1785260546.580
311	100.000	0.086	100.001	2.384	0.914	0.707	1785260546.792
312	100.000	-0.072	100.001	1.823	0.914	0.695	1785260546.999
313	100.000	0.028	100.002	1.008	0.869	0.690	1785260547.234
314	100.000	-0.032	100.001	0.821	1.341	0.656	1785260547.426
315	100.000	-0.193	100.002	0.318	2.365	0.670	1785260547.628
316	100.000	0.037	99.999	0.685	3.164	0.664	1785260547.877
317	100.000	-0.133	99.996	0.731	2.704	0.716	1785260548.075
318	100.000	0.046	99.999	0.900	1.699	0.704	1785260548.305
319	100.000	0.018	99.999	1.432	1.339	0.674	1785260548.488
320	100.000	-0.386	100.001	2.357	1.186	0.671	1785260548.650
321	100.000	-0.080	100.002	2.752	1.061	0.689	1785260548.861
322	100.000	0.195	99.999	3.292	1.106	0.691	1785260549.051
323	100.000	0.155	100.003	3.413	1.066	0.684	1785260549.300
324	100.000	0.269	99.999	3.136	1.002	0.681	1785260549.502
325	100.000	0.055	100.001	2.699	0.929	0.672	1785260549.675
326	100.000	0.280	100.000	2.063	0.928	0.668	1785260549.874
327	100.000	0.284	100.006	1.322	0.957	0.687	1785260550.053
328	100.000	0.174	99.998	0.888	1.332	0.687	1785260550.218
329	100.000	0.202	100.003	0.555	1.804	0.697	1785260550.420
330	100.000	-0.121	100.001	0.630	2.574	0.664	1785260550.584
331	100.000	0.029	100.003	1.039	2.735	0.651	1785260550.792
332	100.000	-0.126	99.998	0.919	2.498	0.722	1785260550.989
333	100.000	-0.018	100.001	0.846	2.172	0.635	1785260551.175
334	100.000	-0.006	99.999	1.405	1.552	0.719	1785260551.362
335	100.000	0.413	99.998	2.036	1.297	0.704	1785260551.558
336	100.000	-0.029	100.000	2.812	1.230	0.681	1785260551.752
337	100.000	-0.341	99.997	2.955	1.151	0.702	1785260551.921
338	100.000	0.079	99.998	3.537	1.119	0.677	1785260552.103
339	100.000	-0.279	100.002	3.116	0.998	0.685	1785260552.315
340	100.000	-0.097	99.997	2.735	0.964	0.683	1785260552.551
341	100.000	0.089	100.000	2.164	0.932	0.686	1785260552.741
342	100.000	0.663	100.002	1.510	0.983	0.697	1785260552.936
343	100.000	0.377	100.000	0.875	1.010	0.681	1785260553.172
344	100.000	0.163	100.003	0.447	2.194	0.689	1785260553.375
345	100.000	-0.136	99.997	0.736	2.525	0.602	1785260553.554
346	100.000	-0.186	99.999	1.066	2.670	0.631	1785260553.730
347	100.000	-0.439	99.999	1.062	2.305	0.700	1785260553.912
348	100.000	-0.280	100.001	1.139	2.006	0.690	1785260554.078
349	100.000	0.172	100.001	1.482	1.543	0.717	1785260554.287
350	100.000	-0.039	99.997	2.346	1.300	0.697	1785260554.470
351	100.000	0.033	99.998	2.989	1.183	0.679	1785260554.686
352	100.000	0.377	99.994	3.527	1.113	0.685	1785260554.881
353	100.000	0.011	100.002	3.505	1.069	0.677	1785260555.096
354	100.000	0.088	99.996	3.290	0.984	0.678	1785260555.297
355	100.000	-0.455	99.996	2.854	0.882	0.687	1785260555.560
356	100.000	0.250	100.004	2.189	0.841	0.682	1785260555.760
357	100.000	0.187	99.999	1.471	0.783	0.687	1785260555.975
358	100.000	0.200	100.000	0.750	0.808	0.757	1785260556.183
359	100.000	0.312	100.001	0.453	1.859	0.738	1785260556.437
360	100.000	-0.082	100.000	0.731	2.388	0.665	1785260556.628
361	100.000	0.202	100.002	0.838	2.213	0.691	1785260556.860
362	100.000	-0.118	99.996	1.021	1.887	0.705	1785260557.024
363	100.000	0.079	100.005	1.629	1.433	0.682	1785260557.271
364	100.000	0.202	100.001	2.401	1.170	0.696	1785260557.454
365	100.000	-0.022	100.001	3.230	1.146	0.675	1785260557.627
366	100.000	0.200	100.000	3.472	1.161	0.690	1785260557.824
367	100.000	-0.028	99.996	3.603	1.063	0.682	1785260558.009
368	100.000	0.136	99.998	3.265	0.983	0.683	1785260558.224
369	100.000	0.033	99.999	2.722	0.985	0.686	1785260558.464
370	100.000	0.070	99.999	2.000	0.830	0.691	1785260558.656
371	100.000	0.008	99.997	1.607	0.874	0.650	1785260558.852
372	100.000	0.200	100.003	0.789	1.334	0.685	1785260559.084
373	100.000	0.630	99.999	0.457	2.235	0.658	1785260559.285
374	100.000	-0.068	100.001	0.593	2.670	0.580	1785260559.472
375	100.000	0.407	99.997	0.691	2.803	0.664	1785260559.647
376	100.000	0.244	99.998	0.842	1.986	0.667	1785260559.887
377	100.000	-0.198	100.001	1.435	1.466	0.680	1785260560.082
378	100.000	0.023	99.999	1.985	1.267	0.700	1785260560.274
379	100.000	0.208	100.000	2.817	1.173	0.684	1785260560.449
380	100.000	0.011	99.998	3.477	1.132	0.688	1785260560.660
381	100.000	0.193	100.006	3.810	1.047	0.684	1785260560.905
382	100.000	-0.190	99.999	3.668	0.991	0.684	1785260561.097
383	100.000	0.023	100.000	3.147	0.955	0.685	1785260561.339
384	100.000	-0.050	99.997	2.455	0.883	0.676	1785260561.535
385	100.000	-0.065	100.003	1.655	0.864	0.702	1785260561.767
386	100.000	-0.113	99.996	0.913	1.106	0.695	1785260561.935
387	100.000	0.294	100.004	0.363	1.342	0.691	1785260562.159
388	100.000	0.093	100.000	0.724	2.717	0.547	1785260562.412
389	100.000	-0.179	100.001	0.668	2.577	0.717	1785260562.590
390	100.000	-0.245	99.998	0.825	2.324	0.643	1785260562.775
391	100.000	-0.044	100.000	1.033	1.754	0.707	1785260562.935
392	100.000	-0.190	100.000	1.746	1.281	0.675	1785260563.126
393	100.000	-0.185	100.001	2.395	1.213	0.691	1785260563.315
394	100.000	0.014	99.999	3.145	1.155	0.699	1785260563.520
395	100.000	-0.387	99.996	3.395	1.128	0.691	1785260563.716
396	100.000	-0.335	99.998	3.844	1.030	0.675	1785260563.892
397	100.000	0.004	99.997	3.670	0.984	0.677	1785260564.084
398	100.000	-0.126	100.004	2.876	0.900	0.695	1785260564.272
399	100.000	0.158	100.006	2.448	0.866	0.688	1785260564.470
400	100.000	-0.079	100.004	1.853	0.918	0.697	1785260564.652
401	100.000	-0.281	99.999	1.304	1.029	0.658	1785260564.832
402	100.000	0.022	99.998	0.627	1.379	0.741	1785260565.019
403	100.000	-0.354	100.001	0.547	2.305	0.703	1785260565.202
404	100.000	-0.186	100.002	0.751	2.875	0.669	1785260565.388
405	100.000	0.121	100.005	1.003	2.394	0.673	1785260565.546
406	100.000	0.134	100.000	1.093	2.116	0.668	1785260565.746
407	100.000	-0.310	100.001	1.474	1.644	0.664	1785260565.918
408	100.000	0.346	100.005	2.187	1.336	0.685	1785260566.158
409	100.000	-0.013	99.999	3.037	1.193	0.686	1785260566.399
410	100.000	0.084	99.999	3.525	1.139	0.691	1785260566.578
411	100.000	0.002	100.000	3.676	1.062	0.683	1785260566.764
412	100.000	0.067	99.999	3.724	1.033	0.670	1785260566.936
413	100.000	0.196	100.002	3.276	0.939	0.691	1785260567.138
414	100.000	-0.241	100.001	2.513	0.900	0.672	1785260567.344
415	100.000	0.290	100.002	1.747	0.763	0.716	1785260567.495
416	100.000	0.065	99.998	1.339	0.754	0.668	1785260567.702
417	100.000	-0.038	99.999	1.031	0.977	0.639	1785260567.899
418	100.000	-0.114	100.000	0.418	2.437	0.768	1785260568.163
419	100.000	0.022	100.002	0.852	2.316	0.656	1785260568.403
420	100.000	-0.131	100.000	0.901	2.273	0.741	1785260568.598
421	100.000	0.057	99.998	1.310	1.721	0.662	1785260568.767
422	100.000	0.493	99.999	1.729	1.485	0.698	1785260568.967
423	100.000	-0.200	99.996	2.687	1.259	0.648	1785260569.155
424	100.000	-0.246	100.000	3.101	1.170	0.695	1785260569.335
425	100.000	-0.295	99.999	3.507	1.073	0.681	1785260569.516
426	100.000	-0.153	100.001	3.851	1.068	0.653	1785260569.720
427	100.000	0.352	100.001	3.461	0.988	0.685	1785260569.950
428	100.000	0.043	100.001	2.826	0.888	0.697	1785260570.138
429	100.000	-0.091	100.000	2.325	0.918	0.678	1785260570.325
430	100.000	-0.195	99.997	1.704	0.863	0.657	1785260570.511
431	100.000	-0.077	100.005	0.892	0.853	0.717	1785260570.691
432	100.000	-0.023	100.001	0.616	1.775	0.643	1785260570.888
433	100.000	-0.049	100.003	0.536	3.139	0.669	1785260571.080
434	100.000	-0.031	99.998	0.839	2.865	0.664	1785260571.274
435	100.000	-0.163	100.001	0.845	2.378	0.731	1785260571.463
436	100.000	-0.160	100.001	0.896	2.135	0.716	1785260571.626
437	100.000	-0.028	99.997	1.770	1.638	0.664	1785260571.806
438	100.000	0.250	100.001	2.266	1.383	0.690	1785260572.016
439	100.000	0.202	100.002	3.172	1.223	0.675	1785260572.219
440	100.000	-0.298	100.002	3.302	1.142	0.686	1785260572.395
441	100.000	0.200	100.001	3.442	1.063	0.689	1785260572.609
442	100.000	0.101	100.003	3.582	1.103	0.675	1785260572.760
443	100.000	0.043	99.998	3.103	0.929	0.689	1785260572.978
444	100.000	-0.022	99.999	2.783	0.858	0.687	1785260573.209
445	100.000	-0.127	100.008	1.915	0.830	0.664	1785260573.406
446	100.000	-0.126	99.999	1.019	0.834	0.686	1785260573.606
447	100.000	0.335	100.000	0.308	1.769	0.658	1785260573.842
448	100.000	-0.245	99.998	0.776	2.766	0.490	1785260574.057
449	100.000	-0.073	100.002	0.748	2.940	0.664	1785260574.285
450	100.000	-0.227	99.996	0.900	2.255	0.566	1785260574.456
451	100.000	-0.422	100.002	1.238	1.683	0.688	1785260574.679
452	100.000	0.011	100.003	1.931	1.284	0.690	1785260574.867
453	100.000	-0.060	100.005	2.912	1.247	0.656	1785260575.034
454	100.000	-0.145	100.002	3.430	1.178	0.681	1785260575.213
455	100.000	0.308	99.998	3.707	1.102	0.689	1785260575.432
456	100.000	0.478	100.002	3.427	1.009	0.697	1785260575.603
457	100.000	0.022	100.003	3.403	0.941	0.688	1785260575.808
458	100.000	0.114	100.001	2.855	0.836	0.689	1785260575.982
459	100.000	-0.046	100.000	2.394	0.911	0.690	1785260576.192
460	100.000	0.377	100.000	1.580	0.792	0.689	1785260576.451
461	100.000	0.062	100.002	0.600	0.940	0.644	1785260576.681
462	100.000	0.328	99.997	0.444	2.094	0.645	1785260576.860
463	100.000	0.152	99.998	0.640	2.834	0.748	1785260577.046
464	100.000	0.068	99.999	0.992	2.877	0.727	1785260577.228
465	100.000	0.235	100.000	1.075	2.466	0.710	1785260577.414
466	100.000	0.032	100.003	1.085	1.870	0.686	1785260577.609
467	100.000	0.429	100.003	1.899	1.428	0.669	1785260577.816
468	100.000	-0.032	99.999	2.585	1.266	0.689	1785260578.005
469	100.000	-0.078	100.006	3.060	1.161	0.686	1785260578.236
470	100.000	0.145	100.001	3.543	1.115	0.676	1785260578.427
471	100.000	-0.262	99.999	3.433	0.983	0.688	1785260578.598
472	100.000	0.449	99.994	3.245	0.971	0.682	1785260578.800
473	100.000	-0.024	99.999	2.766	0.870	0.670	1785260578.975
474	100.000	0.252	99.999	2.173	0.713	0.682	1785260579.179
475	100.000	-0.186	100.000	1.474	0.644	0.664	1785260579.372
476	100.000	-0.552	100.001	0.608	0.382	0.621	1785260579.566
477	100.000	0.043	99.998	0.144	2.089	0.839	1785260579.799
478	100.000	-0.176	99.998	0.412	3.373	0.729	1785260579.978
479	100.000	-0.228	100.002	0.725	2.632	0.648	1785260580.182
480	100.000	0.084	99.998	0.938	2.220	0.664	1785260580.362
481	100.000	0.010	99.998	1.387	1.668	0.699	1785260580.634
482	100.000	-0.206	100.004	2.590	1.329	0.673	1785260580.861
483	100.000	-0.349	99.997	3.123	1.205	0.697	1785260581.045
484	100.000	0.054	100.006	3.650	1.183	0.677	1785260581.224
485	100.000	0.016	100.001	3.631	1.052	0.699	1785260581.409
486	100.000	0.054	100.000	3.490	0.993	0.681	1785260581.623
487	100.000	0.017	99.998	2.938	0.843	0.670	1785260581.815
488	100.000	-0.219	99.998	2.256	0.786	0.680	1785260582.070
489	100.000	0.103	100.006	1.358	0.652	0.681	1785260582.287
490	100.000	-0.369	99.995	0.491	0.184	0.805	1785260582.487
491	100.000	0.080	99.999	0.179	2.471	0.514	1785260582.686
492	100.000	0.101	99.998	0.595	3.398	0.664	1785260582.869
493	100.000	-0.506	100.000	0.869	3.395	0.664	1785260583.059
494	100.000	0.049	100.000	0.874	2.293	0.627	1785260583.247
495	100.000	0.049	100.002	1.020	1.932	0.688	1785260583.422
496	100.000	-0.080	100.001	1.834	1.535	0.672	1785260583.623
497	100.000	-0.164	100.001	2.572	1.357	0.688	1785260583.802
498	100.000	-0.391	100.001	3.154	1.212	0.706	1785260583.983
499	100.000	0.244	100.001	3.661	1.172	0.687	1785260584.160
500	100.000	-0.085	100.004	3.700	1.083	0.673	1785260584.361
501	100.000	-0.115	100.001	3.561	1.006	0.683	1785260584.548
502	100.000	0.167	99.998	2.864	0.880	0.693	1785260584.736
503	100.000	-0.177	99.999	2.387	0.771	0.675	1785260584.932
504	100.000	0.228	100.000	2.005	0.832	0.655	1785260585.122
505	100.000	-0.102	100.001	1.181	0.695	0.714	1785260585.324
506	100.000	0.030	99.998	0.278	0.957	0.668	1785260585.558
507	100.000	0.044	100.002	0.432	2.532	0.664	1785260585.731
508	100.000	0.000	100.002	0.691	2.971	0.657	1785260585.915
509	100.000	0.271	99.999	0.752	2.816	0.664	1785260586.090
510	100.000	-0.223	99.996	1.065	2.161	0.646	1785260586.285
511	100.000	-0.097	100.003	1.204	1.688	0.673	1785260586.474
512	100.000	-0.016	99.998	1.891	1.353	0.709	1785260586.669
513	100.000	-0.099	99.997	2.858	1.198	0.684	1785260586.867
514	100.000	-0.167	99.996	3.284	1.088	0.707	1785260587.064
515	100.000	0.247	100.003	3.497	1.051	0.687	1785260587.238
516	100.000	-0.258	99.999	3.706	1.008	0.676	1785260587.429
517	100.000	-0.004	100.001	3.285	0.946	0.679	1785260587.618
518	100.000	-0.254	100.001	2.888	0.820	0.681	1785260587.827
519	100.000	0.253	99.997	2.042	0.762	0.661	1785260588.068
520	100.000	-0.098	100.000	1.089	0.749	0.719	1785260588.296
521	100.000	0.148	100.000	0.355	1.553	0.692	1785260588.502
522	100.000	-0.336	99.999	0.561	2.720	0.664	1785260588.673
523	100.000	-0.229	99.997	0.701	2.729	0.664	1785260588.854
524	100.000	-0.064	99.996	1.018	2.491	0.631	1785260589.035
525	100.000	0.212	100.000	1.060	2.129	0.662	1785260589.234
526	100.000	-0.282	100.000	1.766	1.519	0.679	1785260589.491
527	100.000	-0.144	99.998	2.214	1.350	0.683	1785260589.680
528	100.000	-0.234	100.001	3.060	1.249	0.680	1785260589.870
529	100.000	-0.343	100.000	3.445	1.105	0.682	1785260590.049
530	100.000	0.116	99.994	3.742	1.089	0.662	1785260590.249
531	100.000	-0.117	100.000	3.206	0.958	0.681	1785260590.497
532	100.000	0.147	100.001	3.148	0.971	0.651	1785260590.650
533	100.000	-0.171	99.997	2.067	0.640	0.686	1785260590.860
534	100.000	0.215	99.999	1.811	0.655	0.713	1785260591.042
535	100.000	-0.221	99.999	1.003	0.713	0.649	1785260591.223
536	100.000	0.072	99.997	0.078	2.817	0.664	1785260591.429
537	100.000	0.390	100.000	0.443	2.758	0.610	1785260591.612
538	100.000	-0.318	100.001	0.905	2.697	0.664	1785260591.797
539	100.000	0.109	100.002	0.957	2.824	0.664	1785260591.979
540	100.000	0.241	99.998	1.137	2.192	0.681	1785260592.162
541	100.000	-0.027	100.006	1.651	1.741	0.704	1785260592.361
542	100.000	0.028	99.995	2.428	1.455	0.681	1785260592.615
543	100.000	0.158	100.000	3.183	1.285	0.681	1785260592.810
544	100.000	0.238	100.004	3.423	1.159	0.682	1785260592.984
545	100.000	0.278	100.000	3.820	1.102	0.675	1785260593.181
546	100.000	-0.290	100.000	3.366	0.935	0.688	1785260593.369
547	100.000	-0.024	100.001	3.202	0.929	0.664	1785260593.537
548	100.000	0.418	99.997	2.590	0.821	0.666	1785260593.745
549	100.000	-0.038	100.003	1.756	0.667	0.658	1785260594.003
550	100.000	0.325	100.004	0.952	0.567	0.746	1785260594.169
551	100.000	0.405	100.003	0.355	0.789	0.658	1785260594.355
552	100.000	-0.175	100.001	0.354	2.240	0.664	1785260594.546
553	100.000	0.075	99.999	0.763	2.902	0.706	1785260594.732
554	100.000	-0.059	100.000	1.097	2.653	0.717	1785260594.936
555	100.000	0.215	100.000	1.205	2.279	0.746	1785260595.106
556	100.000	-0.226	100.001	1.874	1.698	0.690	1785260595.308
557	100.000	0.662	100.002	2.545	1.453	0.679	1785260595.483
558	100.000	-0.708	100.002	3.129	1.319	0.686	1785260595.670
559	100.000	-0.325	99.996	3.645	1.194	0.679	1785260595.922
560	100.000	0.286	100.001	3.648	1.106	0.682	1785260596.109
561	100.000	-0.195	99.999	3.190	0.969	0.688	1785260596.305
562	100.000	-0.024	99.998	3.505	0.905	0.665	1785260596.476
563	100.000	0.152	99.997	2.595	0.698	0.685	1785260596.685
564	100.000	0.129	100.003	1.786	0.545	0.699	1785260596.858
565	100.000	-0.184	100.000	1.253	0.649	0.699	1785260597.030
566	100.000	0.155	99.998	0.406	0.999	0.554	1785260597.234
567	100.000	0.260	99.997	0.385	2.880	0.766	1785260597.489
568	100.000	0.300	99.999	0.886	3.093	0.664	1785260597.686
569	100.000	-0.228	99.997	0.977	2.692	0.777	1785260597.854
570	100.000	-0.053	100.001	1.117	2.100	0.709	1785260598.056
571	100.000	0.190	100.002	1.663	1.631	0.682	1785260598.220
572	100.000	0.067	100.006	2.595	1.462	0.672	1785260598.420
573	100.000	0.320	100.000	3.200	1.306	0.691	1785260598.601
574	100.000	0.023	99.998	3.569	1.240	0.675	1785260598.776
575	100.000	0.262	99.997	3.724	1.085	0.679	1785260598.990
576	100.000	-0.161	100.002	3.722	1.044	0.701	1785260599.174
577	100.000	0.040	99.999	3.552	0.905	0.675	1785260599.345
578	100.000	-0.009	100.001	2.825	0.784	0.672	1785260599.539
579	100.000	-0.354	99.997	2.246	0.726	0.667	1785260599.716
580	100.000	-0.198	99.997	1.584	0.679	0.680	1785260599.939
581	100.000	0.132	99.999	0.682	0.735	0.664	1785260600.167
582	100.000	-0.111	100.003	0.364	2.271	0.665	1785260600.353
583	100.000	-0.085	99.999	0.625	2.692	0.749	1785260600.567
584	100.000	-0.373	100.001	0.931	2.419	0.664	1785260600.756
585	100.000	0.191	99.994	1.226	2.090	0.678	1785260600.959
586	100.000	-0.542	99.999	1.769	1.749	0.715	1785260601.188
587	100.000	0.048	100.000	2.517	1.441	0.687	1785260601.373
588	100.000	0.142	100.002	3.212	1.288	0.677	1785260601.565
589	100.000	0.313	100.004	3.392	1.191	0.693	1785260601.734
590	100.000	-0.458	99.999	3.984	1.124	0.670	1785260601.931
591	100.000	0.147	99.997	3.584	0.990	0.687	1785260602.104
592	100.000	-0.321	99.998	3.409	0.896	0.688	1785260602.301
593	100.000	-0.307	100.002	3.246	0.854	0.674	1785260602.505
594	100.000	0.018	99.999	2.380	0.741	0.666	1785260602.706
595	100.000	0.038	99.996	1.335	0.717	0.634	1785260602.962
596	100.000	-0.125	100.002	0.363	0.828	0.664	1785260603.208
597	100.000	-0.303	99.998	0.396	2.897	0.664	1785260603.437
598	100.000	0.155	99.998	0.776	2.738	0.766	1785260603.643
599	100.000	0.274	99.997	1.198	2.078	0.646	1785260603.830
600	100.000	-0.119	99.999	1.525	1.663	0.697	1785260604.064
601	100.000	-0.289	99.999	2.052	1.477	0.696	1785260604.256
602	100.000	-0.030	99.995	3.153	1.313	0.674	1785260604.465
603	100.000	-0.120	100.002	3.589	1.137	0.678	1785260604.684
604	100.000	-0.011	100.001	3.768	0.989	0.695	1785260604.884
605	100.000	0.163	99.997	3.782	0.909	0.682	1785260605.133
606	100.000	0.226	100.000	3.439	0.782	0.686	1785260605.314
607	100.000	-0.042	100.000	2.724	0.742	0.675	1785260605.505
608	100.000	0.103	100.003	2.059	0.570	0.672	1785260605.689
609	100.000	0.263	100.000	1.345	0.528	0.684	1785260605.886
610	100.000	0.012	100.002	0.489	0.579	0.574	1785260606.058
611	100.000	0.287	99.999	0.298	4.177	0.664	1785260606.244
612	100.000	0.174	99.999	0.485	2.879	0.714	1785260606.461
613	100.000	-0.256	99.998	0.995	2.364	0.629	1785260606.701
614	100.000	-0.050	100.004	1.565	1.860	0.666	1785260606.945
615	100.000	-0.216	100.002	2.223	1.451	0.681	1785260607.134
616	100.000	0.102	100.002	2.788	1.330	0.661	1785260607.296
617	100.000	-0.327	99.999	3.284	1.222	0.689	1785260607.500
618	100.000	0.253	99.997	3.750	1.115	0.680	1785260607.666
619	100.000	-0.056	100.001	3.774	0.983	0.683	1785260607.879
620	100.000	-0.278	99.997	3.553	0.884	0.672	1785260608.080
621	100.000	-0.181	99.997	3.065	0.765	0.684	1785260608.307
622	100.000	0.144	99.995	2.674	0.629	0.683	1785260608.511
623	100.000	0.166	99.999	1.847	0.667	0.643	1785260608.687
624	100.000	0.133	99.999	1.039	0.597	0.629	1785260608.869
625	100.000	-0.202	100.005	0.275	6.065	0.664	1785260609.085
626	100.000	-0.098	99.998	0.543	2.979	0.664	1785260609.317
627	100.000	0.127	100.001	0.676	2.861	0.696	1785260609.515
628	100.000	-0.287	99.998	0.928	2.146	0.685	1785260609.714
629	100.000	-0.153	100.000	1.577	1.611	0.682	1785260609.938
630	100.000	-0.108	99.999	2.470	1.417	0.684	1785260610.185
631	100.000	0.164	100.002	3.121	1.257	0.684	1785260610.381
632	100.000	-0.160	100.001	3.553	1.118	0.679	1785260610.569
633	100.000	0.465	99.997	3.872	1.020	0.677	1785260610.753
634	100.000	-0.223	99.999	3.671	0.916	0.686	1785260610.957
635	100.000	0.249	100.006	3.392	0.773	0.685	1785260611.192
636	100.000	0.011	100.002	2.786	0.708	0.684	1785260611.388
637	100.000	-0.078	100.002	1.801	0.500	0.736	1785260611.578
638	100.000	-0.114	99.999	1.178	0.614	0.669	1785260611.752
639	100.000	0.244	100.003	0.781	0.661	0.697	1785260611.943
640	100.000	-0.025	100.002	0.253	2.735	0.841	1785260612.142
641	100.000	-0.095	100.000	0.432	2.907	0.686	1785260612.336
642	100.000	-0.027	100.000	0.725	2.324	0.634	1785260612.567
643	100.000	0.177	100.003	1.409	1.806	0.669	1785260612.760
644	100.000	-0.100	100.003	2.101	1.475	0.696	1785260612.962
645	100.000	0.080	99.999	2.764	1.321	0.689	1785260613.187
646	100.000	0.084	100.004	3.337	1.239	0.683	1785260613.390
647	100.000	-0.470	100.001	3.372	1.146	0.691	1785260613.562
648	100.000	0.044	100.001	3.641	1.009	0.684	1785260613.736
649	100.000	-0.007	99.996	3.405	0.911	0.672	1785260613.945
650	100.000	0.106	99.999	3.263	0.877	0.675	1785260614.107
651	100.000	0.010	100.000	2.746	0.778	0.673	1785260614.300
652	100.000	0.180	99.999	1.847	0.716	0.687	1785260614.496
653	100.000	-0.046	100.001	0.938	0.670	0.675	1785260614.682
654	100.000	-0.245	99.999	0.438	0.986	0.641	1785260614.879
655	100.000	-0.123	99.997	0.165	3.827	0.664	1785260615.067
656	100.000	0.098	100.001	0.775	3.165	0.664	1785260615.264
657	100.000	-0.026	100.006	0.840	2.670	0.636	1785260615.429
658	100.000	-0.305	100.002	1.124	2.108	0.768	1785260615.629
659	100.000	0.328	100.000	1.899	1.648	0.677	1785260615.814
660	100.000	0.286	100.002	2.394	1.454	0.674	1785260615.998
661	100.000	-0.012	100.001	2.980	1.331	0.687	1785260616.173
662	100.000	-0.097	99.997	3.373	1.198	0.685	1785260616.353
663	100.000	-0.023	99.997	3.512	1.107	0.678	1785260616.544
664	100.000	0.013	100.001	3.336	0.998	0.684	1785260616.728
665	100.000	0.025	100.003	3.104	0.878	0.691	1785260616.934
666	100.000	0.033	99.996	2.678	0.806	0.675	1785260617.135
667	100.000	0.358	99.997	2.116	0.642	0.679	1785260617.350
668	100.000	0.059	99.999	1.272	0.590	0.740	1785260617.560
669	100.000	0.012	99.999	0.371	0.428	0.767	1785260617.800
670	100.000	0.322	99.999	0.278	3.405	0.664	1785260618.038
671	100.000	-0.078	100.001	0.738	2.925	0.613	1785260618.254
672	100.000	0.460	100.002	0.780	2.185	0.666	1785260618.485
673	100.000	0.056	100.004	1.578	1.717	0.672	1785260618.735
674	100.000	-0.307	100.000	2.174	1.489	0.683	1785260618.931
675	100.000	0.181	99.999	2.932	1.308	0.678	1785260619.156
676	100.000	0.247	99.998	3.532	1.183	0.679	1785260619.340
677	100.000	0.028	99.999	3.190	1.066	0.692	1785260619.566
678	100.000	0.249	100.006	3.058	0.929	0.685	1785260619.812
679	100.000	0.035	99.999	2.553	0.774	0.685	1785260619.979
680	100.000	-0.143	100.003	2.171	0.710	0.675	1785260620.188
681	100.000	0.002	100.003	1.508	0.598	0.687	1785260620.355
682	100.000	0.220	99.997	0.926	0.544	0.669	1785260620.543
683	100.000	-0.040	100.001	0.202	0.672	0.555	1785260620.720
684	100.000	0.046	99.998	0.370	2.684	0.556	1785260620.954
685	100.000	0.065	100.004	0.780	2.775	0.664	1785260621.185
686	100.000	-0.329	99.996	1.253	2.338	0.664	1785260621.417
687	100.000	-0.166	100.001	1.670	1.740	0.685	1785260621.696
688	100.000	0.491	99.999	2.603	1.435	0.694	1785260621.929
689	100.000	-0.065	99.998	3.215	1.291	0.667	1785260622.112
690	100.000	-0.283	99.997	3.394	1.124	0.689	1785260622.354
691	100.000	-0.326	100.001	3.542	1.083	0.691	1785260622.540
692	100.000	-0.164	100.000	3.056	0.917	0.694	1785260622.743
693	100.000	-0.283	100.003	2.903	0.822	0.664	1785260622.916
694	100.000	-0.207	99.998	2.303	0.780	0.663	1785260623.115
695	100.000	-0.216	100.000	1.454	0.569	0.697	1785260623.291
696	100.000	-0.332	100.003	0.800	0.434	0.701	1785260623.495
697	100.000	-0.063	100.000	0.060	4.392	0.664	1785260623.743
698	100.000	0.332	99.998	0.575	3.591	0.664	1785260623.929
699	100.000	-0.114	100.001	0.855	2.649	0.643	1785260624.124
700	100.000	-0.088	100.004	1.000	2.232	0.768	1785260624.319
701	100.000	0.067	100.000	1.571	1.716	0.721	1785260624.532
702	100.000	0.094	100.001	2.354	1.451	0.680	1785260624.743
703	100.000	0.179	100.002	3.143	1.345	0.677	1785260624.904
704	100.000	0.082	100.000	3.578	1.187	0.676	1785260625.129
705	100.000	-0.015	100.002	3.648	1.163	0.684	1785260625.324
706	100.000	-0.015	99.999	3.733	1.002	0.673	1785260625.491
707	100.000	0.009	100.003	3.382	0.908	0.679	1785260625.713
708	100.000	0.100	100.000	2.744	0.805	0.687	1785260625.908
709	100.000	0.119	99.998	1.920	0.595	0.704	1785260626.079
710	100.000	-0.144	100.002	1.309	0.562	0.701	1785260626.255
711	100.000	0.033	99.999	0.817	0.758	0.621	1785260626.455
712	100.000	-0.131	99.998	0.123	1.256	1.050	1785260626.646
713	100.000	-0.304	100.000	0.515	2.778	0.706	1785260626.837
714	100.000	0.064	100.000	1.004	2.778	0.627	1785260627.079
715	100.000	-0.000	100.001	1.146	2.257	0.614	1785260627.313
716	100.000	0.069	99.999	1.984	1.761	0.632	1785260627.485
717	100.000	-0.269	100.002	2.269	1.556	0.702	1785260627.675
718	100.000	-0.196	100.004	3.030	1.417	0.693	1785260627.838
719	100.000	0.174	100.003	3.234	1.268	0.695	1785260628.037
720	100.000	-0.076	99.997	3.318	1.133	0.692	1785260628.229
721	100.000	-0.163	100.000	3.314	0.951	0.694	1785260628.423
722	100.000	0.054	100.000	3.273	0.858	0.683	1785260628.613
723	100.000	0.047	100.002	2.870	0.697	0.692	1785260628.794
724	100.000	-0.103	100.001	2.384	0.589	0.687	1785260628.992
725	100.000	0.165	99.999	1.803	0.579	0.698	1785260629.184
726	100.000	-0.231	100.001	1.167	0.527	0.646	1785260629.366
727	100.000	-0.018	99.997	0.423	0.574	0.598	1785260629.538
728	100.000	-0.013	100.001	0.379	2.724	0.502	1785260629.757
729	100.000	-0.309	100.004	0.651	2.576	0.806	1785260629.988
730	100.000	0.160	99.996	0.871	2.020	0.700	1785260630.165
731	100.000	-0.112	100.000	1.291	1.835	0.712	1785260630.344
732	100.000	0.235	100.000	2.119	1.572	0.667	1785260630.567
733	100.000	0.190	99.996	2.784	1.415	0.696	1785260630.733
734	100.000	0.306	100.003	3.358	1.269	0.683	1785260630.917
735	100.000	0.068	99.999	3.488	1.190	0.682	1785260631.116
736	100.000	0.023	100.000	3.255	1.023	0.700	1785260631.316
737	100.000	0.138	100.003	3.120	0.887	0.692	1785260631.564
738	100.000	0.164	99.997	2.666	0.727	0.711	1785260631.796
739	100.000	0.215	99.999	2.125	0.672	0.677	1785260631.985
740	100.000	0.013	99.999	1.548	0.594	0.662	1785260632.187
741	100.000	0.392	99.997	0.585	0.760	0.724	1785260632.399
742	100.000	-0.454	99.999	0.274	3.160	0.664	1785260632.617
743	100.000	0.132	99.998	0.712	3.125	0.664	1785260632.802
744	100.000	0.317	99.999	0.914	2.630	0.685	1785260632.983
745	100.000	-0.038	100.000	1.108	1.943	0.691	1785260633.184
746	100.000	-0.069	100.003	1.957	1.620	0.677	1785260633.376
747	100.000	-0.091	99.999	2.508	1.394	0.677	1785260633.580
748	100.000	-0.112	99.999	3.210	1.277	0.675	1785260633.750
749	100.000	-0.275	99.998	3.322	1.166	0.694	1785260633.949
750	100.000	0.096	99.999	3.444	1.033	0.688	1785260634.212
751	100.000	-0.112	99.997	3.485	0.865	0.687	1785260634.403
752	100.000	-0.067	100.001	2.926	0.783	0.704	1785260634.582
753	100.000	0.136	100.000	2.486	0.643	0.726	1785260634.777
754	100.000	-0.257	99.999	2.146	0.570	0.686	1785260634.956
755	100.000	0.051	100.002	1.249	0.388	0.665	1785260635.128
756	100.000	-0.036	99.994	0.683	0.536	0.664	1785260635.322
757	100.000	0.160	100.000	0.237	1.543	0.561	1785260635.551
758	100.000	0.147	99.998	0.653	2.685	0.558	1785260635.785
759	100.000	-0.049	100.003	0.842	2.360	0.705	1785260635.974
760	100.000	-0.017	100.002	1.503	1.762	0.692	1785260636.197
761	100.000	0.491	100.000	2.199	1.562	0.671	1785260636.381
762	100.000	-0.113	100.000	2.770	1.401	0.685	1785260636.586
763	100.000	-0.154	99.999	3.141	1.248	0.684	1785260636.767
764	100.000	-0.106	100.000	3.529	1.158	0.684	1785260636.963
765	100.000	-0.004	99.999	3.571	1.041	0.683	1785260637.156
766	100.000	0.177	99.999	3.253	0.900	0.695	1785260637.349
767	100.000	-0.060	100.003	2.953	0.764	0.683	1785260637.569
768	100.000	-0.055	100.000	2.355	0.610	0.673	1785260637.780
769	100.000	-0.187	100.000	1.631	0.367	0.731	1785260638.029
770	100.000	0.222	99.994	0.938	0.117	0.728	1785260638.200
771	100.000	-0.275	100.000	0.157	0.602	0.754	1785260638.421
772	100.000	0.002	100.000	0.706	3.054	0.749	1785260638.589
773	100.000	0.343	100.000	0.825	3.121	0.664	1785260638.792
774	100.000	-0.267	99.995	1.103	2.142	0.674	1785260638.954
775	100.000	0.034	100.002	1.575	1.917	0.690	1785260639.156
776	100.000	-0.072	100.002	2.408	1.533	0.700	1785260639.441
777	100.000	-0.278	100.001	3.102	1.335	0.687	1785260639.665
778	100.000	-0.019	100.002	3.667	1.196	0.690	1785260639.841
779	100.000	0.132	99.997	3.588	1.070	0.681	1785260640.020
780	100.000	0.041	100.004	3.268	0.982	0.683	1785260640.189
781	100.000	0.199	100.003	2.997	0.790	0.703	1785260640.414
782	100.000	-0.039	99.999	2.667	0.685	0.679	1785260640.599
783	100.000	0.083	99.998	2.106	0.630	0.664	1785260640.790
784	100.000	-0.316	100.000	1.377	0.474	0.665	1785260641.013
785	100.000	0.034	99.997	0.407	0.247	0.484	1785260641.255
786	100.000	-0.146	100.001	0.327	3.087	0.725	1785260641.510
787	100.000	-0.158	100.000	0.744	3.033	0.676	1785260641.690
788	100.000	-0.046	100.001	1.234	2.252	0.674	1785260641.874
789	100.000	0.108	100.003	1.446	1.830	0.700	1785260642.083
790	100.000	0.173	99.999	2.243	1.525	0.687	1785260642.265
791	100.000	0.022	100.001	2.682	1.337	0.699	1785260642.435
792	100.000	-0.151	100.000	3.324	1.290	0.682	1785260642.643
793	100.000	0.276	100.000	3.436	1.157	0.688	1785260642.903
794	100.000	-0.237	99.998	3.590	0.993	0.689	1785260643.093
795	100.000	0.189	99.999	3.340	0.898	0.684	1785260643.282
796	100.000	0.012	100.001	2.778	0.722	0.688	1785260643.509
797	100.000	0.050	99.998	2.130	0.542	0.699	1785260643.712
798	100.000	0.433	100.000	1.494	0.462	0.675	1785260643.898
799	100.000	0.201	100.006	0.957	0.264	0.583	1785260644.077
800	100.000	-0.447	99.999	0.203	1.526	0.653	1785260644.282
801	100.000	-0.220	100.001	0.485	2.845	0.520	1785260644.506
802	100.000	0.151	99.997	0.976	2.764	0.734	1785260644.709
803	100.000	0.197	100.001	1.236	2.260	0.699	1785260644.880
804	100.000	-0.289	99.998	2.084	1.766	0.674	1785260645.075
805	100.000	-0.016	100.000	2.557	1.582	0.698	1785260645.269
806	100.000	0.196	100.002	3.119	1.344	0.691	1785260645.462
807	100.000	0.110	100.001	3.525	1.228	0.695	1785260645.636
808	100.000	0.222	100.000	3.349	1.159	0.689	1785260645.833
809	100.000	-0.043	100.002	3.504	1.031	0.680	1785260646.014
810	100.000	-0.114	100.002	3.209	0.860	0.682	1785260646.224
811	100.000	0.123	100.002	2.732	0.715	0.679	1785260646.441
812	100.000	0.358	99.998	2.114	0.491	0.677	1785260646.637
813	100.000	-0.023	100.002	1.482	0.379	0.716	1785260646.812
814	100.000	0.166	99.997	0.718	0.178	0.664	1785260646.999
815	100.000	0.112	100.003	0.204	0.172	0.872	1785260647.237
816	100.000	-0.078	99.999	0.418	3.035	0.664	1785260647.463
817	100.000	-0.188	100.004	0.955	2.507	0.625	1785260647.646
818	100.000	-0.071	99.999	1.346	2.140	0.700	1785260647.825
819	100.000	0.142	100.002	1.818	1.671	0.687	1785260648.032
820	100.000	0.091	99.999	2.588	1.457	0.692	1785260648.280
821	100.000	0.227	99.999	3.313	1.301	0.682	1785260648.468
822	100.000	0.007	100.002	3.608	1.114	0.687	1785260648.699
823	100.000	0.121	100.001	3.654	1.065	0.680	1785260648.885
824	100.000	0.243	100.000	3.177	0.872	0.701	1785260649.060
825	100.000	0.156	100.002	2.780	0.777	0.687	1785260649.258
826	100.000	0.014	100.001	2.346	0.582	0.721	1785260649.445
827	100.000	-0.184	100.001	1.732	0.398	0.702	1785260649.646
828	100.000	-0.110	99.999	1.074	0.192	0.692	1785260649.841
829	100.000	-0.324	100.003	0.233	6.040	0.664	1785260650.034
830	100.000	-0.080	99.999	0.286	3.738	0.664	1785260650.269
831	100.000	-0.256	100.001	0.773	3.251	0.664	1785260650.443
832	100.000	-0.152	99.997	1.050	2.292	0.664	1785260650.618
833	100.000	-0.002	100.000	1.622	2.069	0.639	1785260650.808
834	100.000	-0.026	99.995	1.989	1.768	0.681	1785260651.006
835	100.000	0.277	100.001	2.834	1.428	0.679	1785260651.228
836	100.000	0.041	99.995	3.197	1.325	0.694	1785260651.461
837	100.000	-0.201	100.001	3.721	1.157	0.679	1785260651.639
838	100.000	0.155	100.000	3.638	1.063	0.680	1785260651.842
839	100.000	-0.268	100.001	3.263	0.938	0.689	1785260652.020
840	100.000	0.120	100.001	2.735	0.755	0.677	1785260652.188
841	100.000	0.238	99.998	2.374	0.601	0.679	1785260652.388
842	100.000	-0.000	100.000	1.696	0.362	0.699	1785260652.630
843	100.000	-0.150	100.000	0.826	6.203	0.750	1785260652.836
844	100.000	0.032	100.000	0.330	5.138	0.664	1785260653.018
845	100.000	-0.087	100.001	0.499	3.845	0.694	1785260653.215
846	100.000	-0.455	100.002	0.758	2.867	0.519	1785260653.411
847	100.000	0.157	99.994	0.909	2.273	0.689	1785260653.584
848	100.000	0.068	100.004	1.675	1.826	0.661	1785260653.764
849	100.000	-0.187	99.998	2.159	1.616	0.693	1785260653.942
850	100.000	0.205	99.998	2.823	1.400	0.697	1785260654.145
851	100.000	-0.083	100.002	3.268	1.291	0.691	1785260654.334
852	100.000	0.110	99.997	3.589	1.190	0.678	1785260654.522
853	100.000	-0.224	99.998	3.744	1.104	0.671	1785260654.712
854	100.000	-0.151	100.007	3.113	0.937	0.704	1785260654.912
855	100.000	-0.096	99.995	2.807	0.780	0.692	1785260655.164
856	100.000	-0.203	100.000	2.134	0.598	0.673	1785260655.406
857	100.000	0.011	99.995	1.299	0.396	0.681	1785260655.591
858	100.000	0.121	100.002	0.641	0.061	0.664	1785260655.841
859	100.000	0.193	99.999	0.548	4.279	0.664	1785260656.018
860	100.000	-0.128	100.000	0.684	3.027	0.664	1785260656.192
861	100.000	-0.238	99.997	0.883	3.158	0.664	1785260656.385
862	100.000	-0.076	100.000	1.250	2.139	0.653	1785260656.554
863	100.000	0.393	99.999	1.698	1.834	0.693	1785260656.772
864	100.000	-0.031	100.005	2.374	1.475	0.688	1785260656.967
865	100.000	0.238	100.006	3.164	1.392	0.678	1785260657.159
866	100.000	0.034	100.000	3.560	1.230	0.682	1785260657.398
867	100.000	-0.068	99.999	3.451	1.114	0.706	1785260657.575
868	100.000	-0.360	99.999	3.331	1.023	0.696	1785260657.777
869	100.000	0.211	100.000	3.284	0.912	0.679	1785260657.945
870	100.000	-0.316	99.999	2.594	0.786	0.672	1785260658.214
871	100.000	0.191	100.000	1.767	0.575	0.651	1785260658.416
872	100.000	-0.033	100.003	0.972	0.254	0.668	1785260658.652
873	100.000	0.205	100.000	0.336	5.538	0.664	1785260658.822
874	100.000	0.243	100.000	0.183	4.919	0.664	1785260659.004
875	100.000	-0.039	99.999	0.588	3.072	0.682	1785260659.194
876	100.000	0.337	99.998	1.035	2.823	0.664	1785260659.365
877	100.000	0.514	99.995	1.142	2.252	0.716	1785260659.579
878	100.000	-0.424	100.000	1.579	1.784	0.684	1785260659.762
879	100.000	0.113	100.001	2.460	1.573	0.705	1785260659.983
880	100.000	-0.192	99.995	2.793	1.348	0.693	1785260660.161
881	100.000	0.208	99.995	3.488	1.219	0.683	1785260660.335
882	100.000	0.129	99.998	3.631	1.096	0.682	1785260660.545
883	100.000	0.226	100.003	3.671	0.985	0.681	1785260660.785
884	100.000	-0.101	100.004	2.995	0.808	0.690	1785260660.990
885	100.000	-0.073	100.003	2.183	0.683	0.693	1785260661.221
886	100.000	0.119	100.000	1.508	0.447	0.674	1785260661.401
887	100.000	0.227	99.999	0.798	0.396	0.729	1785260661.585
888	100.000	0.276	100.004	0.526	5.063	0.664	1785260661.785
889	100.000	0.049	100.002	0.487	3.550	0.664	1785260662.038
890	100.000	0.086	99.996	0.771	2.583	0.544	1785260662.244
891	100.000	-0.465	100.001	1.012	2.199	0.707	1785260662.471
892	100.000	0.131	99.999	1.778	1.668	0.702	1785260662.728
893	100.000	-0.002	99.999	2.632	1.522	0.683	1785260662.921
894	100.000	-0.009	100.004	3.374	1.305	0.688	1785260663.114
895	100.000	0.138	99.998	3.483	1.149	0.690	1785260663.327
896	100.000	0.309	100.002	3.560	1.033	0.692	1785260663.534
897	100.000	0.402	100.003	3.440	0.923	0.676	1785260663.788
898	100.000	0.295	100.001	3.067	0.757	0.696	1785260663.978
899	100.000	-0.135	100.002	2.283	0.611	0.689	1785260664.160
900	100.000	-0.143	99.999	1.663	0.541	0.706	1785260664.328
901	100.000	-0.129	100.000	1.115	0.366	0.667	1785260664.549
902	100.000	0.458	100.000	0.200	5.125	0.664	1785260664.722
903	100.000	0.103	100.001	0.540	3.052	0.433	1785260664.911
904	100.000	0.004	100.001	0.825	2.822	0.736	1785260665.080
905	100.000	0.137	99.999	1.288	2.392	0.677	1785260665.262
906	100.000	0.159	99.996	1.425	2.178	0.711	1785260665.473
907	100.000	-0.063	100.003	2.101	1.704	0.682	1785260665.656
908	100.000	-0.096	100.000	2.563	1.557	0.678	1785260665.857
909	100.000	0.152	99.998	3.107	1.402	0.685	1785260666.054
910	100.000	-0.497	99.997	3.580	1.225	0.691	1785260666.282
911	100.000	0.233	100.005	3.520	1.089	0.695	1785260666.462
912	100.000	0.270	99.998	3.228	0.969	0.678	1785260666.642
913	100.000	-0.178	100.004	2.967	0.895	0.697	1785260666.836
914	100.000	-0.141	100.004	2.516	0.760	0.686	1785260667.020
915	100.000	0.229	100.001	1.960	0.660	0.665	1785260667.189
916	100.000	-0.457	100.000	1.126	0.490	0.702	1785260667.416
917	100.000	-0.206	99.995	0.369	0.448	0.616	1785260667.595
918	100.000	-0.161	100.000	0.258	2.802	0.749	1785260667.783
919	100.000	0.581	100.002	0.727	3.002	0.664	1785260668.019
920	100.000	0.423	100.001	0.947	2.434	0.690	1785260668.221
921	100.000	0.385	100.004	1.721	2.133	0.646	1785260668.409
922	100.000	-0.253	100.002	2.166	1.681	0.697	1785260668.598
923	100.000	-0.060	100.003	2.804	1.511	0.681	1785260668.817
924	100.000	-0.155	100.002	3.558	1.330	0.690	1785260669.038
925	100.000	-0.184	99.993	3.879	1.234	0.679	1785260669.236
926	100.000	-0.119	99.998	3.567	1.088	0.689	1785260669.425
927	100.000	-0.016	100.000	3.588	1.035	0.669	1785260669.601
928	100.000	0.024	99.998	3.077	0.888	0.673	1785260669.822
929	100.000	0.106	100.001	2.429	0.739	0.684	1785260670.043
930	100.000	0.079	99.998	1.552	0.544	0.679	1785260670.257
931	100.000	0.050	100.005	0.750	0.328	0.607	1785260670.457
932	100.000	0.453	99.996	0.295	1.199	0.580	1785260670.638
933	100.000	-0.391	99.999	0.767	2.722	0.614	1785260670.850
934	100.000	-0.032	99.999	1.047	2.486	0.632	1785260671.119
935	100.000	0.292	100.000	1.628	2.016	0.665	1785260671.355
936	100.000	-0.113	99.999	2.255	1.668	0.697	1785260671.611
937	100.000	0.139	100.002	3.074	1.452	0.684	1785260671.801
938	100.000	-0.071	100.003	3.254	1.301	0.685	1785260672.035
939	100.000	0.057	100.002	3.450	1.148	0.689	1785260672.303
940	100.000	-0.157	99.997	3.333	1.028	0.677	1785260672.533
941	100.000	0.055	99.999	2.971	0.830	0.687	1785260672.736
942	100.000	0.379	100.001	2.354	0.570	0.717	1785260672.910
943	100.000	-0.405	100.001	1.683	0.585	0.664	1785260673.082
944	100.000	-0.009	100.004	1.107	0.472	0.670	1785260673.257
945	100.000	0.047	100.001	0.403	0.628	0.669	1785260673.462
946	100.000	0.259	100.000	0.378	2.305	0.565	1785260673.674
947	100.000	-0.136	100.000	0.755	2.877	0.664	1785260673.862
948	100.000	0.221	100.002	1.069	2.436	0.762	1785260674.059
949	100.000	0.146	100.001	1.352	2.171	0.692	1785260674.209
950	100.000	0.173	99.997	2.096	1.790	0.691	1785260674.425
951	100.000	0.413	100.000	2.638	1.584	0.690	1785260674.665
952	100.000	0.240	100.003	3.302	1.346	0.675	1785260674.926
953	100.000	-0.017	99.997	3.497	1.158	0.690	1785260675.142
954	100.000	0.179	100.003	3.382	0.997	0.699	1785260675.341
955	100.000	-0.154	100.001	3.181	0.912	0.683	1785260675.517
956	100.000	-0.057	100.000	2.701	0.825	0.684	1785260675.721
957	100.000	-0.090	100.002	1.926	0.571	0.683	1785260675.979
958	100.000	-0.028	100.000	1.139	0.197	0.711	1785260676.202
959	100.000	-0.457	100.000	0.228	6.088	0.545	1785260676.410
960	100.000	-0.052	100.001	0.445	3.234	0.664	1785260676.611
961	100.000	-0.005	100.002	0.778	3.370	0.664	1785260676.795
962	100.000	-0.145	99.997	1.097	2.402	0.712	1785260677.033
963	100.000	-0.154	100.001	1.700	1.956	0.663	1785260677.241
964	100.000	-0.199	99.999	2.318	1.603	0.681	1785260677.477
965	100.000	0.177	100.001	3.267	1.474	0.683	1785260677.670
966	100.000	-0.139	99.999	3.296	1.272	0.700	1785260677.864
967	100.000	0.131	100.003	3.563	1.207	0.670	1785260678.025
968	100.000	-0.074	100.000	3.281	1.048	0.690	1785260678.226
969	100.000	0.161	99.998	3.475	0.947	0.675	1785260678.406
970	100.000	-0.138	100.001	2.904	0.776	0.687	1785260678.589
971	100.000	-0.039	100.001	2.406	0.666	0.683	1785260678.781
972	100.000	-0.187	100.001	1.838	0.532	0.663	1785260678.980
973	100.000	0.153	100.003	0.983	0.271	0.668	1785260679.150
974	100.000	-0.297	100.004	0.414	5.803	0.664	1785260679.351
975	100.000	0.128	100.001	0.327	3.158	0.664	1785260679.525
976	100.000	-0.253	100.000	0.758	2.913	0.591	1785260679.720
977	100.000	-0.140	100.003	1.030	2.634	0.733	1785260679.921
978	100.000	-0.061	99.999	1.751	1.967	0.652	1785260680.125
979	100.000	0.017	99.999	2.037	1.852	0.705	1785260680.309
980	100.000	0.049	100.002	2.414	1.584	0.706	1785260680.520
981	100.000	0.124	99.999	3.198	1.431	0.674	1785260680.711
982	100.000	-0.176	100.003	3.338	1.256	0.695	1785260680.910
983	100.000	-0.209	100.001	3.372	1.098	0.687	1785260681.174
984	100.000	-0.402	100.000	3.372	0.898	0.687	1785260681.365
985	100.000	0.246	100.001	2.684	0.713	0.686	1785260681.552
986	100.000	-0.184	99.997	2.395	0.540	0.690	1785260681.717
987	100.000	0.099	100.000	1.854	0.423	0.667	1785260681.943
988	100.000	-0.014	99.998	0.975	0.179	0.715	1785260682.171
989	100.000	0.066	99.997	0.355	6.064	0.664	1785260682.367
990	100.000	-0.156	100.002	0.325	3.607	0.664	1785260682.550
991	100.000	0.356	99.998	0.617	2.546	0.660	1785260682.761
992	100.000	-0.028	100.001	1.349	2.075	0.669	1785260682.979
993	100.000	-0.044	100.004	1.921	1.751	0.714	1785260683.179
994	100.000	0.157	100.001	2.741	1.599	0.675	1785260683.435
995	100.000	0.155	100.000	3.207	1.402	0.682	1785260683.608
996	100.000	0.130	99.999	3.563	1.284	0.683	1785260683.810
997	100.000	-0.087	100.001	3.885	1.178	0.663	1785260683.982
998	100.000	-0.080	99.998	3.598	1.030	0.675	1785260684.180
999	100.000	-0.061	99.997	3.211	0.822	0.684	1785260684.382
1000	100.000	-0.016	100.002	2.858	0.742	0.674	1785260684.595
1001	100.000	-0.097	100.002	1.999	0.605	0.649	1785260684.817
1002	100.000	-0.349	100.003	1.179	0.336	0.633	1785260685.070
1003	100.000	0.003	100.001	0.322	4.852	0.664	1785260685.279
1004	100.000	0.202	100.006	0.624	3.871	0.664	1785260685.494
1005	100.000	-0.005	100.002	1.004	2.894	0.660	1785260685.687
1006	100.000	-0.069	100.001	1.250	2.431	0.762	1785260685.876
1007	100.000	0.233	100.001	1.855	1.950	0.698	1785260686.129
1008	100.000	-0.387	100.001	2.572	1.644	0.693	1785260686.357
1009	100.000	-0.328	100.001	3.236	1.481	0.691	1785260686.542
1010	100.000	0.301	100.000	3.607	1.302	0.677	1785260686.748
1011	100.000	-0.308	99.999	3.340	1.166	0.687	1785260686.940
1012	100.000	-0.055	99.997	3.535	1.051	0.681	1785260687.122
1013	100.000	-0.237	100.003	3.304	0.956	0.681	1785260687.304
1014	100.000	0.324	100.000	2.771	0.859	0.674	1785260687.485
1015	100.000	0.025	99.998	2.176	0.628	0.662	1785260687.694
1016	100.000	-0.013	99.996	1.533	0.376	0.653	1785260687.940
1017	100.000	0.003	100.000	0.452	5.951	0.664	1785260688.171
1018	100.000	0.131	100.000	0.059	4.798	0.664	1785260688.363
1019	100.000	-0.227	99.999	0.536	3.574	0.664	1785260688.559
1020	100.000	-0.229	99.998	1.009	2.379	0.671	1785260688.738
1021	100.000	0.047	100.004	1.630	2.054	0.660	1785260688.909
1022	100.000	-0.276	99.999	2.228	1.775	0.685	1785260689.101
1023	100.000	0.049	100.004	2.800	1.621	0.674	1785260689.282
1024	100.000	0.404	99.999	3.312	1.474	0.675	1785260689.485
1025	100.000	-0.332	99.995	3.807	1.348	0.681	1785260689.700
1026	100.000	-0.067	100.002	3.668	1.157	0.683	1785260689.927
1027	100.000	-0.219	100.001	3.477	1.032	0.674	1785260690.097
1028	100.000	-0.032	99.997	2.945	0.931	0.696	1785260690.310
1029	100.000	0.042	99.996	2.482	0.764	0.666	1785260690.555
1030	100.000	0.023	99.997	1.287	0.589	0.657	1785260690.800
1031	100.000	0.079	100.001	0.684	5.885	0.664	1785260691.000
1032	100.000	0.188	100.004	0.185	4.868	0.664	1785260691.245
1033	100.000	-0.067	100.003	0.564	3.153	0.664	1785260691.490
1034	100.000	-0.063	99.999	1.102	2.364	0.675	1785260691.689
1035	100.000	-0.150	100.004	1.445	2.085	0.646	1785260691.871
1036	100.000	0.182	99.999	2.156	1.675	0.699	1785260692.121
1037	100.000	0.061	100.002	2.918	1.481	0.688	1785260692.312
1038	100.000	-0.105	100.000	3.513	1.343	0.679	1785260692.506
1039	100.000	0.180	100.000	3.720	1.152	0.680	1785260692.722
1040	100.000	-0.061	100.005	3.589	1.043	0.691	1785260692.917
1041	100.000	0.115	99.999	3.473	0.912	0.683	1785260693.078
1042	100.000	-0.092	100.002	3.015	0.789	0.684	1785260693.293
1043	100.000	-0.107	100.001	2.427	0.697	0.693	1785260693.498
1044	100.000	-0.312	99.998	1.597	0.359	0.664	1785260693.742
1045	100.000	-0.184	99.997	0.827	5.792	0.664	1785260693.927
1046	100.000	-0.145	99.999	0.188	5.377	0.664	1785260694.113
1047	100.000	0.063	100.004	0.356	3.440	0.664	1785260694.313
1048	100.000	-0.269	100.001	0.832	3.099	0.707	1785260694.559
1049	100.000	-0.019	100.000	1.428	2.173	0.677	1785260694.746
1050	100.000	0.089	100.000	1.915	1.933	0.676	1785260694.943
1051	100.000	-0.378	100.003	2.701	1.594	0.684	1785260695.183
1052	100.000	-0.192	100.002	3.302	1.436	0.691	1785260695.356
1053	100.000	0.084	100.001	3.541	1.283	0.673	1785260695.543
1054	100.000	0.021	99.999	3.564	1.194	0.681	1785260695.723
1055	100.000	-0.045	100.002	3.552	1.004	0.681	1785260695.923
1056	100.000	-0.022	99.996	3.102	0.879	0.681	1785260696.113
1057	100.000	-0.241	100.003	2.535	0.768	0.701	1785260696.318
1058	100.000	0.226	99.999	1.902	0.405	0.703	1785260696.556
1059	100.000	-0.130	100.000	1.246	0.218	0.664	1785260696.733
1060	100.000	0.070	99.999	0.656	6.135	0.664	1785260696.910
1061	100.000	-0.011	99.998	0.522	5.161	0.664	1785260697.090
1062	100.000	0.204	99.999	0.430	3.969	0.664	1785260697.265
1063	100.000	0.097	100.002	0.656	2.975	0.537	1785260697.486
1064	100.000	0.094	100.001	1.070	2.075	0.733	1785260697.676
1065	100.000	-0.028	99.996	1.786	1.837	0.672	1785260697.876
1066	100.000	0.032	100.000	2.385	1.635	0.706	1785260698.070
1067	100.000	0.156	100.002	3.082	1.459	0.688	1785260698.306
1068	100.000	0.306	100.005	3.387	1.310	0.683	1785260698.506
1069	100.000	0.276	100.002	3.562	1.103	0.685	1785260698.756
1070	100.000	0.166	99.997	3.452	0.961	0.666	1785260698.936
1071	100.000	0.004	100.002	2.822	0.776	0.688	1785260699.123
1072	100.000	0.161	100.001	2.437	0.597	0.686	1785260699.333
1073	100.000	-0.074	99.999	1.711	0.350	0.679	1785260699.499
1074	100.000	-0.400	100.002	1.193	0.172	0.658	1785260699.704
1075	100.000	0.317	99.996	0.521	5.663	0.634	1785260699.958
1076	100.000	-0.253	100.001	0.365	4.541	0.664	1785260700.119
1077	100.000	0.151	99.998	0.719	3.000	0.664	1785260700.334
1078	100.000	0.179	100.002	0.954	2.434	0.618	1785260700.556
1079	100.000	0.195	99.999	1.682	2.018	0.676	1785260700.748
1080	100.000	0.309	100.003	2.362	1.714	0.685	1785260700.934
1081	100.000	-0.143	99.997	2.843	1.491	0.690	1785260701.157
1082	100.000	-0.059	100.000	3.439	1.335	0.687	1785260701.386
1083	100.000	-0.046	100.002	3.574	1.187	0.690	1785260701.573
1084	100.000	-0.377	100.001	3.777	1.067	0.676	1785260701.747
1085	100.000	0.215	100.000	3.237	0.879	0.694	1785260701.956
1086	100.000	-0.035	100.002	2.818	0.723	0.682	1785260702.181
1087	100.000	-0.104	100.001	2.232	0.598	0.678	1785260702.388
1088	100.000	-0.367	100.003	1.304	0.451	0.634	1785260702.575
1089	100.000	0.212	100.001	0.842	5.951	0.664	1785260702.748
1090	100.000	0.013	99.999	0.352	5.041	0.664	1785260702.936
1091	100.000	-0.082	99.995	0.703	4.235	0.664	1785260703.127
1092	100.000	-0.257	100.004	0.782	3.434	0.664	1785260703.335
1093	100.000	-0.294	100.002	1.259	2.225	0.668	1785260703.562
1094	100.000	-0.009	100.001	1.981	1.827	0.678	1785260703.829
1095	100.000	-0.335	100.002	2.659	1.500	0.690	1785260704.024
1096	100.000	0.218	100.002	3.180	1.324	0.679	1785260704.247
1097	100.000	0.033	100.001	3.421	1.180	0.676	1785260704.431
1098	100.000	-0.034	100.001	3.408	1.029	0.679	1785260704.626
1099	100.000	-0.018	100.001	3.194	0.904	0.693	1785260704.820
1100	100.000	0.436	100.002	3.021	0.794	0.682	1785260705.020
1101	100.000	0.153	99.998	2.262	0.605	0.699	1785260705.255
1102	100.000	-0.114	100.003	1.659	0.394	0.665	1785260705.442
1103	100.000	-0.542	100.004	0.997	0.159	0.623	1785260705.612
1104	100.000	0.105	99.998	0.607	4.942	0.664	1785260705.791
1105	100.000	0.174	100.000	0.692	4.297	0.664	1785260705.989
1106	100.000	-0.316	100.004	0.661	2.938	0.664	1785260706.169
1107	100.000	-0.145	99.997	1.032	2.571	0.721	1785260706.393
1108	100.000	0.629	99.999	1.589	1.920	0.688	1785260706.629
1109	100.000	-0.334	100.002	2.260	1.622	0.700	1785260706.834
1110	100.000	-0.360	100.001	3.089	1.412	0.683	1785260707.086
1111	100.000	0.020	99.999	3.521	1.267	0.689	1785260707.330
1112	100.000	-0.051	100.000	3.839	1.149	0.677	1785260707.496
1113	100.000	-0.165	99.999	3.426	1.014	0.681	1785260707.679
1114	100.000	0.060	100.001	3.376	0.863	0.668	1785260707.876
1115	100.000	-0.174	99.998	2.660	0.656	0.704	1785260708.054
1116	100.000	-0.277	99.997	1.920	0.455	0.666	1785260708.259
1117	100.000	-0.076	100.003	1.273	0.184	0.652	1785260708.516
1118	100.000	0.281	100.000	0.513	5.887	0.664	1785260708.746
1119	100.000	-0.444	99.996	0.153	4.393	0.664	1785260708.940
1120	100.000	0.120	100.000	0.578	3.794	0.664	1785260709.112
1121	100.000	-0.186	100.000	0.659	2.590	0.736	1785260709.316
1122	100.000	-0.155	100.000	1.302	1.926	0.696	1785260709.500
1123	100.000	-0.266	99.997	2.067	1.660	0.692	1785260709.679
1124	100.000	0.341	100.000	2.560	1.489	0.679	1785260709.890
1125	100.000	-0.169	100.003	3.269	1.298	0.683	1785260710.073
1126	100.000	0.096	100.003	3.498	1.171	0.686	1785260710.269
1127	100.000	0.475	100.000	3.796	1.044	0.666	1785260710.439
1128	100.000	-0.006	100.003	3.425	0.932	0.686	1785260710.632
1129	100.000	-0.189	99.998	3.145	0.749	0.691	1785260710.812
1130	100.000	0.019	99.998	2.793	0.656	0.662	1785260710.976
1131	100.000	0.026	99.999	1.983	0.483	0.709	1785260711.191
1132	100.000	0.260	99.997	1.509	0.348	0.638	1785260711.373
1133	100.000	0.166	99.998	0.919	6.236	0.664	1785260711.555
1134	100.000	-0.038	100.001	0.570	5.059	0.664	1785260711.735
1135	100.000	-0.062	100.002	0.616	4.183	0.664	1785260711.920
1136	100.000	0.037	99.996	0.845	3.369	0.664	1785260712.143
1137	100.000	-0.383	100.005	1.026	2.291	0.683	1785260712.369
1138	100.000	-0.125	100.000	1.863	1.934	0.682	1785260712.572
1139	100.000	-0.435	99.997	2.415	1.603	0.700	1785260712.809
1140	100.000	-0.209	100.000	3.085	1.368	0.681	1785260713.000
1141	100.000	0.217	99.999	3.557	1.263	0.679	1785260713.200
1142	100.000	0.003	99.997	3.411	1.104	0.688	1785260713.376
1143	100.000	0.264	99.999	3.354	0.944	0.673	1785260713.550
1144	100.000	-0.459	100.001	3.111	0.799	0.692	1785260713.748
1145	100.000	0.435	99.997	2.714	0.719	0.675	1785260713.935
1146	100.000	0.006	100.000	1.992	0.475	0.686	1785260714.142
1147	100.000	-0.092	100.002	1.561	0.311	0.689	1785260714.313
1148	100.000	0.005	100.003	0.906	0.080	0.664	1785260714.498
1149	100.000	0.169	99.997	0.372	5.140	0.664	1785260714.703
1150	100.000	-0.097	100.000	0.293	3.406	0.664	1785260714.882
1151	100.000	-0.292	100.006	0.578	3.206	0.664	1785260715.078
1152	100.000	-0.459	100.000	1.260	2.298	0.659	1785260715.263
1153	100.000	-0.100	100.000	1.708	2.050	0.656	1785260715.461
1154	100.000	-0.062	100.003	2.525	1.694	0.665	1785260715.648
1155	100.000	-0.094	100.003	3.058	1.544	0.683	1785260715.837
1156	100.000	-0.199	99.997	3.347	1.306	0.686	1785260716.032
1157	100.000	-0.045	100.000	3.556	1.194	0.689	1785260716.261
1158	100.000	-0.022	100.000	3.683	1.053	0.678	1785260716.457
1159	100.000	-0.275	100.002	3.026	0.898	0.684	1785260716.653
1160	100.000	0.141	100.007	2.978	0.778	0.647	1785260716.840
1161	100.000	-0.153	100.004	2.280	0.529	0.691	1785260717.030
1162	100.000	-0.007	99.999	1.601	0.234	0.710	1785260717.219
1163	100.000	0.098	99.998	1.032	0.046	0.666	1785260717.425
1164	100.000	0.023	99.997	0.535	5.347	0.664	1785260717.652
1165	100.000	0.177	100.000	0.554	3.727	0.664	1785260717.883
1166	100.000	-0.138	100.002	0.751	3.079	0.664	1785260718.093
1167	100.000	0.226	100.004	1.194	2.343	0.701	1785260718.282
1168	100.000	0.075	100.004	1.955	1.814	0.691	1785260718.496
1169	100.000	-0.099	100.000	2.573	1.604	0.681	1785260718.697
1170	100.000	-0.232	100.003	3.236	1.522	0.680	1785260718.878
1171	100.000	0.168	100.000	3.172	1.331	0.687	1785260719.086
1172	100.000	0.056	99.997	3.769	1.158	0.685	1785260719.283
1173	100.000	0.087	99.999	3.381	0.964	0.682	1785260719.511
1174	100.000	-0.257	99.999	3.225	0.868	0.679	1785260719.713
1175	100.000	0.445	99.996	2.799	0.733	0.672	1785260719.881
1176	100.000	-0.111	100.001	1.876	0.310	0.693	1785260720.080
1177	100.000	0.431	100.002	1.350	0.260	0.714	1785260720.252
1178	100.000	0.017	100.002	0.862	0.075	0.651	1785260720.440
1179	100.000	-0.313	99.997	0.144	5.631	0.664	1785260720.659
1180	100.000	-0.387	100.000	0.583	3.291	0.664	1785260720.882
1181	100.000	-0.546	100.002	0.976	2.638	0.541	1785260721.101
1182	100.000	0.180	100.000	1.436	2.190	0.664	1785260721.318
1183	100.000	0.312	100.001	2.288	1.810	0.668	1785260721.494
1184	100.000	0.117	100.001	2.668	1.558	0.677	1785260721.695
1185	100.000	-0.409	100.000	2.935	1.453	0.698	1785260721.892
1186	100.000	-0.053	100.002	3.342	1.230	0.680	1785260722.150
1187	100.000	-0.264	99.999	3.110	1.020	0.685	1785260722.351
1188	100.000	0.145	99.999	3.048	0.853	0.690	1785260722.586
1189	100.000	0.105	99.999	2.588	0.646	0.673	1785260722.788
1190	100.000	-0.047	99.996	1.792	0.377	0.664	1785260723.038
1191	100.000	-0.114	99.999	1.143	6.002	0.664	1785260723.207
1192	100.000	0.053	100.001	0.803	5.540	0.664	1785260723.394
1193	100.000	0.344	100.000	0.828	4.645	0.664	1785260723.616
1194	100.000	0.433	100.002	0.657	3.560	0.664	1785260723.852
1195	100.000	0.136	100.000	1.076	2.261	0.642	1785260724.048
1196	100.000	0.236	100.000	1.650	1.918	0.660	1785260724.235
1197	100.000	-0.015	100.000	2.402	1.715	0.674	1785260724.491
1198	100.000	0.007	100.000	3.036	1.496	0.684	1785260724.731
1199	100.000	-0.055	100.000	3.281	1.298	0.692	1785260724.927
1200	100.000	-0.039	100.001	3.546	1.199	0.668	1785260725.102
1201	100.000	-0.158	99.999	3.483	1.095	0.677	1785260725.282
1202	100.000	0.210	100.004	3.018	0.907	0.690	1785260725.467
1203	100.000	0.224	100.001	2.751	0.745	0.664	1785260725.645
1204	100.000	0.249	100.002	2.347	0.681	0.673	1785260725.854
1205	100.000	0.242	99.998	1.325	0.322	0.698	1785260726.100
1206	100.000	-0.156	99.999	0.940	5.806	0.664	1785260726.300
1207	100.000	0.094	99.997	0.393	5.492	0.664	1785260726.466
1208	100.000	0.135	99.999	0.748	4.054	0.664	1785260726.669
1209	100.000	-0.110	100.002	0.622	2.799	0.664	1785260726.919
1210	100.000	0.012	100.000	1.471	1.965	0.672	1785260727.167
1211	100.000	-0.006	99.999	2.204	1.767	0.673	1785260727.347
1212	100.000	0.195	99.998	2.715	1.556	0.697	1785260727.553
1213	100.000	-0.108	100.000	3.442	1.409	0.683	1785260727.799
1214	100.000	0.315	99.996	3.625	1.202	0.683	1785260728.055
1215	100.000	0.111	99.999	3.248	1.040	0.692	1785260728.280
1216	100.000	0.105	99.998	2.986	0.834	0.708	1785260728.475
1217	100.000	0.351	100.001	2.431	0.669	0.691	1785260728.660
1218	100.000	0.314	100.001	1.940	0.544	0.691	1785260728.865
1219	100.000	-0.044	100.002	1.140	0.177	0.611	1785260729.100
1220	100.000	0.273	100.004	0.506	5.735	0.700	1785260729.268
1221	100.000	0.074	99.997	0.713	4.518	0.664	1785260729.473
1222	100.000	0.116	100.001	0.610	3.626	0.664	1785260729.642
1223	100.000	-0.011	99.999	0.918	2.801	0.639	1785260729.856
1224	100.000	-0.097	100.001	1.298	2.289	0.665	1785260730.011
1225	100.000	-0.393	100.001	1.986	1.844	0.690	1785260730.213
1226	100.000	-0.422	100.004	2.543	1.654	0.680	1785260730.408
1227	100.000	-0.047	100.005	3.070	1.471	0.683	1785260730.600
1228	100.000	0.076	100.000	3.422	1.381	0.681	1785260730.800
1229	100.000	-0.155	99.998	3.508	1.208	0.683	1785260731.025
1230	100.000	0.024	99.999	3.288	1.036	0.681	1785260731.199
1231	100.000	-0.184	100.001	2.901	0.966	0.680	1785260731.409
1232	100.000	0.376	100.003	2.192	0.721	0.688	1785260731.664
1233	100.000	0.176	100.001	1.456	0.407	0.664	1785260731.853
1234	100.000	0.160	100.000	0.944	0.065	0.664	1785260732.036
1235	100.000	0.033	99.997	0.337	5.397	0.664	1785260732.213
1236	100.000	-0.168	100.000	0.445	4.141	0.664	1785260732.419
1237	100.000	-0.044	99.997	0.668	3.518	0.664	1785260732.589
1238	100.000	-0.128	99.998	0.999	3.040	0.664	1785260732.788
1239	100.000	-0.587	99.999	1.565	2.260	0.701	1785260733.036
1240	100.000	-0.021	99.997	2.231	1.795	0.687	1785260733.221
1241	100.000	-0.106	100.000	2.998	1.522	0.686	1785260733.423
1242	100.000	-0.076	100.002	3.282	1.417	0.702	1785260733.616
1243	100.000	0.063	100.002	3.394	1.282	0.681	1785260733.846
1244	100.000	-0.068	100.002	3.454	1.163	0.673	1785260734.023
1245	100.000	0.100	99.999	3.316	0.977	0.674	1785260734.189
1246	100.000	0.034	99.999	2.644	0.728	0.698	1785260734.420
1247	100.000	0.051	100.002	2.087	0.599	0.683	1785260734.608
1248	100.000	0.179	100.000	1.451	0.342	0.681	1785260734.788
1249	100.000	-0.186	99.999	1.085	0.119	0.571	1785260734.991
1250	100.000	-0.043	99.998	0.442	5.016	0.664	1785260735.199
1251	100.000	0.052	100.001	0.646	3.658	0.664	1785260735.404
1252	100.000	-0.003	99.999	0.909	2.872	0.664	1785260735.682
1253	100.000	-0.044	99.998	1.478	2.327	0.668	1785260735.907
1254	100.000	-0.009	99.999	2.334	1.865	0.677	1785260736.088
1255	100.000	-0.105	100.000	2.774	1.709	0.673	1785260736.297
1256	100.000	0.319	100.000	3.096	1.511	0.685	1785260736.546
1257	100.000	0.119	99.999	3.557	1.293	0.682	1785260736.742
1258	100.000	0.225	99.997	3.457	1.148	0.686	1785260736.962
1259	100.000	-0.217	100.002	2.928	1.002	0.691	1785260737.149
1260	100.000	-0.088	100.001	2.622	0.816	0.692	1785260737.363
1261	100.000	-0.162	100.002	1.964	0.614	0.671	1785260737.598
1262	100.000	-0.082	100.001	1.195	0.296	0.617	1785260737.800
1263	100.000	0.100	99.997	0.669	5.392	0.664	1785260738.026
1264	100.000	0.335	99.998	0.585	4.422	0.664	1785260738.197
1265	100.000	-0.079	99.999	0.731	3.889	0.664	1785260738.427
1266	100.000	-0.324	99.999	0.928	3.068	0.607	1785260738.682
1267	100.000	0.179	100.002	1.389	2.385	0.654	1785260738.851
1268	100.000	-0.108	100.003	2.179	1.861	0.650	1785260739.036
1269	100.000	-0.079	100.003	2.721	1.741	0.696	1785260739.224
1270	100.000	-0.132	100.001	3.299	1.482	0.701	1785260739.402
1271	100.000	-0.279	100.006	3.539	1.426	0.677	1785260739.591
1272	100.000	0.114	100.001	3.608	1.234	0.680	1785260739.781
1273	100.000	0.161	99.999	3.514	1.133	0.687	1785260739.974
1274	100.000	0.251	100.003	2.749	0.970	0.694	1785260740.162
1275	100.000	-0.143	99.997	2.378	0.787	0.694	1785260740.342
1276	100.000	-0.111	99.998	1.684	0.588	0.701	1785260740.536
1277	100.000	-0.296	100.002	1.282	0.246	0.661	1785260740.726
1278	100.000	0.003	100.000	0.495	5.732	0.664	1785260740.916
1279	100.000	0.069	100.000	0.618	4.389	0.664	1785260741.123
1280	100.000	-0.067	100.003	0.771	3.839	0.664	1785260741.313
1281	100.000	-0.168	99.998	0.830	2.946	0.664	1785260741.564
1282	100.000	0.091	99.995	1.492	2.264	0.692	1785260741.787
1283	100.000	0.569	99.999	2.314	1.867	0.688	1785260741.993
1284	100.000	0.123	100.001	2.735	1.612	0.691	1785260742.226
1285	100.000	-0.017	99.999	3.441	1.514	0.683	1785260742.451
1286	100.000	0.287	99.995	3.611	1.286	0.687	1785260742.671
1287	100.000	-0.195	99.999	3.727	1.202	0.681	1785260742.877
1288	100.000	-0.005	99.999	3.233	1.082	0.676	1785260743.039
1289	100.000	-0.143	100.001	2.407	0.880	0.697	1785260743.242
1290	100.000	0.072	100.002	2.032	0.824	0.657	1785260743.471
1291	100.000	0.342	99.999	0.960	0.516	0.673	1785260743.694
1292	100.000	-0.088	99.997	0.374	5.722	0.664	1785260743.890
1293	100.000	0.298	99.997	0.852	4.134	0.664	1785260744.110
1294	100.000	-0.349	100.004	0.913	3.628	0.664	1785260744.322
1295	100.000	-0.014	99.999	1.242	2.961	0.664	1785260744.518
1296	100.000	-0.019	100.003	1.293	2.631	0.719	1785260744.688
1297	100.000	-0.035	100.004	1.879	1.969	0.715	1785260744.881
1298	100.000	-0.078	100.003	2.676	1.713	0.674	1785260745.051
1299	100.000	0.037	99.997	2.948	1.524	0.695	1785260745.256
1300	100.000	0.213	100.000	3.459	1.353	0.695	1785260745.463
1301	100.000	0.252	99.998	3.489	1.188	0.695	1785260745.694
1302	100.000	-0.235	100.004	3.323	1.034	0.687	1785260745.935
1303	100.000	-0.014	100.001	2.735	0.844	0.683	1785260746.133
1304	100.000	-0.267	99.999	2.351	0.666	0.674	1785260746.322
1305	100.000	-0.145	99.999	1.540	0.505	0.668	1785260746.514
1306	100.000	0.152	99.996	0.835	6.068	0.677	1785260746.692
1307	100.000	0.266	100.001	0.661	5.098	0.664	1785260746.933
1308	100.000	0.303	100.002	0.567	3.974	0.664	1785260747.145
1309	100.000	0.017	100.001	1.045	3.299	0.666	1785260747.378
1310	100.000	-0.027	99.996	1.325	2.422	0.696	1785260747.548
1311	100.000	0.027	100.002	1.770	2.095	0.716	1785260747.759
1312	100.000	0.162	99.998	2.383	1.731	0.678	1785260747.934
1313	100.000	-0.413	100.003	2.909	1.617	0.699	1785260748.137
1314	100.000	0.025	100.001	3.470	1.429	0.667	1785260748.348
1315	100.000	0.157	100.004	3.611	1.265	0.682	1785260748.536
1316	100.000	0.305	100.000	3.497	1.138	0.680	1785260748.735
1317	100.000	-0.166	99.995	3.253	1.019	0.683	1785260748.914
1318	100.000	-0.063	100.001	2.436	0.813	0.691	1785260749.113
1319	100.000	0.233	100.002	1.805	0.551	0.748	1785260749.332
1320	100.000	-0.214	99.998	1.240	0.304	0.628	1785260749.556
1321	100.000	0.146	99.997	0.639	5.686	0.664	1785260749.792
1322	100.000	-0.115	100.001	0.503	4.368	0.664	1785260749.986
1323	100.000	0.332	99.997	0.830	3.984	0.664	1785260750.166
1324	100.000	0.007	100.000	0.974	3.235	0.664	1785260750.335
1325	100.000	0.033	100.001	1.216	2.592	0.686	1785260750.539
1326	100.000	0.253	99.999	1.870	2.016	0.703	1785260750.777
1327	100.000	0.186	99.998	2.446	1.689	0.696	1785260750.973
1328	100.000	0.340	99.999	3.263	1.489	0.671	1785260751.152
1329	100.000	0.028	100.004	3.639	1.356	0.676	1785260751.358
1330	100.000	0.180	100.001	3.423	1.214	0.691	1785260751.542
1331	100.000	0.003	100.000	3.279	1.073	0.690	1785260751.723
1332	100.000	-0.055	100.000	3.053	0.914	0.683	1785260751.908
1333	100.000	-0.202	99.999	2.671	0.864	0.662	1785260752.088
1334	100.000	-0.078	100.003	1.921	0.612	0.644	1785260752.264
1335	100.000	0.138	99.998	1.098	0.320	0.699	1785260752.462
1336	100.000	0.224	100.006	0.732	5.997	0.664	1785260752.649
1337	100.000	0.146	99.997	0.555	4.952	0.664	1785260752.831
1338	100.000	-0.058	100.004	0.775	4.111	0.664	1785260753.051
1339	100.000	0.055	100.002	0.918	3.168	0.664	1785260753.308
1340	100.000	0.076	99.999	1.530	2.351	0.753	1785260753.546
1341	100.000	0.213	100.002	2.104	1.909	0.677	1785260753.714
1342	100.000	-0.120	100.002	2.603	1.769	0.674	1785260753.901
1343	100.000	-0.286	100.000	2.925	1.561	0.690	1785260754.104
1344	100.000	0.005	100.003	3.232	1.297	0.694	1785260754.289
1345	100.000	0.464	100.001	3.266	1.163	0.695	1785260754.467
1346	100.000	-0.220	100.002	3.291	1.021	0.687	1785260754.671
1347	100.000	-0.608	99.998	2.771	0.833	0.697	1785260754.828
1348	100.000	0.117	99.997	2.498	0.627	0.709	1785260755.035
1349	100.000	0.272	99.998	1.857	0.450	0.663	1785260755.220
1350	100.000	-0.260	99.996	1.057	6.232	0.691	1785260755.393
1351	100.000	-0.073	100.005	0.681	5.889	0.664	1785260755.603
1352	100.000	-0.036	100.001	0.782	4.805	0.664	1785260755.852
1353	100.000	-0.281	100.002	0.787	4.117	0.664	1785260756.044
1354	100.000	0.012	100.000	0.717	2.779	0.675	1785260756.248
1355	100.000	-0.162	99.997	1.227	2.305	0.704	1785260756.452
1356	100.000	0.019	100.001	2.035	1.855	0.666	1785260756.654
1357	100.000	0.028	99.999	2.639	1.691	0.674	1785260756.821
1358	100.000	0.023	99.999	3.219	1.504	0.693	1785260757.043
1359	100.000	0.113	100.001	3.242	1.258	0.690	1785260757.226
1360	100.000	-0.404	100.002	3.172	1.157	0.708	1785260757.405
1361	100.000	0.593	100.000	3.145	1.026	0.682	1785260757.612
1362	100.000	0.278	100.000	2.951	0.886	0.695	1785260757.779
1363	100.000	0.016	100.004	2.556	0.707	0.689	1785260757.970
1364	100.000	-0.227	99.999	2.070	0.516	0.662	1785260758.161
1365	100.000	0.152	100.001	1.204	0.067	0.720	1785260758.340
1366	100.000	-0.128	99.998	0.710	5.981	0.664	1785260758.532
1367	100.000	-0.160	100.004	0.622	4.896	0.664	1785260758.699
1368	100.000	-0.218	100.001	0.816	4.283	0.664	1785260758.899
1369	100.000	-0.175	100.000	0.840	3.789	0.664	1785260759.083
1370	100.000	-0.091	100.000	0.928	2.722	0.664	1785260759.273
1371	100.000	-0.286	99.996	1.658	2.026	0.691	1785260759.457
1372	100.000	-0.064	100.000	2.152	1.769	0.698	1785260759.646
1373	100.000	-0.074	99.995	2.850	1.605	0.686	1785260759.848
1374	100.000	0.424	100.000	3.113	1.437	0.708	1785260760.025
1375	100.000	0.133	99.997	3.178	1.289	0.692	1785260760.239
1376	100.000	0.235	100.000	3.459	1.089	0.676	1785260760.469
1377	100.000	0.134	100.002	3.190	0.930	0.669	1785260760.722
1378	100.000	0.159	100.004	2.567	0.740	0.672	1785260760.897
1379	100.000	-0.040	100.001	1.956	0.590	0.678	1785260761.108
1380	100.000	0.127	99.999	1.289	0.014	0.755	1785260761.281
1381	100.000	-0.139	100.002	0.863	5.576	0.673	1785260761.489
1382	100.000	0.021	100.003	0.820	4.622	0.664	1785260761.722
1383	100.000	0.201	100.002	0.993	3.930	0.664	1785260761.911
1384	100.000	0.008	100.003	0.885	3.241	0.664	1785260762.106
1385	100.000	0.316	99.994	1.022	2.362	0.664	1785260762.347
1386	100.000	-0.159	100.004	1.902	1.800	0.691	1785260762.516
1387	100.000	0.346	99.998	2.421	1.612	0.692	1785260762.728
1388	100.000	-0.248	100.002	2.652	1.481	0.711	1785260762.907
1389	100.000	0.159	99.998	3.046	1.304	0.696	1785260763.094
1390	100.000	-0.578	99.995	3.256	1.152	0.686	1785260763.355
1391	100.000	0.473	99.999	3.159	0.888	0.683	1785260763.568
1392	100.000	0.260	100.002	2.838	0.772	0.692	1785260763.798
1393	100.000	-0.004	100.000	2.190	0.490	0.719	1785260764.049
1394	100.000	-0.306	100.001	1.227	0.251	0.718	1785260764.225
1395	100.000	0.356	100.001	0.830	5.862	0.664	1785260764.426
1396	100.000	-0.260	99.999	0.830	4.645	0.664	1785260764.651
1397	100.000	0.266	99.999	0.964	4.126	0.664	1785260764.834
1398	100.000	0.041	99.999	0.837	3.290	0.664	1785260765.044
1399	100.000	0.154	100.000	1.122	2.341	0.670	1785260765.295
1400	100.000	0.102	100.000	2.071	1.786	0.673	1785260765.528
1401	100.000	-0.173	100.002	2.649	1.573	0.693	1785260765.726
1402	100.000	0.012	100.002	3.125	1.412	0.675	1785260765.915
1403	100.000	0.248	100.000	3.435	1.275	0.682	1785260766.105
1404	100.000	0.143	99.999	3.166	1.076	0.699	1785260766.311
1405	100.000	-0.199	100.000	3.132	0.916	0.687	1785260766.538
1406	100.000	-0.258	99.999	2.550	0.620	0.704	1785260766.721
1407	100.000	0.054	100.001	2.209	0.493	0.650	1785260766.995
1408	100.000	-0.388	100.000	1.437	0.026	0.731	1785260767.216
1409	100.000	0.080	100.000	0.718	5.664	0.679	1785260767.418
1410	100.000	0.047	99.999	0.493	4.851	0.664	1785260767.590
1411	100.000	0.084	100.003	0.897	4.183	0.664	1785260767.771
1412	100.000	0.156	100.002	0.795	3.147	0.664	1785260767.969
1413	100.000	0.224	100.001	1.054	2.601	0.740	1785260768.158
1414	100.000	-0.122	100.000	1.550	2.041	0.746	1785260768.359
1415	100.000	-0.127	100.001	2.491	1.744	0.695	1785260768.607
1416	100.000	0.173	99.998	3.193	1.510	0.681	1785260768.788
1417	100.000	-0.119	99.999	2.919	1.332	0.701	1785260768.971
1418	100.000	-0.338	100.002	3.305	1.232	0.678	1785260769.142
1419	100.000	-0.151	100.002	3.024	0.974	0.702	1785260769.340
1420	100.000	0.560	99.998	2.857	0.790	0.698	1785260769.531
1421	100.000	0.005	100.001	2.578	0.604	0.669	1785260769.732
1422	100.000	0.203	100.000	1.902	0.316	0.672	1785260769.975
1423	100.000	-0.121	99.998	1.281	6.117	0.664	1785260770.210
1424	100.000	-0.119	100.001	1.087	5.269	0.664	1785260770.417
1425	100.000	-0.060	99.998	1.006	4.585	0.664	1785260770.658
1426	100.000	0.068	100.001	0.820	3.832	0.664	1785260770.849
1427	100.000	-0.011	99.999	0.929	2.781	0.664	1785260771.031
1428	100.000	0.350	99.999	1.212	2.159	0.715	1785260771.199
1429	100.000	0.069	100.000	2.133	1.783	0.639	1785260771.400
1430	100.000	-0.163	99.999	2.390	1.550	0.723	1785260771.572
1431	100.000	-0.158	100.002	2.985	1.482	0.687	1785260771.774
1432	100.000	-0.049	100.003	3.194	1.349	0.691	1785260771.948
1433	100.000	-0.033	99.998	3.409	1.156	0.685	1785260772.179
1434	100.000	-0.076	99.998	3.013	0.985	0.691	1785260772.411
1435	100.000	0.178	99.998	2.591	0.854	0.657	1785260772.598
1436	100.000	-0.244	100.001	2.175	0.576	0.701	1785260772.796
1437	100.000	-0.199	99.998	1.444	0.138	0.664	1785260772.970
1438	100.000	0.016	100.008	1.025	5.924	0.665	1785260773.147
1439	100.000	0.086	100.000	0.947	5.415	0.664	1785260773.326
1440	100.000	-0.111	99.999	0.803	4.677	0.664	1785260773.522
1441	100.000	0.074	99.999	0.718	3.697	0.664	1785260773.709
1442	100.000	-0.158	100.000	0.937	3.292	0.664	1785260773.916
1443	100.000	-0.238	99.997	1.345	2.291	0.701	1785260774.104
1444	100.000	-0.325	99.996	1.911	1.837	0.674	1785260774.348
1445	100.000	0.066	100.003	2.734	1.593	0.666	1785260774.517
1446	100.000	-0.002	100.002	2.759	1.447	0.680	1785260774.690
1447	100.000	0.019	100.001	3.093	1.305	0.678	1785260774.892
1448	100.000	0.010	100.000	3.221	1.176	0.673	1785260775.081
1449	100.000	-0.040	99.999	2.942	1.031	0.678	1785260775.262
1450	100.000	-0.175	100.003	2.642	0.822	0.703	1785260775.470
1451	100.000	0.111	99.999	2.047	0.702	0.677	1785260775.660
1452	100.000	0.184	100.002	1.467	0.402	0.671	1785260775.877
1453	100.000	-0.265	99.998	0.906	5.846	0.664	1785260776.108
1454	100.000	0.010	99.999	0.834	4.985	0.664	1785260776.335
1455	100.000	0.300	99.999	0.964	4.254	0.664	1785260776.535
1456	100.000	0.057	100.000	0.733	3.656	0.664	1785260776.739
1457	100.000	-0.299	99.999	0.971	2.550	0.742	1785260776.955
1458	100.000	-0.060	99.997	1.750	2.044	0.679	1785260777.161
1459	100.000	0.120	100.007	2.498	1.731	0.689	1785260777.438
1460	100.000	-0.449	99.999	3.120	1.452	0.686	1785260777.666
1461	100.000	0.078	100.000	2.919	1.314	0.670	1785260777.843
1462	100.000	0.246	99.999	3.024	1.215	0.693	1785260778.016
1463	100.000	0.238	100.002	2.902	1.031	0.689	1785260778.222
1464	100.000	-0.073	100.004	2.852	0.847	0.682	1785260778.425
1465	100.000	-0.036	100.001	2.213	0.746	0.706	1785260778.618
1466	100.000	-0.081	99.997	1.417	0.428	0.684	1785260778.852
1467	100.000	0.178	100.008	0.753	6.244	0.577	1785260779.052
1468	100.000	0.182	99.998	0.661	4.820	0.665	1785260779.291
1469	100.000	-0.211	99.998	0.758	3.911	0.664	1785260779.467
1470	100.000	-0.148	100.002	0.909	3.423	0.664	1785260779.655
1471	100.000	0.204	100.002	1.111	3.003	0.664	1785260779.849
1472	100.000	0.001	100.003	1.423	2.372	0.752	1785260780.045
1473	100.000	0.160	100.002	2.264	1.904	0.689	1785260780.242
1474	100.000	-0.034	99.998	2.615	1.714	0.692	1785260780.455
1475	100.000	0.178	100.000	3.036	1.456	0.689	1785260780.668
1476	100.000	-0.008	99.995	3.215	1.252	0.685	1785260780.921
1477	100.000	-0.028	99.999	3.056	1.071	0.689	1785260781.106
1478	100.000	0.038	100.002	2.855	0.965	0.644	1785260781.289
1479	100.000	-0.246	99.998	2.278	0.706	0.715	1785260781.464
1480	100.000	-0.048	99.998	1.727	0.477	0.690	1785260781.668
1481	100.000	-0.166	99.998	1.316	6.202	0.622	1785260781.927
1482	100.000	-0.252	100.000	0.898	5.285	0.664	1785260782.162
1483	100.000	-0.038	100.002	1.064	4.552	0.664	1785260782.356
1484	100.000	0.136	99.999	0.919	3.941	0.664	1785260782.527
1485	100.000	-0.046	99.997	0.906	3.109	0.664	1785260782.729
1486	100.000	0.259	100.001	1.274	2.243	0.684	1785260782.969
1487	100.000	-0.209	100.001	1.959	1.901	0.688	1785260783.162
1488	100.000	-0.415	99.997	2.724	1.637	0.685	1785260783.339
1489	100.000	-0.039	99.999	3.038	1.479	0.682	1785260783.533
1490	100.000	0.296	99.998	3.259	1.335	0.698	1785260783.733
1491	100.000	-0.158	100.004	3.212	1.163	0.688	1785260783.912
1492	100.000	0.048	100.003	3.354	1.048	0.678	1785260784.113
1493	100.000	0.067	100.000	2.732	0.831	0.684	1785260784.346
1494	100.000	-0.029	99.996	2.253	0.634	0.669	1785260784.531
1495	100.000	-0.139	99.997	1.536	0.347	0.662	1785260784.720
1496	100.000	0.277	99.997	1.075	6.055	0.725	1785260784.917
1497	100.000	-0.207	100.000	0.869	5.497	0.664	1785260785.104
1498	100.000	-0.328	100.005	0.675	4.543	0.664	1785260785.290
1499	100.000	-0.064	99.997	0.606	3.647	0.664	1785260785.489
1500	100.000	0.006	99.999	1.064	2.480	0.716	1785260785.715
1501	100.000	-0.163	100.000	1.602	2.100	0.663	1785260785.920
1502	100.000	-0.591	100.000	2.522	1.772	0.682	1785260786.161
1503	100.000	0.063	99.999	2.971	1.566	0.694	1785260786.343
1504	100.000	0.259	99.998	3.387	1.406	0.686	1785260786.551
1505	100.000	0.097	99.996	3.434	1.256	0.692	1785260786.804
1506	100.000	0.079	99.995	3.353	1.036	0.682	1785260787.029
1507	100.000	-0.128	99.996	2.768	0.885	0.693	1785260787.243
1508	100.000	0.051	100.001	2.136	0.599	0.690	1785260787.454
1509	100.000	-0.445	99.995	1.462	0.430	0.664	1785260787.665
1510	100.000	-0.150	99.998	0.997	5.883	0.676	1785260787.858
1511	100.000	0.191	100.002	0.467	5.062	0.664	1785260788.066
1512	100.000	0.333	99.999	0.721	4.549	0.664	1785260788.241
1513	100.000	0.173	100.004	0.544	3.644	0.664	1785260788.415
1514	100.000	-0.067	99.998	0.776	2.767	0.774	1785260788.619
1515	100.000	0.141	100.004	1.510	2.019	0.713	1785260788.801
1516	100.000	-0.223	100.001	2.495	1.762	0.680	1785260789.002
1517	100.000	-0.239	100.000	3.048	1.529	0.682	1785260789.234
1518	100.000	-0.048	99.997	3.662	1.464	0.671	1785260789.424
1519	100.000	0.108	99.997	3.303	1.338	0.682	1785260789.610
1520	100.000	-0.013	100.000	3.438	1.174	0.698	1785260789.803
1521	100.000	-0.313	99.996	3.219	0.977	0.693	1785260789.987
1522	100.000	-0.058	100.001	2.896	0.809	0.680	1785260790.172
1523	100.000	-0.275	100.000	2.474	0.659	0.671	1785260790.351
1524	100.000	0.267	100.000	1.754	0.473	0.674	1785260790.545
1525	100.000	-0.088	100.004	1.217	6.169	0.665	1785260790.720
1526	100.000	-0.353	99.998	0.807	5.529	0.664	1785260790.918
1527	100.000	-0.146	100.000	0.634	4.780	0.664	1785260791.086
1528	100.000	0.295	100.003	0.930	4.290	0.664	1785260791.279
1529	100.000	-0.203	99.999	0.643	3.483	0.664	1785260791.488
1530	100.000	-0.132	100.002	1.273	2.053	0.709	1785260791.733
1531	100.000	0.185	100.000	2.117	1.764	0.692	1785260791.919
1532	100.000	0.069	100.003	2.640	1.514	0.684	1785260792.105
1533	100.000	-0.099	99.999	3.084	1.415	0.692	1785260792.278
1534	100.000	-0.011	100.000	3.675	1.292	0.694	1785260792.485
1535	100.000	-0.023	100.001	3.698	1.150	0.695	1785260792.756
1536	100.000	-0.023	100.001	3.383	0.961	0.684	1785260792.983
1537	100.000	0.607	99.999	2.916	0.779	0.690	1785260793.164
1538	100.000	-0.316	99.999	2.258	0.601	0.694	1785260793.350
1539	100.000	0.114	100.001	1.657	0.325	0.703	1785260793.570
1540	100.000	-0.045	99.999	0.847	5.989	0.664	1785260793.815
1541	100.000	0.102	100.001	0.683	4.709	0.664	1785260793.986
1542	100.000	0.111	99.998	0.937	4.186	0.664	1785260794.171
1543	100.000	-0.067	100.003	0.719	3.192	0.664	1785260794.374
1544	100.000	0.094	99.995	1.098	2.310	0.766	1785260794.544
1545	100.000	-0.163	99.998	1.723	1.871	0.696	1785260794.736
1546	100.000	0.079	100.002	2.343	1.675	0.692	1785260794.914
1547	100.000	-0.018	99.998	2.803	1.499	0.674	1785260795.144
1548	100.000	-0.211	100.000	3.370	1.292	0.668	1785260795.375
1549	100.000	0.040	100.000	3.497	1.095	0.688	1785260795.604
1550	100.000	-0.114	100.001	3.524	0.937	0.671	1785260795.792
1551	100.000	0.179	100.000	3.064	0.843	0.687	1785260795.996
1552	100.000	0.003	100.003	2.839	0.587	0.664	1785260796.169
1553	100.000	-0.100	99.996	2.293	0.450	0.674	1785260796.358
1554	100.000	0.105	100.003	1.572	0.156	0.666	1785260796.552
1555	100.000	0.081	99.997	0.931	5.759	0.665	1785260796.755
1556	100.000	-0.053	100.000	0.838	4.966	0.664	1785260796.991
1557	100.000	-0.327	100.004	0.782	4.107	0.664	1785260797.227
1558	100.000	0.098	100.000	0.695	2.651	0.664	1785260797.418
1559	100.000	-0.174	100.000	1.328	2.099	0.687	1785260797.626
1560	100.000	-0.084	100.003	2.264	1.779	0.672	1785260797.855
1561	100.000	0.004	100.002	2.755	1.599	0.700	1785260798.056
1562	100.000	-0.030	99.999	3.002	1.353	0.687	1785260798.300
1563	100.000	-0.114	99.998	3.644	1.234	0.686	1785260798.491
1564	100.000	-0.000	99.996	3.010	1.052	0.698	1785260798.680
1565	100.000	-0.114	99.998	3.161	0.859	0.669	1785260798.858
1566	100.000	-0.128	100.002	3.087	0.698	0.676	1785260799.057
1567	100.000	0.047	100.000	2.431	0.508	0.667	1785260799.217
1568	100.000	-0.151	100.001	1.565	0.086	0.697	1785260799.425
1569	100.000	-0.191	100.000	1.331	5.919	0.664	1785260799.602
1570	100.000	0.193	100.003	1.018	5.399	0.664	1785260799.761
1571	100.000	-0.007	99.999	0.911	4.848	0.664	1785260799.973
1572	100.000	-0.279	99.999	0.559	3.957	0.664	1785260800.138
1573	100.000	0.104	99.999	0.622	3.255	0.692	1785260800.368
1574	100.000	-0.277	99.999	1.323	2.207	0.620	1785260800.565
1575	100.000	0.094	100.002	1.997	1.838	0.685	1785260800.734
1576	100.000	0.159	100.000	2.392	1.709	0.695	1785260800.941
1577	100.000	0.064	100.000	3.080	1.517	0.689	1785260801.103
1578	100.000	-0.020	100.000	3.111	1.282	0.683	1785260801.306
1579	100.000	0.513	99.999	3.200	1.177	0.680	1785260801.542
1580	100.000	-0.052	99.999	3.204	0.947	0.675	1785260801.737
1581	100.000	0.023	99.997	2.793	0.822	0.664	1785260801.930
1582	100.000	-0.302	99.999	2.374	0.596	0.693	1785260802.185
1583	100.000	0.193	99.998	1.710	0.101	0.725	1785260802.359
1584	100.000	0.305	100.001	1.470	6.053	0.664	1785260802.537
1585	100.000	0.262	99.999	0.985	5.698	0.664	1785260802.715
1586	100.000	0.096	100.002	0.824	5.046	0.664	1785260802.914
1587	100.000	-0.032	100.000	0.653	4.133	0.664	1785260803.073
1588	100.000	0.348	100.000	0.305	3.264	0.753	1785260803.245
1589	100.000	-0.483	99.998	0.954	2.098	0.668	1785260803.410
1590	100.000	-0.034	99.998	1.647	1.867	0.670	1785260803.608
1591	100.000	0.136	100.001	2.980	1.682	0.663	1785260803.797
1592	100.000	-0.133	100.002	2.757	1.492	0.698	1785260803.984
1593	100.000	-0.063	99.999	3.002	1.373	0.683	1785260804.212
1594	100.000	-0.219	99.998	3.138	1.155	0.688	1785260804.446
1595	100.000	-0.234	100.006	2.911	1.000	0.673	1785260804.630
1596	100.000	0.131	100.003	2.756	0.872	0.675	1785260804.818
1597	100.000	-0.012	100.001	2.197	0.610	0.691	1785260804.988
1598	100.000	-0.127	99.997	2.000	0.511	0.690	1785260805.214
1599	100.000	0.257	100.000	1.368	0.045	0.691	1785260805.457
1600	100.000	-0.140	99.995	0.903	5.798	0.661	1785260805.635
1601	100.000	0.297	99.998	0.740	4.932	0.664	1785260805.825
1602	100.000	0.017	99.999	0.691	4.407	0.664	1785260805.996
1603	100.000	0.332	100.000	0.455	2.715	0.613	1785260806.205
1604	100.000	-0.038	99.997	1.092	2.121	0.676	1785260806.378
1605	100.000	-0.073	99.999	1.699	1.814	0.698	1785260806.566
1606	100.000	-0.089	100.000	2.690	1.646	0.673	1785260806.739
1607	100.000	0.078	99.999	2.825	1.469	0.686	1785260806.925
1608	100.000	-0.135	99.997	3.294	1.416	0.680	1785260807.117
1609	100.000	-0.076	100.001	3.066	1.270	0.691	1785260807.319
1610	100.000	0.006	100.004	3.246	1.086	0.686	1785260807.512
1611	100.000	0.232	100.002	2.855	0.930	0.673	1785260807.710
1612	100.000	0.161	100.002	2.356	0.731	0.663	1785260807.942
1613	100.000	0.034	99.999	1.811	0.501	0.656	1785260808.114
1614	100.000	-0.038	100.003	1.264	0.008	0.667	1785260808.311
1615	100.000	-0.206	100.003	0.878	5.979	0.664	1785260808.488
1616	100.000	0.210	100.001	0.726	5.167	0.664	1785260808.780
1617	100.000	0.176	99.996	0.625	4.602	0.664	1785260808.971
1618	100.000	-0.043	99.996	0.425	2.458	0.664	1785260809.171
1619	100.000	-0.409	99.999	1.238	1.853	0.672	1785260809.377
1620	100.000	0.182	99.996	2.317	1.659	0.683	1785260809.568
1621	100.000	0.096	99.996	2.814	1.462	0.685	1785260809.773
1622	100.000	0.115	99.999	3.234	1.358	0.691	1785260809.983
1623	100.000	0.022	100.002	3.309	1.193	0.688	1785260810.184
1624	100.000	0.345	100.003	3.315	1.068	0.675	1785260810.394
1625	100.000	0.078	100.001	3.005	0.937	0.679	1785260810.640
1626	100.000	-0.059	99.995	2.498	0.647	0.662	1785260810.871
1627	100.000	-0.394	100.001	1.791	0.313	0.699	1785260811.070
1628	100.000	0.210	100.000	1.297	0.067	0.664	1785260811.240
1629	100.000	0.039	99.999	1.043	6.062	0.664	1785260811.420
1630	100.000	-0.170	99.996	0.727	5.419	0.664	1785260811.623
1631	100.000	0.319	100.000	0.466	4.998	0.664	1785260811.872
1632	100.000	0.165	100.001	0.372	2.624	0.664	1785260812.070
1633	100.000	0.394	99.998	1.072	1.995	0.687	1785260812.256
1634	100.000	-0.240	100.001	1.670	1.706	0.715	1785260812.444
1635	100.000	-0.126	100.003	2.775	1.534	0.657	1785260812.640
1636	100.000	-0.089	99.999	2.937	1.385	0.687	1785260812.814
1637	100.000	-0.008	99.999	3.027	1.253	0.697	1785260812.976
1638	100.000	-0.049	100.000	3.640	1.171	0.670	1785260813.177
1639	100.000	-0.257	100.001	3.245	1.008	0.697	1785260813.384
1640	100.000	0.067	99.997	3.108	0.839	0.679	1785260813.638
1641	100.000	-0.024	100.001	2.780	0.685	0.688	1785260813.823
1642	100.000	-0.103	100.000	2.052	0.499	0.684	1785260814.007
1643	100.000	0.022	100.005	1.542	0.229	0.666	1785260814.206
1644	100.000	-0.045	100.001	1.146	5.814	0.664	1785260814.436
1645	100.000	0.314	99.998	0.783	5.197	0.664	1785260814.625
1646	100.000	-0.127	99.999	0.793	4.705	0.664	1785260814.806
1647	100.000	-0.354	100.001	0.280	3.636	0.664	1785260815.027
1648	100.000	-0.102	99.997	0.935	1.996	0.721	1785260815.259
1649	100.000	-0.360	99.998	1.759	1.668	0.685	1785260815.432
1650	100.000	0.167	99.997	2.519	1.518	0.675	1785260815.608
1651	100.000	-0.364	99.995	3.132	1.392	0.667	1785260815.810
1652	100.000	0.094	99.997	3.470	1.319	0.669	1785260815.991
1653	100.000	0.112	99.998	3.174	1.134	0.686	1785260816.190
1654	100.000	0.470	99.999	3.128	1.043	0.680	1785260816.380
1655	100.000	-0.050	99.998	2.552	0.774	0.691	1785260816.566
1656	100.000	-0.033	100.000	2.345	0.590	0.664	1785260816.752
1657	100.000	-0.200	99.997	1.954	0.469	0.666	1785260816.938
1658	100.000	0.282	100.002	1.445	6.225	0.690	1785260817.121
1659	100.000	0.009	100.000	1.080	6.067	0.664	1785260817.317
1660	100.000	-0.346	100.004	0.947	5.318	0.662	1785260817.522
1661	100.000	0.257	99.999	0.464	4.531	0.664	1785260817.756
1662	100.000	-0.169	100.000	0.324	3.034	0.664	1785260817.945
1663	100.000	-0.210	99.995	0.961	2.118	0.704	1785260818.131
1664	100.000	-0.003	99.996	1.714	1.733	0.679	1785260818.306
1665	100.000	0.114	99.996	2.573	1.533	0.677	1785260818.507
1666	100.000	-0.242	99.999	2.810	1.442	0.703	1785260818.686
1667	100.000	0.060	100.006	3.121	1.300	0.684	1785260818.867
1668	100.000	-0.269	100.001	3.368	1.180	0.695	1785260819.065
1669	100.000	0.076	99.997	3.182	1.041	0.675	1785260819.262
1670	100.000	-0.040	99.999	2.716	0.885	0.676	1785260819.513
1671	100.000	-0.034	100.000	2.436	0.647	0.672	1785260819.699
1672	100.000	0.125	100.000	1.594	0.298	0.725	1785260819.922
1673	100.000	-0.254	99.998	1.420	0.099	0.659	1785260820.106
1674	100.000	-0.060	99.996	1.214	5.560	0.664	1785260820.318
1675	100.000	0.042	100.003	0.727	5.249	0.664	1785260820.496
1676	100.000	0.228	100.000	0.644	4.810	0.664	1785260820.667
1677	100.000	0.034	100.002	0.422	3.853	0.664	1785260820.875
1678	100.000	-0.189	100.000	0.887	1.925	0.646	1785260821.068
1679	100.000	-0.207	100.002	1.532	1.683	0.681	1785260821.255
1680	100.000	0.001	100.001	2.335	1.511	0.689	1785260821.446
1681	100.000	0.032	99.999	2.927	1.423	0.679	1785260821.678
1682	100.000	0.299	99.994	3.333	1.253	0.675	1785260821.873
1683	100.000	-0.014	100.002	3.182	1.147	0.682	1785260822.050
1684	100.000	-0.320	100.005	3.068	1.002	0.678	1785260822.216
1685	100.000	0.043	100.005	2.803	0.800	0.687	1785260822.423
1686	100.000	0.120	100.002	2.270	0.610	0.691	1785260822.610
1687	100.000	0.144	100.002	1.893	0.381	0.684	1785260822.805
1688	100.000	0.154	100.001	1.491	0.139	0.662	1785260822.995
1689	100.000	0.139	99.997	1.098	5.636	0.664	1785260823.182
1690	100.000	-0.165	99.998	1.020	5.326	0.664	1785260823.375
1691	100.000	0.019	99.998	0.672	4.553	0.664	1785260823.604
1692	100.000	0.404	100.006	0.470	3.004	0.664	1785260823.792
1693	100.000	0.070	100.000	0.997	2.017	0.667	1785260823.987
1694	100.000	0.083	99.999	1.939	1.693	0.680	1785260824.194
1695	100.000	-0.163	100.002	2.590	1.589	0.664	1785260824.388
1696	100.000	-0.142	100.003	3.156	1.379	0.687	1785260824.647
1697	100.000	-0.205	99.998	3.219	1.263	0.680	1785260824.872
1698	100.000	0.132	100.005	3.139	1.099	0.673	1785260825.075
1699	100.000	-0.287	99.999	2.926	0.918	0.658	1785260825.328
1700	100.000	0.113	99.997	2.288	0.597	0.655	1785260825.556
1701	100.000	-0.367	100.002	1.742	0.265	0.664	1785260825.751
1702	100.000	-0.132	99.996	1.405	5.962	0.666	1785260825.940
1703	100.000	-0.227	100.000	1.179	5.619	0.664	1785260826.133
1704	100.000	0.008	100.000	0.818	5.025	0.664	1785260826.322
1705	100.000	0.021	100.000	0.404	4.478	0.664	1785260826.532
1706	100.000	0.231	99.996	0.390	3.481	0.664	1785260826.719
1707	100.000	-0.105	100.003	1.038	1.914	0.695	1785260826.916
1708	100.000	0.097	100.002	1.989	1.685	0.678	1785260827.170
1709	100.000	-0.144	100.002	2.910	1.442	0.668	1785260827.364
1710	100.000	0.257	99.999	3.011	1.326	0.697	1785260827.554
1711	100.000	-0.242	99.998	3.442	1.203	0.677	1785260827.743
1712	100.000	0.178	100.000	3.167	1.100	0.684	1785260827.948
1713	100.000	-0.321	100.004	2.885	0.852	0.672	1785260828.125
1714	100.000	0.074	100.000	2.461	0.707	0.677	1785260828.312
1715	100.000	-0.431	100.004	2.153	0.537	0.650	1785260828.490
1716	100.000	-0.222	100.001	1.795	0.231	0.670	1785260828.692
1717	100.000	0.010	100.003	1.392	5.852	0.664	1785260828.874
1718	100.000	-0.235	99.998	0.932	5.337	0.664	1785260829.132
1719	100.000	0.320	100.003	0.701	4.836	0.664	1785260829.324
1720	100.000	-0.060	100.005	0.700	4.103	0.664	1785260829.516
1721	100.000	0.087	100.001	0.739	2.458	0.651	1785260829.682
1722	100.000	0.135	100.006	1.326	1.852	0.722	1785260829.875
1723	100.000	-0.061	100.002	2.206	1.682	0.692	1785260830.058
1724	100.000	0.562	99.996	2.863	1.490	0.669	1785260830.248
1725	100.000	-0.035	100.004	3.425	1.361	0.666	1785260830.433
1726	100.000	-0.095	99.997	3.422	1.209	0.685	1785260830.647
1727	100.000	0.039	99.998	3.354	1.077	0.685	1785260830.883
1728	100.000	-0.198	99.998	2.972	0.851	0.675	1785260831.071
1729	100.000	0.334	100.001	2.538	0.648	0.663	1785260831.270
1730	100.000	0.074	99.999	2.228	0.463	0.637	1785260831.502
1731	100.000	-0.167	100.003	1.687	0.028	0.664	1785260831.693
1732	100.000	0.081	100.002	1.249	6.204	0.657	1785260831.890
1733	100.000	0.478	100.002	1.068	5.383	0.664	1785260832.062
1734	100.000	-0.023	100.000	0.858	5.115	0.664	1785260832.245
1735	100.000	0.259	100.000	0.273	4.468	0.664	1785260832.454
1736	100.000	-0.059	99.998	0.547	2.250	0.570	1785260832.629
1737	100.000	0.040	99.996	1.415	1.843	0.677	1785260832.821
1738	100.000	0.061	100.001	2.023	1.702	0.694	1785260833.002
1739	100.000	-0.346	100.004	2.609	1.527	0.676	1785260833.188
1740	100.000	-0.001	99.999	3.041	1.387	0.685	1785260833.368
1741	100.000	0.051	100.002	3.088	1.276	0.692	1785260833.559
1742	100.000	-0.214	100.000	3.454	1.170	0.681	1785260833.747
1743	100.000	-0.118	99.997	3.059	0.929	0.669	1785260833.963
1744	100.000	0.214	100.001	2.520	0.767	0.686	1785260834.225
1745	100.000	0.293	100.001	2.139	0.431	0.669	1785260834.432
1746	100.000	-0.082	100.005	1.592	0.042	0.664	1785260834.616
1747	100.000	-0.385	99.998	1.339	5.741	0.666	1785260834.839
1748	100.000	-0.157	99.999	0.981	5.373	0.664	1785260835.072
1749	100.000	0.140	99.997	0.453	4.990	0.664	1785260835.253
1750	100.000	-0.036	100.002	0.407	3.965	0.664	1785260835.431
1751	100.000	-0.021	99.998	0.902	1.821	0.636	1785260835.607
1752	100.000	-0.122	100.005	1.690	1.684	0.668	1785260835.804
1753	100.000	0.286	99.995	2.134	1.570	0.687	1785260835.996
1754	100.000	0.187	99.994	3.086	1.453	0.662	1785260836.185
1755	100.000	-0.004	99.999	3.280	1.365	0.682	1785260836.382
1756	100.000	-0.150	100.000	3.435	1.258	0.687	1785260836.560
1757	100.000	-0.300	100.002	2.886	1.104	0.694	1785260836.747
1758	100.000	0.013	100.003	2.765	0.959	0.685	1785260836.944
1759	100.000	-0.329	99.997	2.509	0.810	0.683	1785260837.139
1760	100.000	-0.104	100.000	1.833	0.378	0.719	1785260837.319
1761	100.000	0.194	99.999	1.545	0.113	0.656	1785260837.520
1762	100.000	0.010	100.003	1.210	5.808	0.664	1785260837.751
1763	100.000	0.045	99.998	1.081	5.282	0.664	1785260837.924
1764	100.000	0.176	100.003	0.800	4.960	0.664	1785260838.137
1765	100.000	0.069	99.995	0.234	3.721	0.664	1785260838.319
1766	100.000	0.044	99.997	0.548	2.147	0.711	1785260838.505
1767	100.000	-0.230	99.997	1.350	1.709	0.701	1785260838.698
1768	100.000	-0.280	100.001	2.156	1.541	0.684	1785260838.929
1769	100.000	0.004	100.004	3.098	1.425	0.675	1785260839.127
1770	100.000	0.148	99.998	3.013	1.278	0.711	1785260839.309
1771	100.000	0.009	100.009	3.338	1.178	0.684	1785260839.488
1772	100.000	-0.099	100.002	3.059	1.053	0.675	1785260839.705
1773	100.000	0.334	99.999	2.719	0.908	0.683	1785260839.963
1774	100.000	-0.322	100.001	2.240	0.594	0.658	1785260840.195
1775	100.000	-0.199	100.003	1.523	0.208	0.668	1785260840.386
1776	100.000	-0.045	100.001	1.181	6.038	0.663	1785260840.563
1777	100.000	0.044	100.001	1.042	5.467	0.664	1785260840.756
1778	100.000	-0.283	100.004	0.844	5.226	0.664	1785260840.944
1779	100.000	-0.199	99.998	0.502	4.889	0.664	1785260841.142
1780	100.000	0.221	100.000	0.270	3.118	0.664	1785260841.373
1781	100.000	-0.096	99.998	0.802	1.958	0.684	1785260841.543
1782	100.000	0.092	100.000	1.839	1.652	0.691	1785260841.743
1783	100.000	-0.013	99.994	2.531	1.513	0.679	1785260841.945
1784	100.000	-0.056	100.001	3.046	1.323	0.701	1785260842.133
1785	100.000	-0.187	99.999	3.311	1.243	0.686	1785260842.328
1786	100.000	-0.024	100.000	3.132	1.093	0.689	1785260842.558
1787	100.000	-0.262	99.998	2.991	0.907	0.667	1785260842.756
1788	100.000	-0.275	100.001	2.515	0.747	0.667	1785260843.009
1789	100.000	-0.279	100.000	1.869	0.401	0.690	1785260843.263
1790	100.000	0.083	99.998	1.301	0.032	0.649	1785260843.486
1791	100.000	0.104	99.999	0.958	5.548	0.664	1785260843.690
1792	100.000	-0.203	99.998	0.924	5.232	0.664	1785260843.882
1793	100.000	-0.092	100.002	0.461	4.777	0.664	1785260844.069
1794	100.000	0.117	100.000	0.539	3.731	0.664	1785260844.256
1795	100.000	-0.176	100.000	0.736	2.141	0.740	1785260844.444
1796	100.000	0.014	100.001	1.638	1.671	0.704	1785260844.648
1797	100.000	0.194	99.997	2.355	1.537	0.682	1785260844.868
1798	100.000	0.239	100.002	2.705	1.342	0.699	1785260845.053
1799	100.000	-0.044	100.003	2.657	1.190	0.698	1785260845.281
1800	100.000	-0.217	99.996	2.918	1.041	0.680	1785260845.498
1801	100.000	-0.271	100.002	2.553	0.876	0.695	1785260845.705
1802	100.000	0.131	99.999	2.306	0.707	0.668	1785260845.874
1803	100.000	0.010	100.001	1.871	0.565	0.647	1785260846.050
1804	100.000	-0.186	100.002	1.399	0.041	0.686	1785260846.259
1805	100.000	0.399	99.998	1.161	6.000	0.664	1785260846.501
1806	100.000	-0.539	100.000	0.936	5.470	0.664	1785260846.690
1807	100.000	0.173	100.001	0.863	4.888	0.664	1785260846.882
1808	100.000	0.033	100.002	0.523	4.533	0.664	1785260847.064
1809	100.000	-0.009	100.000	0.535	2.595	0.664	1785260847.269
1810	100.000	0.240	99.999	1.508	1.816	0.659	1785260847.502
1811	100.000	0.071	100.000	2.163	1.628	0.694	1785260847.696
1812	100.000	0.042	99.997	2.801	1.476	0.687	1785260847.882
1813	100.000	0.189	99.997	3.119	1.336	0.676	1785260848.060
1814	100.000	-0.132	99.999	3.037	1.242	0.700	1785260848.235
1815	100.000	0.191	100.000	2.998	1.079	0.687	1785260848.432
1816	100.000	-0.050	99.998	2.618	0.908	0.676	1785260848.622
1817	100.000	0.051	100.000	2.216	0.700	0.688	1785260848.820
1818	100.000	0.389	100.003	1.850	0.477	0.666	1785260848.999
1819	100.000	0.015	99.996	1.522	0.077	0.701	1785260849.177
1820	100.000	-0.086	99.997	1.032	6.054	0.664	1785260849.369
1821	100.000	0.416	99.999	0.984	5.627	0.664	1785260849.554
1822	100.000	0.007	100.001	0.891	5.145	0.664	1785260849.741
1823	100.000	0.039	100.001	0.643	4.647	0.664	1785260849.936
1824	100.000	0.007	99.999	0.346	4.178	0.664	1785260850.122
1825	100.000	-0.167	100.003	0.685	1.980	0.709	1785260850.300
1826	100.000	0.076	100.002	1.527	1.736	0.728	1785260850.527
1827	100.000	0.367	99.999	2.471	1.430	0.680	1785260850.755
1828	100.000	0.328	99.996	2.933	1.341	0.684	1785260850.916
1829	100.000	0.005	100.000	3.290	1.230	0.680	1785260851.123
1830	100.000	-0.117	100.001	3.357	1.054	0.694	1785260851.362
1831	100.000	0.217	99.997	2.883	0.865	0.675	1785260851.588
1832	100.000	0.017	100.002	2.309	0.551	0.700	1785260851.825
1833	100.000	0.032	99.998	1.740	0.288	0.700	1785260852.064
1834	100.000	0.061	99.998	1.116	6.106	0.664	1785260852.305
1835	100.000	0.075	100.000	1.193	5.117	0.664	1785260852.496
1836	100.000	-0.030	100.006	0.972	4.781	0.664	1785260852.671
1837	100.000	0.103	99.997	0.890	4.414	0.664	1785260852.871
1838	100.000	0.068	100.001	0.675	3.938	0.664	1785260853.051
1839	100.000	-0.001	100.002	0.710	2.263	0.607	1785260853.242
1840	100.000	0.426	100.000	1.516	1.922	0.700	1785260853.441
1841	100.000	0.070	99.997	2.359	1.585	0.667	1785260853.630
1842	100.000	-0.085	100.000	2.676	1.449	0.679	1785260853.811
1843	100.000	0.222	99.999	2.927	1.306	0.690	1785260853.999
1844	100.000	-0.166	100.005	3.188	1.220	0.676	1785260854.188
1845	100.000	-0.082	99.999	2.859	1.025	0.685	1785260854.384
1846	100.000	-0.092	99.999	2.658	0.869	0.680	1785260854.610
1847	100.000	0.119	100.000	1.995	0.507	0.696	1785260854.830
1848	100.000	0.098	99.999	1.716	0.233	0.630	1785260855.081
1849	100.000	-0.090	100.000	1.183	5.884	0.664	1785260855.306
1850	100.000	0.214	99.999	1.006	5.629	0.664	1785260855.496
1851	100.000	-0.063	100.000	1.144	4.936	0.664	1785260855.679
1852	100.000	0.116	100.004	0.616	4.321	0.664	1785260855.870
1853	100.000	-0.087	99.999	0.226	2.616	0.664	1785260856.097
1854	100.000	-0.098	99.998	1.366	1.777	0.699	1785260856.323
1855	100.000	-0.483	99.998	2.397	1.538	0.688	1785260856.574
1856	100.000	0.366	100.004	2.516	1.351	0.712	1785260856.778
1857	100.000	-0.245	99.999	3.163	1.277	0.677	1785260857.021
1858	100.000	0.105	100.002	3.228	1.108	0.687	1785260857.241
1859	100.000	0.342	100.000	2.754	0.894	0.717	1785260857.462
1860	100.000	-0.094	100.000	2.240	0.671	0.668	1785260857.707
1861	100.000	-0.327	100.002	1.719	0.388	0.672	1785260857.880
1862	100.000	0.128	100.001	1.273	0.066	0.609	1785260858.082
1863	100.000	-0.111	100.002	1.055	5.621	0.664	1785260858.328
1864	100.000	-0.202	99.999	1.001	4.952	0.664	1785260858.513
1865	100.000	-0.044	99.994	0.878	4.848	0.664	1785260858.706
1866	100.000	0.227	100.002	0.680	4.206	0.664	1785260858.890
1867	100.000	0.247	99.999	0.536	2.136	0.682	1785260859.069
1868	100.000	-0.106	99.998	1.183	1.775	0.703	1785260859.258
1869	100.000	0.023	99.994	2.216	1.547	0.694	1785260859.447
1870	100.000	-0.159	100.003	2.685	1.406	0.695	1785260859.615
1871	100.000	-0.099	100.002	3.453	1.287	0.684	1785260859.801
1872	100.000	0.118	99.999	3.130	1.156	0.696	1785260859.993
1873	100.000	0.010	100.001	3.204	1.017	0.687	1785260860.170
1874	100.000	-0.347	100.001	2.710	0.833	0.696	1785260860.393
1875	100.000	0.071	100.000	2.501	0.689	0.692	1785260860.554
1876	100.000	-0.067	99.998	1.826	0.388	0.699	1785260860.744
1877	100.000	-0.263	99.998	1.507	6.126	0.706	1785260860.938
1878	100.000	0.055	99.997	1.185	5.668	0.664	1785260861.135
1879	100.000	-0.081	99.996	1.265	5.225	0.664	1785260861.324
1880	100.000	0.080	100.002	1.457	4.936	0.664	1785260861.508
1881	100.000	0.102	100.003	1.253	4.448	0.664	1785260861.688
1882	100.000	0.137	99.997	0.637	3.910	0.664	1785260861.886
1883	100.000	-0.003	100.000	0.794	2.062	0.767	1785260862.072
1884	100.000	0.190	100.000	1.348	1.683	0.717	1785260862.255
1885	100.000	-0.353	100.004	2.313	1.552	0.718	1785260862.439
1886	100.000	0.077	99.997	2.640	1.346	0.703	1785260862.662
1887	100.000	0.274	100.002	3.246	1.260	0.679	1785260862.851
1888	100.000	-0.296	100.000	3.283	1.100	0.687	1785260863.028
1889	100.000	0.201	100.002	3.050	0.938	0.686	1785260863.224
1890	100.000	-0.195	100.001	2.515	0.713	0.684	1785260863.449
1891	100.000	-0.548	100.005	2.048	0.490	0.671	1785260863.647
1892	100.000	0.180	99.998	1.456	0.021	0.668	1785260863.827
1893	100.000	-0.195	99.997	1.306	6.016	0.664	1785260864.041
1894	100.000	-0.044	100.000	1.474	5.165	0.664	1785260864.240
1895	100.000	-0.041	99.997	1.251	4.923	0.664	1785260864.476
1896	100.000	0.282	100.001	0.835	4.440	0.664	1785260864.658
1897	100.000	-0.003	100.000	0.393	3.935	0.664	1785260864.847
1898	100.000	-0.012	99.999	0.921	1.978	0.762	1785260865.021
1899	100.000	0.182	99.995	1.398	1.659	0.720	1785260865.226
1900	100.000	0.009	100.005	2.395	1.507	0.682	1785260865.482
1901	100.000	-0.045	100.001	3.183	1.304	0.694	1785260865.676
1902	100.000	-0.037	99.999	3.224	1.122	0.685	1785260865.893
1903	100.000	0.092	100.000	3.324	1.016	0.665	1785260866.079
1904	100.000	0.349	99.999	2.732	0.787	0.688	1785260866.286
1905	100.000	-0.167	100.001	2.307	0.576	0.675	1785260866.475
1906	100.000	-0.309	100.003	1.784	0.289	0.691	1785260866.662
1907	100.000	0.130	99.999	1.533	0.097	0.664	1785260866.846
1908	100.000	0.079	99.999	1.290	5.694	0.664	1785260867.022
1909	100.000	0.445	99.999	1.375	5.143	0.664	1785260867.246
1910	100.000	0.275	99.999	1.061	4.685	0.664	1785260867.481
1911	100.000	0.115	99.999	0.488	4.179	0.664	1785260867.653
1912	100.000	0.136	99.999	0.440	2.914	0.783	1785260867.844
1913	100.000	-0.009	100.002	1.156	1.958	0.728	1785260868.032
1914	100.000	-0.135	100.000	1.712	1.691	0.694	1785260868.216
1915	100.000	0.021	100.001	2.499	1.423	0.686	1785260868.439
1916	100.000	-0.395	100.004	3.175	1.327	0.689	1785260868.669
1917	100.000	0.157	99.999	3.377	1.192	0.678	1785260868.845
1918	100.000	0.009	100.005	3.162	1.048	0.668	1785260869.025
1919	100.000	-0.036	99.999	3.091	0.957	0.678	1785260869.208
1920	100.000	-0.187	100.000	2.417	0.661	0.693	1785260869.412
1921	100.000	-0.099	99.999	1.676	0.365	0.700	1785260869.659
1922	100.000	-0.216	100.001	1.297	6.242	0.667	1785260869.847
1923	100.000	0.204	99.999	1.020	5.883	0.664	1785260870.057
1924	100.000	-0.310	99.999	1.090	4.837	0.664	1785260870.297
1925	100.000	-0.007	99.998	0.798	4.508	0.664	1785260870.534
1926	100.000	-0.065	100.003	0.482	3.548	0.633	1785260870.746
1927	100.000	0.109	99.998	0.896	1.986	0.724	1785260870.954
1928	100.000	-0.078	100.006	1.837	1.739	0.693	1785260871.149
1929	100.000	-0.267	100.001	2.591	1.455	0.678	1785260871.345
1930	100.000	-0.043	100.000	3.288	1.368	0.676	1785260871.531
1931	100.000	0.159	100.003	3.264	1.208	0.683	1785260871.722
1932	100.000	-0.060	99.998	3.112	1.040	0.687	1785260871.891
1933	100.000	-0.631	100.000	2.941	0.960	0.679	1785260872.102
1934	100.000	-0.122	99.999	2.452	0.728	0.668	1785260872.274
1935	100.000	-0.142	99.999	2.109	0.496	0.673	1785260872.475
1936	100.000	0.122	100.000	1.479	0.155	0.664	1785260872.659
1937	100.000	0.113	100.000	1.296	5.858	0.686	1785260872.843
1938	100.000	-0.122	99.999	1.137	5.315	0.664	1785260873.012
1939	100.000	0.345	100.006	1.127	5.022	0.664	1785260873.209
1940	100.000	-0.105	100.004	0.734	4.465	0.664	1785260873.410
1941	100.000	-0.013	99.996	0.655	4.014	0.664	1785260873.589
1942	100.000	0.001	100.005	0.576	2.203	0.808	1785260873.777
1943	100.000	0.132	99.998	1.602	1.733	0.668	1785260873.958
1944	100.000	0.241	100.002	2.148	1.511	0.695	1785260874.157
1945	100.000	-0.250	100.005	3.162	1.386	0.680	1785260874.339
1946	100.000	0.250	100.000	3.108	1.235	0.692	1785260874.517
1947	100.000	0.338	100.002	3.310	1.154	0.692	1785260874.726
1948	100.000	0.035	100.003	3.342	1.041	0.669	1785260874.902
1949	100.000	-0.198	99.996	2.837	0.876	0.664	1785260875.097
1950	100.000	-0.093	100.004	2.239	0.658	0.700	1785260875.282
1951	100.000	0.022	100.001	1.824	0.425	0.711	1785260875.459
1952	100.000	-0.149	99.999	1.405	6.195	0.737	1785260875.636
1953	100.000	0.051	100.003	1.029	5.772	0.664	1785260875.835
1954	100.000	0.056	99.999	1.051	5.187	0.664	1785260876.089
1955	100.000	0.169	99.999	0.937	4.537	0.664	1785260876.286
1956	100.000	0.021	99.998	0.374	3.784	0.664	1785260876.467
1957	100.000	0.198	99.997	0.642	2.501	0.664	1785260876.655
1958	100.000	0.156	100.001	1.491	1.901	0.718	1785260876.857
1959	100.000	-0.125	99.999	2.454	1.622	0.684	1785260877.096
1960	100.000	0.020	100.000	2.764	1.414	0.702	1785260877.294
1961	100.000	0.177	100.001	2.922	1.283	0.709	1785260877.466
1962	100.000	0.169	100.001	3.333	1.144	0.688	1785260877.687
1963	100.000	-0.097	100.002	3.092	0.990	0.692	1785260877.909
1964	100.000	-0.434	100.004	2.741	0.834	0.681	1785260878.092
1965	100.000	-0.070	100.005	2.234	0.512	0.696	1785260878.294
1966	100.000	0.081	99.999	1.454	0.224	0.664	1785260878.539
1967	100.000	-0.313	100.000	1.244	5.963	0.664	1785260878.721
1968	100.000	-0.018	99.998	1.106	5.271	0.664	1785260878.926
1969	100.000	-0.148	100.002	0.828	4.714	0.664	1785260879.166
1970	100.000	0.152	99.999	0.812	4.193	0.664	1785260879.361
1971	100.000	-0.442	100.004	0.525	2.588	0.788	1785260879.547
1972	100.000	-0.276	99.999	1.095	2.066	0.666	1785260879.735
1973	100.000	0.339	100.001	1.901	1.664	0.710	1785260879.928
1974	100.000	0.169	100.006	2.571	1.440	0.679	1785260880.076
1975	100.000	0.357	100.001	2.947	1.370	0.674	1785260880.294
1976	100.000	-0.118	100.001	2.921	1.236	0.690	1785260880.473
1977	100.000	-0.315	99.997	3.005	1.064	0.701	1785260880.661
1978	100.000	0.076	100.000	2.753	0.887	0.697	1785260880.852
1979	100.000	0.156	100.000	2.420	0.861	0.677	1785260881.025
1980	100.000	0.251	100.002	1.837	0.566	0.698	1785260881.226
1981	100.000	-0.082	100.003	1.451	0.407	0.642	1785260881.393
1982	100.000	0.120	100.001	1.085	0.022	0.664	1785260881.593
1983	100.000	-0.036	100.001	1.110	5.769	0.664	1785260881.778
1984	100.000	-0.262	99.999	0.774	5.399	0.664	1785260881.970
1985	100.000	-0.358	100.003	0.922	5.022	0.664	1785260882.166
1986	100.000	0.485	99.998	0.910	4.379	0.664	1785260882.352
1987	100.000	0.116	100.000	0.375	2.842	0.664	1785260882.543
1988	100.000	0.003	99.996	1.290	1.943	0.631	1785260882.741
1989	100.000	-0.236	99.997	2.054	1.657	0.698	1785260882.968
1990	100.000	0.105	100.000	2.753	1.509	0.692	1785260883.146
1991	100.000	0.135	100.001	3.034	1.420	0.701	1785260883.326
1992	100.000	-0.259	99.998	3.181	1.213	0.687	1785260883.543
1993	100.000	-0.094	99.996	3.119	1.028	0.691	1785260883.782
1994	100.000	-0.005	100.000	2.566	0.812	0.703	1785260883.972
1995	100.000	0.098	99.999	2.289	0.724	0.688	1785260884.166
1996	100.000	-0.051	100.000	1.693	0.433	0.679	1785260884.347
1997	100.000	0.582	100.003	1.193	6.257	0.720	1785260884.517
1998	100.000	0.336	100.001	0.968	5.719	0.664	1785260884.717
1999	100.000	-0.104	99.997	0.886	5.384	0.664	1785260884.899
2000	100.000	0.385	99.997	0.907	5.043	0.664	1785260885.102
2001	100.000	0.030	100.002	0.878	4.664	0.664	1785260885.284
2002	100.000	-0.254	100.001	0.494	4.562	0.664	1785260885.475
2003	100.000	-0.058	100.006	0.359	2.181	0.720	1785260885.665
2004	100.000	-0.100	99.999	0.541	1.937	0.762	1785260885.852
2005	100.000	-0.405	99.996	0.569	1.957	0.720	1785260886.020
2006	100.000	-0.154	99.999	0.616	2.016	0.677	1785260886.227
2007	100.000	0.195	99.998	0.385	2.298	0.827	1785260886.448
2008	100.000	0.248	100.004	0.488	1.985	0.779	1785260886.651
2009	100.000	-0.077	100.000	0.508	2.021	0.799	1785260886.853
2010	100.000	0.263	100.002	0.687	2.076	0.676	1785260887.047
2011	100.000	0.016	99.999	0.486	1.999	0.770	1785260887.241
2012	100.000	0.338	100.001	0.444	1.917	0.659	1785260887.424
2013	100.000	0.136	99.999	0.546	2.078	0.700	1785260887.618
2014	100.000	-0.070	99.998	0.797	1.840	0.679	1785260887.816
2015	100.000	0.089	100.003	0.501	2.060	0.798	1785260887.992
2016	100.000	-0.238	99.996	0.517	1.940	0.780	1785260888.199
2017	100.000	-0.123	99.997	0.662	1.799	0.594	1785260888.410
2018	100.000	-0.382	100.001	0.677	1.747	0.658	1785260888.601
2019	100.000	0.268	100.002	0.624	1.940	0.670	1785260888.789
2020	100.000	-0.211	99.999	0.556	2.273	0.809	1785260888.977
2021	100.000	-0.039	100.002	0.588	1.877	0.714	1785260889.209
2022	100.000	-0.005	100.003	0.496	1.819	0.763	1785260889.399
2023	100.000	0.275	100.001	0.523	1.859	0.698	1785260889.574
2024	100.000	0.157	99.997	0.743	1.948	0.667	1785260889.772
2025	100.000	0.039	100.003	0.501	2.036	0.694	1785260890.037
2026	100.000	-0.005	100.003	0.562	1.859	0.595	1785260890.222
2027	100.000	-0.002	99.999	0.454	2.203	0.710	1785260890.416
2028	100.000	0.101	99.996	0.712	1.935	0.615	1785260890.591
2029	100.000	-0.230	99.995	0.699	2.139	0.653	1785260890.778
2030	100.000	0.054	99.997	0.580	2.083	0.746	1785260890.959
2031	100.000	-0.646	100.002	0.550	1.838	0.599	1785260891.139
2032	100.000	0.311	99.998	0.470	2.038	0.655	1785260891.335
2033	100.000	-0.034	100.001	0.331	1.899	0.820	1785260891.511
2034	100.000	0.130	100.000	0.827	2.101	0.686	1785260891.683
2035	100.000	0.152	100.001	0.510	1.952	0.817	1785260891.913
2036	100.000	-0.203	100.000	0.544	1.833	0.621	1785260892.103
2037	100.000	-0.126	100.000	0.653	1.935	0.698	1785260892.284
2038	100.000	0.135	100.005	0.535	1.882	0.652	1785260892.486
2039	100.000	0.119	99.999	0.484	2.031	0.788	1785260892.720
2040	100.000	0.079	99.998	0.614	1.763	0.759	1785260892.971
2041	100.000	0.030	99.998	0.669	1.996	0.666	1785260893.161
2042	100.000	-0.079	99.996	0.479	1.805	0.747	1785260893.363
2043	100.000	-0.099	100.001	0.550	1.890	0.740	1785260893.602
2044	100.000	-0.350	99.999	0.478	1.891	0.704	1785260893.843
2045	100.000	-0.173	99.998	0.531	2.082	0.690	1785260894.042
2046	100.000	-0.051	100.005	0.486	2.098	0.681	1785260894.248
2047	100.000	0.131	100.000	0.603	2.062	0.771	1785260894.427
2048	100.000	0.515	100.000	0.600	1.909	0.747	1785260894.592
2049	100.000	-0.018	99.997	0.542	1.941	0.743	1785260894.793
2050	100.000	-0.095	100.003	0.468	2.016	0.732	1785260895.058
2051	100.000	0.106	99.999	0.419	2.344	0.752	1785260895.248
2052	100.000	-0.264	99.997	0.702	1.941	0.693	1785260895.433
2053	100.000	0.188	99.994	0.686	1.968	0.651	1785260895.607
2054	100.000	0.053	100.002	0.418	1.672	0.690	1785260895.793
2055	100.000	0.051	99.997	0.636	2.020	0.660	1785260895.973
