Point No.	Frequency Set (GHz)	THz Photocurrent (nA)	Frequency Act (GHz)	Amplitude (via StrMod)	Phase (via StrMod)	Frequency Fit	Timestamp (s)
1	100.000	-0.160	100.002	15.442	1.544	0.686	1785258934.339
2	100.000	0.065	100.002	15.636	1.546	0.682	1785258934.518
3	100.000	-0.038	100.003	15.257	1.561	0.687	1785258934.702
4	100.000	-0.025	99.999	15.480	1.553	0.684	1785258934.891
5	100.000	0.312	100.002	15.616	1.548	0.686	1785258935.076
6	100.000	0.146	100.000	15.653	1.542	0.683	1785258935.289
7	100.000	-0.244	99.995	15.351	1.548	0.686	1785258935.527
8	100.000	-0.181	99.998	15.470	1.542	0.685	1785258935.744
9	100.000	-0.059	100.001	15.361	1.542	0.688	1785258935.967
10	100.000	0.368	99.996	14.725	1.616	0.684	1785258936.216
11	100.000	-0.027	99.999	12.148	2.017	0.681	1785258936.377
12	100.000	0.176	99.999	10.140	2.404	0.685	1785258936.586
13	100.000	-0.151	99.999	8.680	2.980	0.689	1785258936.767
14	100.000	0.035	99.997	8.842	3.550	0.664	1785258936.964
15	100.000	-0.426	100.000	9.254	3.962	0.664	1785258937.209
16	100.000	0.398	99.995	9.513	4.344	0.664	1785258937.368
17	100.000	-0.027	100.000	7.947	4.698	0.664	1785258937.593
18	100.000	-0.193	100.004	6.673	5.349	0.664	1785258937.764
19	100.000	-0.130	100.000	7.426	5.961	0.664	1785258937.955
20	100.000	-0.007	99.997	9.854	0.223	0.689	1785258938.139
21	100.000	-0.357	100.001	12.848	0.586	0.684	1785258938.327
22	100.000	0.233	100.000	15.494	0.850	0.681	1785258938.506
23	100.000	-0.273	99.999	16.697	1.100	0.683	1785258938.709
24	100.000	-0.092	100.002	16.311	1.323	0.685	1785258938.887
25	100.000	0.042	100.000	14.925	1.567	0.685	1785258939.072
26	100.000	0.384	100.000	12.427	1.919	0.685	1785258939.264
27	100.000	0.031	100.001	10.516	2.296	0.686	1785258939.450
28	100.000	0.217	99.997	8.559	2.896	0.683	1785258939.667
29	100.000	0.119	100.001	8.384	3.451	0.664	1785258939.853
30	100.000	-0.187	100.005	8.922	3.914	0.664	1785258940.054
31	100.000	-0.162	99.996	8.893	4.341	0.664	1785258940.281
32	100.000	0.214	100.003	7.874	4.742	0.664	1785258940.454
33	100.000	0.229	100.000	7.133	5.272	0.664	1785258940.655
34	100.000	-0.048	99.998	7.583	5.917	0.664	1785258940.853
35	100.000	-0.160	99.997	10.039	0.193	0.680	1785258941.035
36	100.000	-0.057	100.003	13.119	0.562	0.679	1785258941.214
37	100.000	0.031	99.999	14.960	0.764	0.684	1785258941.397
38	100.000	-0.291	100.001	16.362	1.021	0.682	1785258941.593
39	100.000	-0.071	99.999	16.245	1.287	0.687	1785258941.807
40	100.000	-0.332	100.003	14.729	1.648	0.686	1785258942.042
41	100.000	-0.275	100.000	11.997	2.000	0.690	1785258942.216
42	100.000	-0.376	99.999	10.011	2.418	0.690	1785258942.407
43	100.000	0.210	100.002	8.659	3.009	0.683	1785258942.603
44	100.000	-0.276	100.000	8.829	3.548	0.664	1785258942.796
45	100.000	0.185	100.002	9.387	4.040	0.664	1785258943.028
46	100.000	0.319	100.001	9.399	4.391	0.664	1785258943.211
47	100.000	-0.131	100.000	8.226	4.741	0.664	1785258943.366
48	100.000	-0.195	99.996	6.827	5.264	0.664	1785258943.565
49	100.000	0.168	100.001	7.400	5.939	0.664	1785258943.774
50	100.000	-0.138	100.001	10.038	0.253	0.679	1785258943.955
51	100.000	0.179	100.001	13.015	0.585	0.684	1785258944.177
52	100.000	-0.151	99.997	15.990	0.916	0.685	1785258944.417
53	100.000	0.107	99.996	17.024	1.174	0.680	1785258944.601
54	100.000	0.250	99.998	16.270	1.422	0.680	1785258944.780
55	100.000	-0.303	100.004	14.665	1.677	0.686	1785258944.964
56	100.000	-0.194	100.001	11.986	2.019	0.686	1785258945.126
57	100.000	-0.229	99.996	9.521	2.433	0.687	1785258945.333
58	100.000	-0.024	100.000	8.122	3.023	0.664	1785258945.518
59	100.000	-0.351	100.002	8.465	3.590	0.664	1785258945.721
60	100.000	0.094	100.002	8.808	4.033	0.664	1785258945.907
61	100.000	0.435	100.000	8.925	4.373	0.664	1785258946.096
62	100.000	-0.009	100.006	8.317	4.781	0.664	1785258946.273
63	100.000	0.196	99.998	7.588	5.233	0.664	1785258946.452
64	100.000	-0.094	99.997	7.902	5.914	0.664	1785258946.659
65	100.000	0.086	100.001	10.132	0.205	0.670	1785258946.839
66	100.000	-0.257	99.999	13.230	0.542	0.680	1785258947.053
67	100.000	0.191	100.006	15.873	0.822	0.683	1785258947.246
68	100.000	-0.016	100.000	16.841	1.076	0.683	1785258947.475
69	100.000	-0.435	99.999	16.687	1.318	0.682	1785258947.646
70	100.000	0.066	99.997	14.780	1.595	0.688	1785258947.847
71	100.000	-0.034	100.001	12.394	1.943	0.689	1785258948.058
72	100.000	-0.162	99.997	9.296	2.501	0.695	1785258948.255
73	100.000	0.043	100.002	8.345	3.117	0.671	1785258948.463
74	100.000	-0.287	99.999	8.610	3.681	0.664	1785258948.663
75	100.000	0.071	100.000	9.218	4.081	0.664	1785258948.844
76	100.000	-0.036	99.999	8.958	4.436	0.664	1785258949.057
77	100.000	0.336	99.997	8.032	4.890	0.664	1785258949.280
78	100.000	-0.259	99.999	7.154	5.529	0.664	1785258949.475
79	100.000	0.011	100.002	8.455	6.148	0.683	1785258949.661
80	100.000	0.102	99.996	11.078	0.355	0.685	1785258949.864
81	100.000	0.068	100.003	14.628	0.725	0.682	1785258950.072
82	100.000	-0.083	99.995	16.405	0.962	0.684	1785258950.267
83	100.000	-0.095	100.002	16.957	1.208	0.683	1785258950.471
84	100.000	-0.157	100.001	15.409	1.506	0.682	1785258950.704
85	100.000	-0.121	100.003	13.131	1.825	0.684	1785258950.884
86	100.000	-0.081	99.998	10.470	2.244	0.687	1785258951.092
87	100.000	0.144	100.002	8.255	2.802	0.683	1785258951.294
88	100.000	-0.202	99.998	7.922	3.461	0.664	1785258951.480
89	100.000	0.050	100.001	8.568	3.917	0.664	1785258951.676
90	100.000	0.029	100.000	9.344	4.334	0.664	1785258951.870
91	100.000	-0.226	99.999	8.654	4.664	0.664	1785258952.050
92	100.000	0.008	99.999	7.648	5.131	0.664	1785258952.253
93	100.000	-0.444	99.995	7.611	5.793	0.664	1785258952.476
94	100.000	-0.303	100.000	9.653	0.149	0.670	1785258952.677
95	100.000	0.000	100.001	12.714	0.508	0.683	1785258952.874
96	100.000	0.208	100.002	15.397	0.784	0.684	1785258953.050
97	100.000	-0.034	99.998	16.823	0.988	0.682	1785258953.233
98	100.000	-0.495	100.002	16.974	1.241	0.682	1785258953.427
99	100.000	0.242	100.002	15.520	1.493	0.687	1785258953.615
100	100.000	0.339	99.999	13.255	1.802	0.684	1785258953.802
101	100.000	0.108	100.000	10.210	2.243	0.688	1785258954.014
102	100.000	-0.076	100.001	8.400	2.809	0.687	1785258954.233
103	100.000	0.246	99.999	8.150	3.485	0.664	1785258954.426
104	100.000	0.101	100.004	8.657	3.932	0.664	1785258954.612
105	100.000	-0.235	99.999	8.947	4.297	0.664	1785258954.804
106	100.000	-0.156	100.001	8.716	4.661	0.664	1785258954.994
107	100.000	-0.022	99.994	7.825	5.079	0.664	1785258955.183
108	100.000	-0.062	100.001	7.547	5.679	0.664	1785258955.342
109	100.000	0.024	99.999	8.947	6.270	0.671	1785258955.549
110	100.000	0.143	100.002	12.142	0.475	0.681	1785258955.746
111	100.000	0.208	99.999	14.698	0.742	0.685	1785258955.907
112	100.000	0.067	100.001	16.345	0.995	0.680	1785258956.093
113	100.000	-0.076	99.999	16.709	1.222	0.683	1785258956.297
114	100.000	0.112	100.001	15.619	1.476	0.684	1785258956.509
115	100.000	-0.014	100.003	12.999	1.795	0.687	1785258956.735
116	100.000	0.041	99.997	10.029	2.264	0.684	1785258956.907
117	100.000	-0.472	100.001	8.306	2.794	0.692	1785258957.121
118	100.000	-0.073	100.002	7.887	3.438	0.664	1785258957.299
119	100.000	-0.289	99.998	8.661	3.938	0.664	1785258957.486
120	100.000	0.064	100.002	9.195	4.277	0.664	1785258957.652
121	100.000	-0.333	99.999	8.563	4.590	0.664	1785258957.856
122	100.000	-0.250	100.001	7.991	5.015	0.664	1785258958.043
123	100.000	0.264	100.002	7.260	5.602	0.664	1785258958.231
124	100.000	-0.236	100.000	8.885	6.238	0.664	1785258958.454
125	100.000	-0.024	99.998	11.697	0.395	0.674	1785258958.621
126	100.000	0.106	99.998	14.146	0.658	0.682	1785258958.825
127	100.000	0.055	100.000	15.990	0.943	0.685	1785258959.009
128	100.000	-0.142	99.996	16.368	1.189	0.687	1785258959.200
129	100.000	0.010	100.003	15.758	1.446	0.684	1785258959.382
130	100.000	-0.087	100.004	13.751	1.719	0.683	1785258959.564
131	100.000	0.373	100.005	11.171	2.071	0.684	1785258959.746
132	100.000	0.302	100.002	9.210	2.513	0.694	1785258959.935
133	100.000	-0.289	100.004	8.079	3.105	0.677	1785258960.104
134	100.000	0.085	100.001	8.245	3.629	0.664	1785258960.292
135	100.000	0.375	100.000	8.647	4.049	0.664	1785258960.505
136	100.000	0.164	100.002	8.662	4.445	0.664	1785258960.704
137	100.000	0.194	100.000	8.642	4.773	0.664	1785258960.873
138	100.000	-0.121	100.004	7.446	5.299	0.664	1785258961.070
139	100.000	0.392	100.002	7.839	5.941	0.664	1785258961.260
140	100.000	-0.062	99.997	9.932	0.175	0.671	1785258961.456
141	100.000	0.647	99.998	13.177	0.564	0.683	1785258961.635
142	100.000	-0.358	99.992	15.408	0.810	0.682	1785258961.827
143	100.000	0.352	99.998	16.822	1.058	0.681	1785258961.997
144	100.000	0.153	99.999	16.332	1.313	0.683	1785258962.203
145	100.000	0.007	100.001	14.542	1.621	0.687	1785258962.431
146	100.000	-0.613	100.002	12.134	1.950	0.692	1785258962.600
147	100.000	0.194	100.004	10.061	2.308	0.691	1785258962.797
148	100.000	-0.177	100.001	8.425	2.895	0.703	1785258962.976
149	100.000	0.107	100.002	8.148	3.439	0.664	1785258963.145
150	100.000	-0.242	100.000	8.507	3.880	0.664	1785258963.347
151	100.000	0.026	100.000	8.805	4.268	0.664	1785258963.525
152	100.000	-0.271	100.001	8.487	4.657	0.664	1785258963.725
153	100.000	-0.029	100.000	7.967	5.105	0.664	1785258963.923
154	100.000	0.424	100.001	7.854	5.802	0.664	1785258964.166
155	100.000	-0.185	100.002	10.064	0.116	0.685	1785258964.384
156	100.000	0.007	100.002	13.611	0.565	0.681	1785258964.593
157	100.000	0.378	99.999	16.184	0.850	0.680	1785258964.778
158	100.000	-0.028	100.003	16.952	1.120	0.683	1785258964.975
159	100.000	-0.120	100.001	16.282	1.357	0.685	1785258965.154
160	100.000	-0.235	100.004	14.678	1.613	0.686	1785258965.327
161	100.000	-0.021	99.997	12.308	1.957	0.683	1785258965.531
162	100.000	0.150	100.001	10.006	2.380	0.689	1785258965.716
163	100.000	0.105	100.000	8.642	2.873	0.695	1785258965.904
164	100.000	0.080	99.996	8.307	3.477	0.664	1785258966.102
165	100.000	-0.130	100.006	8.528	3.948	0.664	1785258966.295
166	100.000	0.098	100.001	8.987	4.341	0.664	1785258966.485
167	100.000	0.043	100.002	8.212	4.744	0.664	1785258966.698
168	100.000	-0.072	100.002	7.619	5.268	0.664	1785258966.892
169	100.000	0.068	100.000	7.934	5.895	0.664	1785258967.089
170	100.000	0.065	100.000	10.154	0.159	0.694	1785258967.301
171	100.000	0.237	100.001	13.906	0.615	0.682	1785258967.535
172	100.000	0.017	99.998	16.019	0.898	0.684	1785258967.725
173	100.000	0.265	99.998	16.611	1.131	0.687	1785258967.940
174	100.000	-0.184	100.003	15.830	1.434	0.682	1785258968.157
175	100.000	0.370	100.000	13.524	1.747	0.686	1785258968.350
176	100.000	-0.276	100.000	11.002	2.122	0.690	1785258968.555
177	100.000	-0.089	99.998	8.739	2.698	0.691	1785258968.772
178	100.000	0.181	99.999	8.079	3.311	0.664	1785258968.962
179	100.000	0.039	99.999	8.394	3.762	0.664	1785258969.167
180	100.000	-0.531	100.006	8.643	4.185	0.664	1785258969.344
181	100.000	-0.370	100.002	8.234	4.596	0.664	1785258969.576
182	100.000	-0.215	100.002	7.789	5.061	0.664	1785258969.738
183	100.000	0.154	99.998	7.680	5.647	0.664	1785258969.942
184	100.000	0.135	100.003	9.211	6.210	0.683	1785258970.122
185	100.000	0.098	99.999	11.710	0.337	0.684	1785258970.317
186	100.000	-0.228	99.997	14.552	0.661	0.682	1785258970.523
187	100.000	-0.724	100.002	16.161	0.952	0.681	1785258970.758
188	100.000	0.348	100.001	16.341	1.215	0.685	1785258970.942
189	100.000	0.064	99.997	15.153	1.481	0.685	1785258971.143
190	100.000	0.008	100.005	12.120	1.918	0.687	1785258971.402
191	100.000	0.260	99.999	9.484	2.425	0.685	1785258971.604
192	100.000	0.250	99.998	8.310	3.085	0.682	1785258971.826
193	100.000	-0.264	100.002	8.518	3.646	0.664	1785258972.002
194	100.000	-0.111	99.997	9.166	4.063	0.664	1785258972.216
195	100.000	0.091	100.000	9.134	4.439	0.664	1785258972.402
196	100.000	0.170	99.998	8.199	4.789	0.664	1785258972.586
197	100.000	0.100	99.993	7.296	5.384	0.664	1785258972.792
198	100.000	0.134	100.004	8.134	5.953	0.673	1785258972.963
199	100.000	-0.118	99.997	10.285	0.173	0.678	1785258973.154
200	100.000	-0.099	100.000	13.163	0.523	0.679	1785258973.341
201	100.000	-0.360	100.001	15.858	0.821	0.679	1785258973.525
202	100.000	-0.140	99.999	16.613	1.053	0.681	1785258973.723
203	100.000	0.273	100.001	15.928	1.297	0.684	1785258973.918
204	100.000	-0.008	100.001	14.597	1.572	0.685	1785258974.115
205	100.000	0.026	100.002	12.750	1.864	0.684	1785258974.293
206	100.000	0.005	99.999	10.135	2.348	0.682	1785258974.508
207	100.000	-0.137	99.998	8.473	2.957	0.689	1785258974.689
208	100.000	0.188	100.002	8.331	3.498	0.664	1785258974.883
209	100.000	0.311	100.000	8.892	3.958	0.664	1785258975.134
210	100.000	-0.014	100.001	8.872	4.357	0.664	1785258975.289
211	100.000	-0.274	99.998	8.234	4.717	0.664	1785258975.495
212	100.000	0.114	100.001	7.336	5.249	0.664	1785258975.692
213	100.000	0.089	100.003	8.033	5.877	0.664	1785258975.869
214	100.000	-0.065	100.001	10.006	0.108	0.672	1785258976.070
215	100.000	-0.288	100.001	13.317	0.550	0.678	1785258976.257
216	100.000	0.146	99.998	15.565	0.801	0.682	1785258976.448
217	100.000	0.074	99.996	16.533	1.013	0.682	1785258976.626
218	100.000	-0.060	100.001	16.030	1.220	0.685	1785258976.812
219	100.000	0.277	100.000	14.968	1.506	0.682	1785258976.989
220	100.000	-0.159	100.001	12.985	1.814	0.682	1785258977.162
221	100.000	-0.126	99.998	10.415	2.232	0.690	1785258977.385
222	100.000	0.130	100.001	8.725	2.801	0.675	1785258977.577
223	100.000	0.245	99.998	8.275	3.405	0.664	1785258977.810
224	100.000	-0.237	100.003	8.736	3.936	0.664	1785258978.018
225	100.000	0.058	100.001	8.930	4.368	0.664	1785258978.270
226	100.000	0.255	99.998	8.109	4.865	0.664	1785258978.493
227	100.000	0.262	99.998	7.509	5.496	0.664	1785258978.705
228	100.000	0.312	100.000	8.930	6.178	0.688	1785258978.937
229	100.000	0.111	100.005	11.816	0.356	0.683	1785258979.124
230	100.000	0.159	99.998	14.367	0.677	0.682	1785258979.328
231	100.000	-0.169	100.000	16.344	0.984	0.683	1785258979.568
232	100.000	0.166	99.998	15.768	1.274	0.686	1785258979.768
233	100.000	0.071	99.999	14.586	1.532	0.682	1785258979.955
234	100.000	-0.156	99.999	12.197	1.887	0.686	1785258980.201
235	100.000	0.153	99.999	9.580	2.378	0.688	1785258980.380
236	100.000	-0.179	100.002	8.367	2.876	0.682	1785258980.575
237	100.000	-0.041	100.000	8.306	3.505	0.664	1785258980.730
238	100.000	0.287	100.001	8.485	3.890	0.664	1785258980.952
239	100.000	0.013	100.001	9.079	4.349	0.664	1785258981.182
240	100.000	0.043	100.002	8.092	4.739	0.664	1785258981.364
241	100.000	0.003	99.999	7.501	5.195	0.664	1785258981.554
242	100.000	-0.222	100.001	7.644	5.847	0.664	1785258981.756
243	100.000	-0.033	99.999	9.974	0.161	0.690	1785258981.955
244	100.000	-0.504	99.999	13.277	0.571	0.683	1785258982.191
245	100.000	0.008	100.001	15.723	0.869	0.682	1785258982.364
246	100.000	-0.109	99.996	16.419	1.078	0.685	1785258982.549
247	100.000	-0.197	99.995	15.779	1.341	0.687	1785258982.737
248	100.000	0.359	100.001	14.265	1.619	0.682	1785258982.964
249	100.000	-0.247	100.003	11.394	2.036	0.687	1785258983.178
250	100.000	-0.019	100.006	9.239	2.510	0.689	1785258983.365
251	100.000	0.042	99.999	8.282	3.106	0.692	1785258983.580
252	100.000	0.249	100.003	8.548	3.736	0.664	1785258983.812
253	100.000	0.034	99.997	8.864	4.180	0.664	1785258984.007
254	100.000	-0.098	100.000	8.900	4.533	0.664	1785258984.202
255	100.000	0.141	99.999	8.184	4.920	0.664	1785258984.370
256	100.000	-0.032	100.002	7.310	5.454	0.664	1785258984.551
257	100.000	-0.122	100.001	8.014	6.054	0.664	1785258984.734
258	100.000	0.209	99.996	10.455	0.273	0.684	1785258984.950
259	100.000	-0.015	100.001	13.653	0.632	0.684	1785258985.126
260	100.000	0.205	100.003	15.763	0.908	0.683	1785258985.335
261	100.000	-0.332	100.000	16.643	1.174	0.683	1785258985.560
262	100.000	-0.245	100.001	15.332	1.461	0.686	1785258985.757
263	100.000	0.060	100.000	13.512	1.771	0.684	1785258985.948
264	100.000	-0.124	99.999	11.060	2.136	0.682	1785258986.153
265	100.000	-0.007	100.001	8.537	2.744	0.691	1785258986.389
266	100.000	-0.152	99.998	8.104	3.426	0.664	1785258986.616
267	100.000	0.049	100.004	8.416	3.936	0.664	1785258986.841
268	100.000	-0.369	100.000	8.695	4.402	0.664	1785258987.078
269	100.000	-0.143	100.000	7.906	4.925	0.664	1785258987.327
270	100.000	0.214	100.000	7.399	5.721	0.664	1785258987.581
271	100.000	0.384	99.999	9.584	0.104	0.685	1785258987.819
272	100.000	-0.237	100.004	13.014	0.544	0.683	1785258987.995
273	100.000	0.197	100.000	15.475	0.834	0.682	1785258988.216
274	100.000	0.043	100.003	16.414	1.134	0.685	1785258988.456
275	100.000	0.324	99.996	15.506	1.408	0.686	1785258988.632
276	100.000	-0.423	99.995	13.771	1.689	0.690	1785258988.820
277	100.000	-0.028	99.996	11.893	2.039	0.684	1785258989.001
278	100.000	-0.175	100.002	9.710	2.475	0.683	1785258989.184
279	100.000	-0.002	99.999	8.549	2.959	0.679	1785258989.372
280	100.000	0.215	100.000	8.194	3.473	0.664	1785258989.554
281	100.000	-0.344	99.999	8.518	3.905	0.664	1785258989.746
282	100.000	-0.011	99.994	8.820	4.309	0.664	1785258989.942
283	100.000	0.118	99.998	8.375	4.709	0.664	1785258990.126
284	100.000	-0.120	100.001	7.434	5.212	0.664	1785258990.314
285	100.000	-0.068	99.994	7.826	5.819	0.664	1785258990.503
286	100.000	0.035	100.001	9.664	0.059	0.686	1785258990.696
287	100.000	-0.062	100.000	12.406	0.458	0.678	1785258990.882
288	100.000	-0.099	100.002	14.998	0.746	0.681	1785258991.100
289	100.000	0.245	99.996	16.560	1.050	0.682	1785258991.331
290	100.000	0.049	100.001	15.969	1.373	0.684	1785258991.551
291	100.000	-0.238	100.000	14.208	1.665	0.684	1785258991.763
292	100.000	0.051	100.002	11.870	2.040	0.687	1785258991.948
293	100.000	-0.083	100.003	9.459	2.565	0.690	1785258992.204
294	100.000	-0.142	99.998	8.448	3.218	0.667	1785258992.378
295	100.000	-0.160	100.002	8.588	3.675	0.664	1785258992.566
296	100.000	0.104	99.999	8.649	4.052	0.664	1785258992.755
297	100.000	0.006	100.002	8.638	4.429	0.664	1785258992.944
298	100.000	-0.125	100.002	8.274	4.829	0.664	1785258993.121
299	100.000	-0.048	99.999	7.274	5.414	0.664	1785258993.332
300	100.000	-0.068	100.000	8.802	6.076	0.664	1785258993.574
301	100.000	-0.123	99.998	11.505	0.315	0.682	1785258993.765
302	100.000	-0.609	99.997	14.513	0.670	0.682	1785258994.003
303	100.000	-0.183	100.000	16.201	0.948	0.682	1785258994.186
304	100.000	0.099	100.000	16.603	1.214	0.680	1785258994.374
305	100.000	-0.260	100.001	15.064	1.447	0.685	1785258994.545
306	100.000	-0.213	99.997	13.409	1.752	0.684	1785258994.751
307	100.000	-0.353	100.001	10.989	2.160	0.689	1785258994.938
308	100.000	-0.294	99.999	9.217	2.669	0.689	1785258995.147
309	100.000	0.269	99.999	8.357	3.233	0.677	1785258995.333
310	100.000	-0.129	100.001	8.469	3.715	0.664	1785258995.507
311	100.000	0.044	100.000	8.404	4.053	0.664	1785258995.710
312	100.000	-0.115	100.000	8.610	4.490	0.664	1785258995.888
313	100.000	0.456	100.002	7.496	4.962	0.664	1785258996.100
314	100.000	0.007	99.997	7.521	5.727	0.664	1785258996.358
315	100.000	0.217	99.998	9.396	0.049	0.664	1785258996.553
316	100.000	-0.141	100.001	13.061	0.540	0.679	1785258996.813
317	100.000	-0.117	100.000	15.483	0.857	0.683	1785258997.045
318	100.000	0.127	99.999	16.237	1.113	0.681	1785258997.248
319	100.000	0.157	100.001	15.260	1.377	0.685	1785258997.419
320	100.000	0.324	100.000	13.851	1.664	0.683	1785258997.624
321	100.000	0.053	100.001	11.410	2.017	0.690	1785258997.796
322	100.000	0.154	100.003	9.597	2.463	0.688	1785258997.998
323	100.000	-0.279	100.001	8.442	3.055	0.664	1785258998.170
324	100.000	-0.492	100.000	8.551	3.530	0.664	1785258998.353
325	100.000	0.000	100.001	8.859	3.914	0.664	1785258998.552
326	100.000	0.141	100.001	8.568	4.277	0.664	1785258998.725
327	100.000	-0.156	100.003	8.018	4.645	0.664	1785258998.895
328	100.000	-0.283	99.999	7.345	5.148	0.664	1785258999.100
329	100.000	0.144	100.000	7.639	5.846	0.664	1785258999.274
330	100.000	-0.053	99.998	9.592	0.050	0.686	1785258999.501
331	100.000	-0.116	100.000	13.162	0.521	0.686	1785258999.746
332	100.000	-0.111	100.002	15.841	0.840	0.683	1785258999.952
333	100.000	0.077	100.003	16.507	1.094	0.683	1785259000.181
334	100.000	0.011	100.001	15.352	1.398	0.684	1785259000.358
335	100.000	-0.114	99.996	13.867	1.661	0.684	1785259000.559
336	100.000	-0.101	100.005	11.214	2.062	0.685	1785259000.761
337	100.000	0.095	99.999	9.127	2.636	0.684	1785259000.984
338	100.000	-0.306	99.999	8.349	3.217	0.664	1785259001.163
339	100.000	0.046	100.003	8.561	3.662	0.664	1785259001.327
340	100.000	0.000	100.001	8.976	4.032	0.664	1785259001.542
341	100.000	0.122	100.000	8.370	4.440	0.664	1785259001.728
342	100.000	0.158	100.004	7.793	4.810	0.664	1785259001.926
343	100.000	-0.074	99.999	7.116	5.392	0.664	1785259002.108
344	100.000	-0.152	100.004	8.237	6.058	0.664	1785259002.284
345	100.000	0.172	99.999	10.658	0.231	0.677	1785259002.489
346	100.000	-0.230	100.001	13.700	0.560	0.680	1785259002.691
347	100.000	0.099	100.000	16.176	0.888	0.683	1785259002.923
348	100.000	0.184	99.998	16.910	1.130	0.683	1785259003.100
349	100.000	-0.015	100.001	15.969	1.349	0.682	1785259003.275
350	100.000	0.265	100.001	13.686	1.645	0.688	1785259003.490
351	100.000	0.055	99.999	11.149	2.067	0.684	1785259003.682
352	100.000	0.078	100.000	9.004	2.586	0.691	1785259003.881
353	100.000	-0.181	100.005	8.309	3.197	0.664	1785259004.112
354	100.000	0.039	99.996	8.676	3.732	0.664	1785259004.272
355	100.000	-0.177	100.003	8.886	4.077	0.664	1785259004.474
356	100.000	0.438	99.998	8.510	4.456	0.664	1785259004.654
357	100.000	0.171	99.999	7.806	4.866	0.664	1785259004.868
358	100.000	0.047	100.000	7.478	5.537	0.664	1785259005.119
359	100.000	0.056	100.005	9.130	0.007	0.668	1785259005.280
360	100.000	0.116	99.999	11.818	0.375	0.678	1785259005.491
361	100.000	0.088	99.998	14.874	0.711	0.677	1785259005.673
362	100.000	0.050	100.003	16.295	0.951	0.678	1785259005.857
363	100.000	-0.039	100.001	16.466	1.162	0.684	1785259006.036
364	100.000	0.095	100.004	15.372	1.410	0.685	1785259006.218
365	100.000	-0.263	100.002	13.366	1.692	0.685	1785259006.394
366	100.000	-0.068	100.000	11.192	2.088	0.686	1785259006.607
367	100.000	-0.035	99.999	9.296	2.585	0.689	1785259006.803
368	100.000	0.307	100.000	8.693	3.156	0.672	1785259006.991
369	100.000	-0.042	100.002	8.501	3.583	0.664	1785259007.159
370	100.000	0.109	99.999	8.735	3.958	0.664	1785259007.356
371	100.000	0.120	100.003	8.673	4.385	0.664	1785259007.544
372	100.000	-0.090	100.002	7.687	4.797	0.664	1785259007.721
373	100.000	-0.142	99.998	7.148	5.329	0.664	1785259007.926
374	100.000	-0.126	100.001	8.195	5.972	0.664	1785259008.120
375	100.000	-0.195	99.999	10.327	0.169	0.679	1785259008.282
376	100.000	-0.276	99.999	12.815	0.483	0.686	1785259008.483
377	100.000	-0.223	100.002	15.361	0.777	0.683	1785259008.671
378	100.000	-0.146	99.997	16.518	1.070	0.681	1785259008.919
379	100.000	0.067	100.000	15.537	1.332	0.682	1785259009.112
380	100.000	0.194	100.000	13.483	1.654	0.684	1785259009.294
381	100.000	0.029	100.002	11.164	2.007	0.684	1785259009.502
382	100.000	0.001	100.000	9.064	2.546	0.692	1785259009.734
383	100.000	0.022	99.999	8.242	3.202	0.679	1785259009.917
384	100.000	-0.022	100.004	8.646	3.673	0.664	1785259010.111
385	100.000	-0.168	99.998	8.615	4.037	0.664	1785259010.302
386	100.000	0.030	100.000	8.425	4.412	0.664	1785259010.493
387	100.000	0.236	100.000	7.595	4.850	0.664	1785259010.686
388	100.000	-0.114	99.999	7.236	5.519	0.664	1785259010.911
389	100.000	0.026	100.001	8.386	6.199	0.664	1785259011.090
390	100.000	0.101	100.002	11.035	0.350	0.683	1785259011.284
391	100.000	-0.134	100.000	13.765	0.643	0.680	1785259011.472
392	100.000	-0.073	100.001	15.766	0.886	0.686	1785259011.691
393	100.000	0.087	100.002	16.357	1.138	0.679	1785259011.829
394	100.000	0.351	100.002	15.527	1.363	0.684	1785259012.058
395	100.000	0.406	99.996	13.485	1.688	0.685	1785259012.261
396	100.000	-0.030	100.001	10.938	2.082	0.682	1785259012.454
397	100.000	0.033	99.994	8.973	2.578	0.695	1785259012.669
398	100.000	0.062	99.999	8.032	3.185	0.681	1785259012.858
399	100.000	-0.295	99.998	8.340	3.659	0.664	1785259013.046
400	100.000	0.188	100.002	8.265	4.028	0.664	1785259013.234
401	100.000	0.012	100.002	8.138	4.414	0.664	1785259013.412
402	100.000	0.106	99.999	7.716	4.802	0.664	1785259013.612
403	100.000	0.186	100.001	7.088	5.369	0.664	1785259013.800
404	100.000	0.261	100.002	7.895	6.029	0.664	1785259013.992
405	100.000	-0.092	99.997	10.595	0.258	0.676	1785259014.158
406	100.000	-0.001	99.999	13.391	0.591	0.683	1785259014.348
407	100.000	0.356	100.000	15.688	0.841	0.680	1785259014.559
408	100.000	0.066	99.999	16.748	1.090	0.683	1785259014.738
409	100.000	0.071	100.000	16.076	1.342	0.683	1785259014.977
410	100.000	-0.260	100.005	13.976	1.670	0.684	1785259015.162
411	100.000	0.015	99.998	11.236	1.990	0.690	1785259015.361
412	100.000	0.144	99.999	9.171	2.467	0.678	1785259015.553
413	100.000	0.089	99.999	8.009	3.016	0.697	1785259015.737
414	100.000	0.109	99.998	7.838	3.555	0.664	1785259015.910
415	100.000	0.004	99.998	8.224	3.977	0.664	1785259016.093
416	100.000	-0.306	99.995	8.201	4.343	0.664	1785259016.288
417	100.000	0.004	100.003	7.765	4.746	0.664	1785259016.471
418	100.000	0.508	99.999	7.185	5.267	0.664	1785259016.662
419	100.000	-0.096	100.006	7.636	5.894	0.664	1785259016.833
420	100.000	0.230	100.004	9.352	0.104	0.680	1785259017.036
421	100.000	0.181	99.997	12.784	0.522	0.685	1785259017.267
422	100.000	-0.473	100.002	15.346	0.809	0.685	1785259017.438
423	100.000	-0.291	100.000	16.516	1.039	0.678	1785259017.632
424	100.000	-0.475	99.999	16.234	1.289	0.682	1785259017.848
425	100.000	-0.338	100.001	14.723	1.571	0.686	1785259018.025
426	100.000	-0.119	100.003	12.040	1.918	0.686	1785259018.230
427	100.000	0.311	100.000	9.226	2.426	0.691	1785259018.488
428	100.000	-0.162	99.993	8.156	3.029	0.676	1785259018.655
429	100.000	-0.474	99.999	7.955	3.525	0.664	1785259018.852
430	100.000	-0.691	100.000	8.294	4.002	0.664	1785259019.025
431	100.000	0.115	100.001	8.369	4.300	0.664	1785259019.215
432	100.000	-0.304	99.997	7.698	4.747	0.664	1785259019.425
433	100.000	0.033	99.999	7.199	5.346	0.664	1785259019.671
434	100.000	-0.503	99.997	8.565	6.207	0.664	1785259019.907
435	100.000	0.195	100.001	11.726	0.409	0.678	1785259020.101
436	100.000	-0.128	100.000	14.591	0.716	0.679	1785259020.284
437	100.000	0.277	100.000	16.489	0.962	0.683	1785259020.494
438	100.000	-0.287	99.998	16.621	1.224	0.682	1785259020.701
439	100.000	0.067	100.005	15.317	1.512	0.683	1785259020.910
440	100.000	-0.243	99.998	12.755	1.798	0.683	1785259021.112
441	100.000	-0.297	100.001	9.761	2.291	0.688	1785259021.351
442	100.000	0.133	100.001	7.970	2.918	0.692	1785259021.518
443	100.000	0.004	100.001	7.711	3.414	0.664	1785259021.723
444	100.000	0.029	100.001	8.191	3.983	0.664	1785259021.960
445	100.000	-0.176	100.004	8.136	4.368	0.664	1785259022.141
446	100.000	-0.169	100.002	7.706	4.777	0.664	1785259022.346
447	100.000	-0.207	99.998	7.216	5.324	0.664	1785259022.517
448	100.000	0.092	99.999	7.768	5.866	0.664	1785259022.732
449	100.000	-0.237	99.998	9.927	0.142	0.678	1785259022.894
450	100.000	-0.229	100.000	12.718	0.509	0.676	1785259023.090
451	100.000	0.079	99.997	15.172	0.789	0.683	1785259023.252
452	100.000	-0.036	99.998	16.633	1.017	0.683	1785259023.462
453	100.000	0.035	99.997	16.682	1.252	0.685	1785259023.632
454	100.000	-0.027	100.000	15.158	1.487	0.686	1785259023.864
455	100.000	0.252	99.996	12.098	1.908	0.683	1785259024.108
456	100.000	-0.106	99.999	9.403	2.401	0.689	1785259024.275
457	100.000	-0.238	100.001	8.116	2.892	0.695	1785259024.469
458	100.000	0.191	100.004	7.759	3.435	0.664	1785259024.636
459	100.000	-0.498	100.001	7.924	3.849	0.664	1785259024.820
460	100.000	-0.229	100.003	8.158	4.253	0.664	1785259025.009
461	100.000	-0.103	99.998	7.959	4.661	0.664	1785259025.221
462	100.000	0.061	100.002	7.315	5.152	0.664	1785259025.408
463	100.000	-0.038	99.997	7.382	5.766	0.664	1785259025.578
464	100.000	0.182	99.999	8.887	0.039	0.664	1785259025.784
465	100.000	0.175	100.004	11.938	0.473	0.678	1785259025.964
466	100.000	-0.094	100.001	14.393	0.747	0.682	1785259026.169
467	100.000	0.325	100.003	15.982	0.972	0.682	1785259026.352
468	100.000	-0.119	100.000	16.687	1.224	0.683	1785259026.542
469	100.000	0.006	100.000	15.557	1.475	0.684	1785259026.713
470	100.000	0.010	99.999	13.426	1.761	0.684	1785259026.910
471	100.000	-0.270	99.998	10.992	2.117	0.687	1785259027.118
472	100.000	0.267	99.998	8.419	2.717	0.695	1785259027.365
473	100.000	0.173	100.000	7.787	3.428	0.664	1785259027.590
474	100.000	-0.382	99.996	7.838	3.940	0.664	1785259027.775
475	100.000	-0.034	100.005	8.070	4.297	0.664	1785259027.964
476	100.000	0.258	99.994	7.567	4.722	0.664	1785259028.142
477	100.000	-0.027	100.003	7.203	5.224	0.664	1785259028.371
478	100.000	0.212	99.996	7.810	5.974	0.664	1785259028.593
479	100.000	-0.108	100.001	10.253	0.198	0.682	1785259028.793
480	100.000	0.044	99.997	13.389	0.614	0.677	1785259028.977
481	100.000	0.066	100.002	15.599	0.862	0.681	1785259029.160
482	100.000	-0.066	100.001	16.777	1.079	0.680	1785259029.327
483	100.000	-0.202	100.003	16.261	1.313	0.684	1785259029.540
484	100.000	-0.075	99.998	14.620	1.630	0.683	1785259029.771
485	100.000	-0.240	100.000	11.969	1.988	0.690	1785259029.990
486	100.000	0.283	100.003	9.002	2.534	0.692	1785259030.230
487	100.000	-0.068	100.002	7.792	3.210	0.664	1785259030.460
488	100.000	-0.285	99.998	7.988	3.767	0.664	1785259030.652
489	100.000	-0.145	100.001	7.962	4.167	0.664	1785259030.831
490	100.000	-0.236	99.999	7.698	4.588	0.664	1785259031.044
491	100.000	-0.270	99.997	7.079	5.087	0.664	1785259031.231
492	100.000	-0.284	100.003	7.394	5.761	0.664	1785259031.454
493	100.000	-0.067	100.001	9.268	0.084	0.673	1785259031.639
494	100.000	0.176	100.007	12.112	0.460	0.681	1785259031.818
495	100.000	-0.516	100.000	15.001	0.769	0.682	1785259032.048
496	100.000	-0.028	99.997	16.575	1.062	0.682	1785259032.282
497	100.000	0.157	100.002	16.324	1.336	0.684	1785259032.496
498	100.000	0.262	99.999	14.340	1.625	0.683	1785259032.707
499	100.000	-0.367	100.002	11.629	1.991	0.687	1785259032.898
500	100.000	-0.430	100.005	9.681	2.409	0.692	1785259033.098
501	100.000	0.116	100.002	8.360	2.976	0.679	1785259033.292
502	100.000	0.284	99.999	8.009	3.469	0.664	1785259033.462
503	100.000	0.087	100.001	8.048	3.929	0.664	1785259033.657
504	100.000	-0.238	99.999	7.886	4.347	0.664	1785259033.845
505	100.000	0.076	100.001	7.452	4.799	0.664	1785259034.044
506	100.000	0.091	100.003	7.228	5.392	0.664	1785259034.293
507	100.000	-0.326	99.999	8.285	6.080	0.664	1785259034.478
508	100.000	-0.189	100.001	10.791	0.243	0.680	1785259034.671
509	100.000	-0.187	99.997	13.717	0.648	0.682	1785259034.894
510	100.000	0.085	100.003	15.827	0.922	0.685	1785259035.109
511	100.000	-0.313	99.998	16.396	1.219	0.684	1785259035.327
512	100.000	0.306	100.002	15.201	1.507	0.686	1785259035.548
513	100.000	-0.211	100.003	13.314	1.811	0.683	1785259035.724
514	100.000	0.093	100.006	10.789	2.168	0.683	1785259035.900
515	100.000	0.147	100.003	9.074	2.591	0.687	1785259036.107
516	100.000	0.091	100.004	8.284	3.158	0.664	1785259036.279
517	100.000	-0.180	99.997	8.194	3.619	0.664	1785259036.478
518	100.000	0.541	99.999	8.131	4.076	0.664	1785259036.651
519	100.000	-0.530	100.003	8.080	4.408	0.664	1785259036.833
520	100.000	-0.266	100.004	7.110	4.860	0.664	1785259037.012
521	100.000	0.058	100.001	6.951	5.430	0.664	1785259037.198
522	100.000	-0.111	100.002	7.800	6.057	0.664	1785259037.379
523	100.000	0.003	99.999	10.308	0.236	0.679	1785259037.582
524	100.000	0.005	100.000	13.162	0.594	0.678	1785259037.786
525	100.000	-0.013	100.002	15.719	0.870	0.682	1785259037.968
526	100.000	0.170	100.001	16.509	1.089	0.685	1785259038.146
527	100.000	0.046	99.997	16.267	1.316	0.683	1785259038.361
528	100.000	-0.230	100.002	14.175	1.649	0.686	1785259038.595
529	100.000	-0.213	99.996	11.433	2.060	0.683	1785259038.768
530	100.000	-0.505	100.001	9.514	2.438	0.689	1785259038.961
531	100.000	0.040	99.995	8.198	2.947	0.702	1785259039.142
532	100.000	-0.015	100.002	8.334	3.494	0.664	1785259039.339
533	100.000	0.035	100.001	8.332	3.930	0.664	1785259039.524
534	100.000	-0.224	100.003	8.121	4.307	0.664	1785259039.708
535	100.000	-0.254	99.999	7.543	4.706	0.664	1785259039.891
536	100.000	0.190	100.001	7.056	5.282	0.664	1785259040.101
537	100.000	-0.089	99.999	7.684	5.916	0.664	1785259040.280
538	100.000	0.021	100.001	9.569	0.136	0.671	1785259040.452
539	100.000	-0.099	100.003	12.356	0.500	0.681	1785259040.666
540	100.000	-0.479	99.997	15.285	0.838	0.682	1785259040.922
541	100.000	0.030	99.999	16.754	1.127	0.684	1785259041.156
542	100.000	-0.002	99.996	15.776	1.419	0.685	1785259041.363
543	100.000	-0.181	100.003	13.752	1.693	0.685	1785259041.542
544	100.000	0.116	100.000	11.277	2.051	0.688	1785259041.715
545	100.000	0.329	100.000	9.063	2.486	0.691	1785259041.974
546	100.000	-0.002	99.999	7.873	3.184	0.664	1785259042.159
547	100.000	-0.522	100.004	7.853	3.738	0.664	1785259042.389
548	100.000	0.346	100.001	8.009	4.184	0.664	1785259042.605
549	100.000	-0.072	99.997	7.365	4.732	0.664	1785259042.877
550	100.000	-0.090	100.004	6.916	5.488	0.664	1785259043.108
551	100.000	-0.198	100.001	8.269	6.072	0.664	1785259043.290
552	100.000	0.713	100.001	10.424	0.233	0.669	1785259043.457
553	100.000	0.050	100.001	13.254	0.604	0.675	1785259043.664
554	100.000	0.246	99.997	15.607	0.863	0.680	1785259043.859
555	100.000	-0.008	100.007	16.408	1.128	0.684	1785259044.055
556	100.000	-0.049	100.001	15.858	1.365	0.686	1785259044.255
557	100.000	0.539	99.997	14.015	1.680	0.687	1785259044.490
558	100.000	0.344	100.002	11.271	2.049	0.687	1785259044.659
559	100.000	-0.236	99.999	9.329	2.490	0.689	1785259044.846
560	100.000	0.063	99.998	7.851	3.064	0.701	1785259045.033
561	100.000	0.111	99.999	7.928	3.565	0.664	1785259045.222
562	100.000	-0.175	99.997	8.174	3.994	0.664	1785259045.401
563	100.000	-0.543	99.998	7.880	4.388	0.664	1785259045.619
564	100.000	0.104	100.000	7.933	4.787	0.664	1785259045.787
565	100.000	-0.010	100.001	7.148	5.292	0.664	1785259045.984
566	100.000	-0.064	100.001	7.657	5.932	0.664	1785259046.185
567	100.000	-0.136	100.000	10.064	0.172	0.682	1785259046.352
568	100.000	-0.138	99.999	12.256	0.497	0.680	1785259046.554
569	100.000	0.018	99.998	14.887	0.844	0.687	1785259046.761
570	100.000	-0.290	99.999	15.955	1.102	0.684	1785259046.953
571	100.000	0.106	100.001	15.658	1.369	0.683	1785259047.178
572	100.000	-0.396	99.998	14.156	1.667	0.684	1785259047.370
573	100.000	-0.057	99.997	11.763	2.022	0.687	1785259047.567
574	100.000	0.028	99.997	9.174	2.566	0.696	1785259047.802
575	100.000	-0.120	99.998	8.320	3.103	0.664	1785259047.980
576	100.000	-0.176	100.000	7.992	3.581	0.664	1785259048.164
577	100.000	-0.074	99.996	8.105	4.016	0.664	1785259048.337
578	100.000	0.062	100.000	7.885	4.426	0.664	1785259048.537
579	100.000	0.077	100.004	7.564	4.839	0.664	1785259048.742
580	100.000	0.066	100.000	7.225	5.448	0.664	1785259048.933
581	100.000	-0.013	99.996	8.037	6.010	0.664	1785259049.105
582	100.000	-0.141	99.996	10.301	0.171	0.676	1785259049.296
583	100.000	0.138	100.002	12.902	0.514	0.684	1785259049.493
584	100.000	-0.226	100.000	15.207	0.841	0.681	1785259049.684
585	100.000	-0.027	100.001	16.025	1.087	0.684	1785259049.864
586	100.000	-0.366	99.997	15.881	1.331	0.685	1785259050.052
587	100.000	0.087	100.001	14.315	1.608	0.688	1785259050.236
588	100.000	0.587	100.002	12.377	1.931	0.687	1785259050.406
589	100.000	-0.282	100.002	10.531	2.258	0.691	1785259050.580
590	100.000	0.438	100.000	8.633	2.727	0.684	1785259050.794
591	100.000	-0.050	100.004	7.757	3.339	0.664	1785259051.010
592	100.000	-0.227	99.998	7.936	3.867	0.664	1785259051.208
593	100.000	0.198	99.995	7.897	4.282	0.664	1785259051.413
594	100.000	0.075	100.000	7.488	4.825	0.664	1785259051.629
595	100.000	-0.043	99.998	7.273	5.378	0.664	1785259051.826
596	100.000	0.175	99.999	8.320	5.968	0.664	1785259052.007
597	100.000	0.321	100.004	10.361	0.127	0.686	1785259052.214
598	100.000	0.143	99.996	12.937	0.534	0.677	1785259052.396
599	100.000	-0.285	100.003	15.108	0.801	0.680	1785259052.571
600	100.000	0.403	100.000	16.017	1.034	0.680	1785259052.787
601	100.000	-0.148	99.998	15.726	1.348	0.685	1785259053.022
602	100.000	0.090	100.001	13.662	1.654	0.688	1785259053.201
603	100.000	-0.043	99.997	11.594	2.015	0.692	1785259053.391
604	100.000	-0.159	99.998	9.552	2.418	0.689	1785259053.562
605	100.000	-0.115	99.997	8.415	2.915	0.687	1785259053.783
606	100.000	-0.130	99.998	7.875	3.592	0.664	1785259054.028
607	100.000	-0.016	99.998	7.841	4.067	0.664	1785259054.199
608	100.000	-0.081	100.002	8.003	4.468	0.664	1785259054.393
609	100.000	-0.332	100.002	7.156	4.887	0.664	1785259054.577
610	100.000	0.149	99.998	7.032	5.423	0.664	1785259054.745
611	100.000	-0.361	100.004	8.079	5.969	0.664	1785259054.943
612	100.000	0.206	100.004	9.875	0.160	0.664	1785259055.125
613	100.000	-0.314	100.000	12.675	0.535	0.681	1785259055.350
614	100.000	-0.335	99.999	15.161	0.871	0.685	1785259055.559
615	100.000	-0.099	100.001	16.077	1.147	0.684	1785259055.774
616	100.000	0.129	100.001	15.203	1.430	0.684	1785259055.939
617	100.000	0.058	99.999	13.365	1.731	0.689	1785259056.147
618	100.000	0.142	100.002	11.403	2.071	0.690	1785259056.332
619	100.000	-0.149	99.998	9.527	2.479	0.691	1785259056.497
620	100.000	-0.497	100.001	8.467	2.988	0.685	1785259056.701
621	100.000	0.048	100.000	7.999	3.539	0.664	1785259056.883
622	100.000	0.150	100.001	8.057	3.917	0.664	1785259057.070
623	100.000	0.054	100.005	8.018	4.322	0.664	1785259057.256
624	100.000	0.027	100.002	7.251	4.775	0.664	1785259057.473
625	100.000	-0.196	99.995	7.144	5.346	0.664	1785259057.655
626	100.000	-0.089	100.002	7.730	5.925	0.664	1785259057.844
627	100.000	-0.099	100.000	10.039	0.156	0.688	1785259058.049
628	100.000	0.004	100.000	12.869	0.557	0.682	1785259058.267
629	100.000	0.081	100.001	15.364	0.888	0.681	1785259058.459
630	100.000	-0.161	100.003	15.718	1.124	0.686	1785259058.661
631	100.000	0.049	100.004	15.332	1.408	0.689	1785259058.836
632	100.000	-0.866	100.001	14.132	1.654	0.684	1785259059.030
633	100.000	-0.105	99.999	11.693	2.032	0.691	1785259059.237
634	100.000	0.112	100.000	9.651	2.545	0.694	1785259059.451
635	100.000	0.072	100.002	8.254	3.029	0.687	1785259059.651
636	100.000	0.036	99.997	7.930	3.583	0.664	1785259059.836
637	100.000	0.125	100.003	7.749	4.035	0.664	1785259060.028
638	100.000	-0.521	99.995	7.643	4.444	0.664	1785259060.231
639	100.000	-0.235	100.001	7.110	4.871	0.664	1785259060.403
640	100.000	0.260	99.997	7.004	5.425	0.664	1785259060.600
641	100.000	0.181	99.999	8.148	5.969	0.664	1785259060.792
642	100.000	0.118	100.004	10.294	0.207	0.674	1785259060.985
643	100.000	0.060	99.996	12.687	0.536	0.679	1785259061.156
644	100.000	-0.165	99.997	14.934	0.809	0.682	1785259061.346
645	100.000	-0.418	100.000	15.997	1.071	0.683	1785259061.540
646	100.000	0.126	100.004	15.584	1.342	0.685	1785259061.719
647	100.000	-0.550	100.001	14.260	1.600	0.688	1785259061.904
648	100.000	-0.226	99.999	12.480	1.908	0.684	1785259062.081
649	100.000	-0.016	100.000	10.410	2.336	0.687	1785259062.268
650	100.000	-0.161	99.999	9.224	2.735	0.692	1785259062.455
651	100.000	-0.058	100.001	8.385	3.229	0.664	1785259062.650
652	100.000	-0.016	100.000	7.950	3.700	0.664	1785259062.848
653	100.000	0.350	99.999	7.674	4.162	0.664	1785259063.039
654	100.000	-0.444	99.998	7.222	4.585	0.664	1785259063.226
655	100.000	-0.072	100.000	7.093	5.102	0.664	1785259063.397
656	100.000	0.072	100.000	7.113	5.597	0.664	1785259063.594
657	100.000	-0.142	99.996	8.764	6.221	0.664	1785259063.773
658	100.000	-0.023	99.997	11.204	0.358	0.675	1785259063.964
659	100.000	0.010	99.998	13.681	0.682	0.679	1785259064.180
660	100.000	0.047	100.003	15.793	0.980	0.682	1785259064.394
661	100.000	0.021	99.994	16.140	1.240	0.686	1785259064.585
662	100.000	0.132	100.001	14.589	1.530	0.685	1785259064.790
663	100.000	-0.314	99.999	12.610	1.873	0.688	1785259064.982
664	100.000	-0.173	99.998	10.368	2.356	0.692	1785259065.203
665	100.000	-0.017	100.001	9.070	2.821	0.683	1785259065.393
666	100.000	0.238	99.999	8.368	3.273	0.664	1785259065.575
667	100.000	-0.185	99.999	8.299	3.723	0.664	1785259065.790
668	100.000	0.023	100.000	7.728	4.185	0.664	1785259065.975
669	100.000	-0.021	99.994	7.352	4.609	0.664	1785259066.157
670	100.000	0.129	100.000	6.944	5.137	0.664	1785259066.342
671	100.000	0.018	99.999	7.200	5.688	0.664	1785259066.537
672	100.000	-0.006	100.000	8.851	6.251	0.687	1785259066.724
673	100.000	0.365	100.000	11.537	0.372	0.680	1785259066.898
674	100.000	0.053	100.003	13.955	0.699	0.681	1785259067.118
675	100.000	-0.410	100.002	15.858	0.996	0.683	1785259067.322
676	100.000	0.150	99.997	15.875	1.258	0.686	1785259067.526
677	100.000	-0.174	99.998	14.596	1.539	0.686	1785259067.713
678	100.000	0.230	100.002	12.698	1.840	0.690	1785259067.911
679	100.000	0.379	99.999	10.814	2.255	0.689	1785259068.103
680	100.000	0.122	99.999	9.189	2.722	0.693	1785259068.280
681	100.000	-0.089	99.998	8.635	3.170	0.664	1785259068.473
682	100.000	-0.362	99.999	8.468	3.660	0.664	1785259068.650
683	100.000	0.292	99.999	7.964	4.021	0.664	1785259068.834
684	100.000	-0.158	100.000	7.519	4.445	0.664	1785259069.035
685	100.000	-0.133	100.002	6.741	4.958	0.664	1785259069.209
686	100.000	0.269	100.000	6.645	5.478	0.664	1785259069.382
687	100.000	-0.485	100.000	7.937	6.086	0.664	1785259069.580
688	100.000	0.003	99.999	10.515	0.240	0.682	1785259069.784
689	100.000	-0.495	100.001	13.168	0.582	0.681	1785259069.975
690	100.000	-0.219	100.004	15.002	0.867	0.683	1785259070.171
691	100.000	-0.398	99.998	15.638	1.076	0.686	1785259070.342
692	100.000	0.106	100.000	15.260	1.368	0.686	1785259070.544
693	100.000	-0.242	99.998	13.945	1.639	0.686	1785259070.724
694	100.000	0.091	100.002	11.925	2.013	0.689	1785259070.917
695	100.000	0.117	100.004	10.060	2.437	0.697	1785259071.098
696	100.000	0.003	99.998	8.765	2.929	0.684	1785259071.273
697	100.000	-0.204	99.997	8.633	3.374	0.664	1785259071.453
698	100.000	0.026	99.999	8.311	3.759	0.664	1785259071.642
699	100.000	0.368	100.000	8.028	4.139	0.664	1785259071.812
700	100.000	-0.238	99.999	7.341	4.580	0.664	1785259072.026
701	100.000	0.288	99.999	6.875	5.117	0.664	1785259072.194
702	100.000	0.073	99.994	7.072	5.664	0.664	1785259072.396
703	100.000	0.386	100.000	8.706	6.273	0.664	1785259072.592
704	100.000	0.517	99.999	11.308	0.371	0.676	1785259072.783
705	100.000	-0.383	99.998	13.792	0.675	0.683	1785259072.992
706	100.000	-0.239	100.000	15.776	0.986	0.684	1785259073.203
707	100.000	0.027	99.994	15.655	1.252	0.688	1785259073.410
708	100.000	0.246	100.003	14.241	1.553	0.689	1785259073.628
709	100.000	0.037	100.001	11.897	1.991	0.687	1785259073.876
710	100.000	0.024	99.999	9.651	2.559	0.688	1785259074.114
711	100.000	0.107	100.001	8.710	3.202	0.664	1785259074.365
712	100.000	0.397	100.006	8.238	3.686	0.664	1785259074.567
713	100.000	-0.052	99.998	8.147	4.185	0.664	1785259074.794
714	100.000	-0.383	100.001	7.380	4.746	0.664	1785259075.057
715	100.000	-0.379	100.002	7.001	5.405	0.664	1785259075.237
716	100.000	0.085	99.997	7.974	5.955	0.664	1785259075.424
717	100.000	0.044	100.004	9.999	0.177	0.678	1785259075.626
718	100.000	0.368	100.000	12.900	0.581	0.684	1785259075.862
719	100.000	-0.317	100.001	15.227	0.889	0.682	1785259076.050
720	100.000	-0.588	99.999	15.716	1.127	0.684	1785259076.238
721	100.000	0.036	100.000	15.320	1.385	0.685	1785259076.430
722	100.000	0.189	100.005	13.542	1.680	0.690	1785259076.628
723	100.000	-0.363	100.001	11.372	2.036	0.697	1785259076.796
724	100.000	-0.081	100.000	9.826	2.441	0.691	1785259076.998
725	100.000	-0.028	100.003	8.692	2.938	0.664	1785259077.174
726	100.000	0.106	100.000	8.202	3.435	0.664	1785259077.370
727	100.000	-0.235	99.999	7.903	3.915	0.664	1785259077.584
728	100.000	-0.188	99.998	7.520	4.382	0.664	1785259077.756
729	100.000	0.027	100.000	7.040	4.819	0.664	1785259077.965
730	100.000	0.090	100.000	7.092	5.436	0.664	1785259078.176
731	100.000	0.111	100.001	8.347	5.979	0.664	1785259078.367
732	100.000	-0.147	99.998	10.719	0.235	0.675	1785259078.599
733	100.000	-0.192	100.000	13.148	0.607	0.682	1785259078.815
734	100.000	-0.187	100.001	14.981	0.923	0.686	1785259079.052
735	100.000	0.110	100.001	15.522	1.200	0.685	1785259079.248
736	100.000	0.149	100.002	14.270	1.485	0.690	1785259079.418
737	100.000	-0.327	100.001	12.708	1.795	0.687	1785259079.604
738	100.000	0.354	100.003	10.619	2.210	0.691	1785259079.820
739	100.000	0.083	100.002	8.973	2.748	0.686	1785259080.060
740	100.000	-0.198	99.998	8.129	3.303	0.671	1785259080.237
741	100.000	-0.201	99.997	7.975	3.738	0.664	1785259080.428
742	100.000	-0.052	100.001	7.702	4.160	0.664	1785259080.614
743	100.000	0.124	100.000	7.497	4.604	0.664	1785259080.811
744	100.000	-0.282	100.002	6.884	5.196	0.664	1785259081.036
745	100.000	0.152	100.000	7.657	5.865	0.664	1785259081.206
746	100.000	-0.043	99.999	9.418	6.275	0.675	1785259081.414
747	100.000	0.086	100.004	11.840	0.402	0.678	1785259081.599
748	100.000	-0.335	99.997	14.243	0.711	0.677	1785259081.813
749	100.000	-0.269	100.001	15.648	1.039	0.684	1785259082.052
750	100.000	-0.114	100.000	15.473	1.342	0.683	1785259082.223
751	100.000	-0.541	100.002	13.920	1.605	0.689	1785259082.440
752	100.000	0.382	99.997	11.827	2.028	0.687	1785259082.687
753	100.000	0.298	99.998	9.290	2.624	0.696	1785259082.914
754	100.000	0.172	100.002	8.391	3.132	0.664	1785259083.098
755	100.000	0.304	100.002	8.274	3.612	0.664	1785259083.278
756	100.000	-0.117	99.999	7.830	4.043	0.664	1785259083.476
757	100.000	0.065	100.000	7.532	4.431	0.664	1785259083.653
758	100.000	0.259	100.001	7.014	4.885	0.664	1785259083.831
759	100.000	-0.280	99.997	7.183	5.426	0.664	1785259084.049
760	100.000	0.079	100.002	8.439	6.068	0.664	1785259084.227
761	100.000	0.202	100.000	10.254	0.166	0.677	1785259084.437
762	100.000	0.123	100.001	12.971	0.530	0.677	1785259084.588
763	100.000	-0.058	100.005	14.698	0.786	0.684	1785259084.792
764	100.000	-0.194	100.000	15.568	1.061	0.684	1785259084.963
765	100.000	0.300	99.998	15.293	1.294	0.686	1785259085.153
766	100.000	0.068	99.997	13.832	1.601	0.688	1785259085.369
767	100.000	-0.037	100.000	12.135	1.937	0.689	1785259085.530
768	100.000	0.181	100.001	10.280	2.309	0.688	1785259085.711
769	100.000	-0.051	99.997	9.014	2.795	0.683	1785259085.917
770	100.000	0.125	100.001	8.361	3.313	0.664	1785259086.087
771	100.000	0.010	99.999	8.116	3.716	0.664	1785259086.273
772	100.000	-0.022	100.002	7.713	4.124	0.664	1785259086.458
773	100.000	0.113	100.001	7.300	4.531	0.664	1785259086.673
774	100.000	0.439	100.004	7.085	5.120	0.664	1785259086.858
775	100.000	-0.124	100.000	7.481	5.701	0.664	1785259087.048
776	100.000	-0.045	100.000	9.070	6.223	0.664	1785259087.232
777	100.000	-0.231	100.002	11.309	0.319	0.680	1785259087.425
778	100.000	-0.029	100.002	13.791	0.661	0.681	1785259087.632
779	100.000	0.350	100.001	15.421	0.965	0.684	1785259087.877
780	100.000	0.065	100.000	15.337	1.313	0.685	1785259088.112
781	100.000	0.290	100.000	13.885	1.630	0.686	1785259088.312
782	100.000	-0.239	100.002	11.649	2.003	0.692	1785259088.492
783	100.000	0.261	100.001	10.012	2.396	0.685	1785259088.697
784	100.000	0.015	99.999	8.734	2.921	0.672	1785259088.916
785	100.000	-0.121	100.002	7.960	3.415	0.664	1785259089.103
786	100.000	0.074	100.001	7.553	3.862	0.664	1785259089.298
787	100.000	0.641	100.001	7.090	4.355	0.664	1785259089.483
788	100.000	0.337	99.999	6.674	4.831	0.664	1785259089.691
789	100.000	-0.077	100.000	7.035	5.526	0.664	1785259089.926
790	100.000	0.045	100.003	8.656	6.111	0.664	1785259090.098
791	100.000	0.047	99.994	10.946	0.238	0.681	1785259090.301
792	100.000	0.372	100.000	13.261	0.579	0.683	1785259090.497
793	100.000	0.166	100.004	15.064	0.888	0.686	1785259090.741
794	100.000	-0.142	99.999	15.469	1.200	0.686	1785259090.939
795	100.000	0.279	99.999	14.554	1.524	0.684	1785259091.167
796	100.000	-0.043	99.998	12.448	1.885	0.687	1785259091.368
797	100.000	-0.207	100.000	10.426	2.281	0.692	1785259091.572
798	100.000	-0.021	100.001	8.803	2.850	0.690	1785259091.800
799	100.000	0.320	100.002	8.205	3.309	0.664	1785259091.970
800	100.000	-0.036	99.999	7.741	3.798	0.664	1785259092.181
801	100.000	-0.293	100.002	7.225	4.335	0.664	1785259092.425
802	100.000	-0.193	100.000	6.810	4.916	0.664	1785259092.604
803	100.000	0.074	100.002	6.931	5.407	0.664	1785259092.783
804	100.000	0.017	100.001	7.858	5.944	0.664	1785259092.977
805	100.000	-0.073	100.003	10.218	0.162	0.676	1785259093.183
806	100.000	-0.110	100.002	12.744	0.507	0.680	1785259093.356
807	100.000	-0.208	100.003	14.640	0.789	0.686	1785259093.540
808	100.000	-0.097	100.000	15.583	1.020	0.683	1785259093.730
809	100.000	0.133	100.004	15.418	1.280	0.684	1785259093.907
810	100.000	-0.168	100.000	14.238	1.538	0.688	1785259094.096
811	100.000	-0.493	100.001	11.861	1.945	0.692	1785259094.362
812	100.000	0.131	100.002	9.813	2.449	0.686	1785259094.559
813	100.000	0.151	99.997	8.764	2.950	0.687	1785259094.737
814	100.000	-0.368	100.001	8.205	3.343	0.664	1785259094.926
815	100.000	-0.142	100.002	7.874	3.814	0.664	1785259095.111
816	100.000	-0.076	99.997	7.568	4.238	0.664	1785259095.288
817	100.000	-0.063	99.998	6.725	4.661	0.664	1785259095.479
818	100.000	-0.000	99.998	6.782	5.205	0.664	1785259095.642
819	100.000	0.156	100.002	7.447	5.784	0.664	1785259095.852
820	100.000	0.002	100.000	9.515	0.037	0.667	1785259096.022
821	100.000	0.029	99.998	11.804	0.350	0.683	1785259096.221
822	100.000	0.392	99.997	14.318	0.673	0.679	1785259096.443
823	100.000	-0.168	99.996	15.455	0.937	0.687	1785259096.646
824	100.000	0.296	100.004	15.323	1.280	0.685	1785259096.880
825	100.000	0.160	100.002	13.596	1.652	0.685	1785259097.132
826	100.000	0.113	100.000	10.843	2.151	0.689	1785259097.400
827	100.000	-0.063	100.001	9.056	2.747	0.681	1785259097.611
828	100.000	0.141	99.998	8.490	3.259	0.664	1785259097.821
829	100.000	-0.206	100.000	8.225	3.715	0.664	1785259098.009
830	100.000	-0.208	100.002	7.817	4.199	0.664	1785259098.234
831	100.000	-0.282	100.000	6.903	4.738	0.664	1785259098.447
832	100.000	-0.227	100.002	6.822	5.430	0.664	1785259098.682
833	100.000	0.152	100.001	8.213	6.055	0.664	1785259098.854
834	100.000	-0.280	100.000	10.553	0.216	0.680	1785259099.065
835	100.000	-0.600	100.000	13.115	0.552	0.675	1785259099.260
836	100.000	-0.261	100.000	15.021	0.813	0.688	1785259099.447
837	100.000	-0.012	99.999	15.833	1.046	0.685	1785259099.624
838	100.000	-0.462	100.002	15.196	1.314	0.686	1785259099.814
839	100.000	-0.267	99.999	13.990	1.617	0.684	1785259099.976
840	100.000	-0.039	100.001	11.959	1.939	0.689	1785259100.177
841	100.000	-0.451	99.999	10.567	2.319	0.688	1785259100.371
842	100.000	-0.070	100.001	9.008	2.820	0.690	1785259100.558
843	100.000	-0.207	100.004	8.510	3.282	0.674	1785259100.748
844	100.000	0.348	100.001	7.974	3.705	0.664	1785259100.927
845	100.000	0.057	100.003	7.405	4.134	0.664	1785259101.119
846	100.000	0.248	99.999	6.901	4.598	0.664	1785259101.304
847	100.000	0.223	99.999	6.614	5.142	0.664	1785259101.493
848	100.000	-0.036	100.003	7.145	5.755	0.664	1785259101.680
849	100.000	-0.225	99.999	9.359	6.272	0.664	1785259101.879
850	100.000	0.356	100.003	11.670	0.360	0.682	1785259102.065
851	100.000	-0.020	99.999	14.043	0.638	0.684	1785259102.228
852	100.000	0.169	100.002	15.428	0.899	0.682	1785259102.425
853	100.000	0.048	99.999	15.680	1.169	0.683	1785259102.643
854	100.000	0.048	100.000	14.355	1.478	0.687	1785259102.859
855	100.000	0.112	100.004	12.347	1.852	0.689	1785259103.082
856	100.000	-0.352	100.002	10.293	2.296	0.690	1785259103.265
857	100.000	-0.113	99.999	8.960	2.799	0.684	1785259103.496
858	100.000	0.111	100.002	8.280	3.411	0.664	1785259103.744
859	100.000	-0.053	99.999	8.165	3.854	0.664	1785259103.947
860	100.000	0.190	100.000	7.427	4.286	0.664	1785259104.116
861	100.000	0.064	99.998	6.673	4.743	0.664	1785259104.317
862	100.000	0.130	100.002	6.525	5.415	0.664	1785259104.495
863	100.000	-0.130	100.003	7.860	6.005	0.664	1785259104.697
864	100.000	0.072	99.998	10.246	0.177	0.671	1785259104.871
865	100.000	0.142	99.999	12.693	0.482	0.679	1785259105.056
866	100.000	0.513	100.000	14.622	0.726	0.682	1785259105.240
867	100.000	-0.245	100.005	15.527	0.973	0.685	1785259105.419
868	100.000	-0.136	100.003	15.372	1.238	0.683	1785259105.633
869	100.000	0.109	100.002	14.088	1.542	0.687	1785259105.812
870	100.000	-0.083	99.998	12.401	1.884	0.690	1785259106.004
871	100.000	-0.196	100.002	10.598	2.282	0.686	1785259106.184
872	100.000	0.403	100.002	9.274	2.714	0.689	1785259106.379
873	100.000	0.191	100.001	8.591	3.198	0.677	1785259106.571
874	100.000	0.119	100.001	7.804	3.563	0.664	1785259106.755
875	100.000	-0.035	100.000	7.411	4.013	0.664	1785259106.937
876	100.000	0.156	99.998	6.568	4.479	0.664	1785259107.139
877	100.000	-0.149	100.003	6.187	5.153	0.664	1785259107.381
878	100.000	0.006	100.000	7.612	5.978	0.664	1785259107.620
879	100.000	0.083	100.000	10.349	0.157	0.682	1785259107.806
880	100.000	0.004	100.002	12.724	0.489	0.680	1785259107.993
881	100.000	-0.356	100.001	14.610	0.752	0.680	1785259108.181
882	100.000	0.022	100.002	15.606	1.004	0.682	1785259108.361
883	100.000	0.237	100.002	15.272	1.214	0.687	1785259108.556
884	100.000	-0.393	99.999	13.954	1.534	0.686	1785259108.732
885	100.000	0.039	99.997	12.048	1.875	0.683	1785259108.947
886	100.000	-0.081	100.004	10.376	2.288	0.693	1785259109.137
887	100.000	-0.124	100.001	9.090	2.750	0.682	1785259109.332
888	100.000	0.024	100.002	8.265	3.237	0.674	1785259109.505
889	100.000	0.154	99.999	8.006	3.613	0.664	1785259109.687
890	100.000	0.314	99.999	7.281	4.045	0.664	1785259109.872
891	100.000	-0.174	99.999	6.454	4.509	0.664	1785259110.075
892	100.000	0.099	100.002	6.417	5.199	0.664	1785259110.287
893	100.000	0.107	99.996	7.573	5.864	0.664	1785259110.532
894	100.000	-0.076	99.998	10.327	0.171	0.672	1785259110.739
895	100.000	-0.009	99.997	12.921	0.513	0.681	1785259110.945
896	100.000	-0.242	99.999	14.491	0.765	0.683	1785259111.135
897	100.000	-0.276	99.998	15.540	1.024	0.686	1785259111.311
898	100.000	0.295	99.998	14.874	1.281	0.687	1785259111.495
899	100.000	-0.025	99.999	13.578	1.560	0.688	1785259111.669
900	100.000	-0.145	100.001	11.746	1.913	0.685	1785259111.874
901	100.000	-0.058	99.997	10.088	2.322	0.692	1785259112.070
902	100.000	-0.155	99.999	8.933	2.799	0.684	1785259112.273
903	100.000	-0.036	99.995	8.128	3.356	0.664	1785259112.483
904	100.000	-0.223	99.995	7.616	3.817	0.664	1785259112.674
905	100.000	0.127	100.004	6.973	4.261	0.664	1785259112.865
906	100.000	-0.087	99.997	6.646	4.721	0.664	1785259113.049
907	100.000	0.036	99.999	6.659	5.279	0.664	1785259113.230
908	100.000	-0.088	100.001	7.868	5.859	0.664	1785259113.450
909	100.000	0.179	99.999	10.212	0.133	0.688	1785259113.675
910	100.000	0.108	100.000	13.082	0.530	0.679	1785259113.866
911	100.000	0.133	99.999	14.933	0.803	0.685	1785259114.082
912	100.000	-0.228	100.002	15.438	1.081	0.684	1785259114.310
913	100.000	0.078	99.997	14.757	1.374	0.684	1785259114.498
914	100.000	0.453	100.000	13.220	1.675	0.687	1785259114.679
915	100.000	0.367	100.002	11.397	2.036	0.687	1785259114.885
916	100.000	-0.048	100.002	9.813	2.481	0.689	1785259115.094
917	100.000	0.166	99.996	8.442	3.070	0.688	1785259115.320
918	100.000	0.029	100.000	8.118	3.523	0.664	1785259115.495
919	100.000	-0.094	100.001	7.462	3.914	0.664	1785259115.664
920	100.000	0.175	99.997	6.592	4.345	0.664	1785259115.867
921	100.000	0.278	100.005	6.182	4.927	0.664	1785259116.041
922	100.000	0.446	100.000	6.520	5.562	0.664	1785259116.260
923	100.000	-0.141	99.999	8.368	6.109	0.664	1785259116.444
924	100.000	-0.124	99.999	11.138	0.296	0.675	1785259116.697
925	100.000	-0.174	100.000	13.524	0.641	0.687	1785259116.879
926	100.000	0.160	100.005	14.803	0.902	0.683	1785259117.043
927	100.000	0.219	100.001	15.111	1.122	0.684	1785259117.244
928	100.000	0.049	100.000	14.326	1.441	0.683	1785259117.432
929	100.000	-0.388	100.000	12.499	1.739	0.689	1785259117.609
930	100.000	-0.024	99.997	11.023	2.098	0.688	1785259117.847
931	100.000	-0.295	100.001	9.306	2.630	0.689	1785259118.079
932	100.000	-0.039	100.004	8.299	3.211	0.664	1785259118.308
933	100.000	-0.275	99.997	7.740	3.663	0.664	1785259118.494
934	100.000	0.137	100.002	7.101	4.050	0.664	1785259118.687
935	100.000	-0.148	99.997	6.706	4.626	0.664	1785259118.875
936	100.000	0.095	99.997	6.175	5.232	0.664	1785259119.059
937	100.000	-0.392	100.000	7.171	5.799	0.664	1785259119.265
938	100.000	-0.157	99.996	9.348	6.276	0.691	1785259119.453
939	100.000	-0.371	100.000	11.405	0.308	0.683	1785259119.618
940	100.000	0.232	100.003	13.784	0.611	0.678	1785259119.826
941	100.000	-0.182	100.002	15.127	0.889	0.681	1785259120.009
942	100.000	0.234	100.000	14.989	1.132	0.686	1785259120.186
943	100.000	-0.159	100.002	14.085	1.428	0.686	1785259120.368
944	100.000	-0.202	99.999	12.611	1.762	0.682	1785259120.566
945	100.000	-0.183	100.001	10.915	2.129	0.684	1785259120.764
946	100.000	-0.148	99.999	9.686	2.577	0.681	1785259120.982
947	100.000	-0.237	99.999	8.715	3.130	0.664	1785259121.196
948	100.000	0.196	100.000	8.202	3.592	0.664	1785259121.358
949	100.000	0.086	100.000	7.307	4.013	0.664	1785259121.581
950	100.000	0.039	99.997	6.778	4.491	0.664	1785259121.760
951	100.000	0.184	99.998	6.301	5.102	0.664	1785259121.957
952	100.000	0.057	100.000	7.205	5.788	0.664	1785259122.218
953	100.000	0.403	99.997	9.580	0.033	0.685	1785259122.390
954	100.000	-0.003	100.002	12.024	0.366	0.688	1785259122.590
955	100.000	0.058	100.001	14.244	0.690	0.682	1785259122.800
956	100.000	0.073	100.009	15.228	0.966	0.683	1785259123.008
957	100.000	0.097	99.999	14.635	1.245	0.683	1785259123.227
958	100.000	0.065	99.999	12.955	1.637	0.688	1785259123.464
959	100.000	-0.501	100.001	10.765	2.117	0.686	1785259123.700
960	100.000	0.133	100.001	9.199	2.602	0.696	1785259123.908
961	100.000	0.078	99.997	8.242	3.187	0.681	1785259124.170
962	100.000	0.011	99.997	7.804	3.689	0.664	1785259124.363
963	100.000	-0.113	100.002	6.886	4.125	0.664	1785259124.574
964	100.000	-0.166	100.001	6.163	4.656	0.664	1785259124.763
965	100.000	0.237	100.004	6.119	5.268	0.664	1785259124.954
966	100.000	0.015	100.003	7.625	5.852	0.664	1785259125.147
967	100.000	0.082	100.003	9.744	0.084	0.664	1785259125.339
968	100.000	0.045	99.998	12.136	0.425	0.674	1785259125.531
969	100.000	0.082	99.999	14.173	0.710	0.684	1785259125.759
970	100.000	0.224	100.000	15.126	0.986	0.683	1785259125.943
971	100.000	0.556	100.001	14.718	1.257	0.682	1785259126.135
972	100.000	-0.189	99.996	13.198	1.561	0.686	1785259126.324
973	100.000	0.093	100.000	11.703	1.892	0.686	1785259126.525
974	100.000	-0.451	100.002	9.898	2.329	0.692	1785259126.720
975	100.000	0.022	100.002	8.931	2.756	0.678	1785259126.892
976	100.000	-0.368	99.998	8.211	3.157	0.664	1785259127.080
977	100.000	-0.260	99.999	7.889	3.630	0.664	1785259127.255
978	100.000	-0.199	100.001	7.158	4.015	0.664	1785259127.464
979	100.000	0.291	100.001	6.465	4.635	0.664	1785259127.694
980	100.000	0.161	99.997	5.969	5.270	0.664	1785259127.887
981	100.000	0.115	99.997	7.425	5.898	0.664	1785259128.076
982	100.000	0.162	99.999	9.535	0.078	0.671	1785259128.255
983	100.000	-0.191	99.998	11.706	0.366	0.685	1785259128.460
984	100.000	0.412	99.999	14.084	0.686	0.681	1785259128.650
985	100.000	0.352	100.000	15.090	0.931	0.685	1785259128.844
986	100.000	-0.227	99.999	14.767	1.154	0.689	1785259129.009
987	100.000	-0.333	99.999	13.842	1.439	0.684	1785259129.203
988	100.000	0.330	100.000	11.963	1.802	0.684	1785259129.396
989	100.000	-0.117	100.001	10.479	2.180	0.686	1785259129.583
990	100.000	0.077	99.997	9.205	2.626	0.694	1785259129.772
991	100.000	-0.160	100.002	8.552	3.130	0.664	1785259130.002
992	100.000	-0.121	99.997	8.169	3.580	0.664	1785259130.195
993	100.000	0.149	100.000	7.413	3.981	0.664	1785259130.375
994	100.000	0.150	100.000	6.786	4.427	0.664	1785259130.569
995	100.000	-0.251	100.002	6.115	4.961	0.664	1785259130.764
996	100.000	0.082	100.003	6.614	5.638	0.664	1785259130.937
997	100.000	0.100	99.995	8.475	6.146	0.682	1785259131.138
998	100.000	-0.477	100.005	10.836	0.270	0.674	1785259131.317
999	100.000	0.289	99.999	13.182	0.572	0.686	1785259131.522
1000	100.000	-0.338	99.999	15.125	0.851	0.683	1785259131.700
1001	100.000	-0.164	100.000	15.324	1.072	0.682	1785259131.888
1002	100.000	-0.273	100.000	14.308	1.342	0.685	1785259132.070
1003	100.000	-0.005	99.997	13.008	1.650	0.684	1785259132.276
1004	100.000	0.382	100.002	11.005	2.021	0.686	1785259132.471
1005	100.000	0.008	99.998	9.062	2.542	0.690	1785259132.726
1006	100.000	-0.076	99.998	8.352	3.154	0.664	1785259132.964
1007	100.000	-0.149	100.003	7.786	3.620	0.664	1785259133.164
1008	100.000	-0.145	100.000	7.191	4.163	0.664	1785259133.389
1009	100.000	0.128	100.001	5.972	4.726	0.664	1785259133.592
1010	100.000	0.118	100.000	6.307	5.451	0.664	1785259133.826
1011	100.000	-0.183	99.999	7.861	6.048	0.664	1785259134.028
1012	100.000	-0.037	99.997	10.893	0.274	0.679	1785259134.282
1013	100.000	-0.212	100.001	13.340	0.612	0.680	1785259134.459
1014	100.000	0.211	99.999	14.529	0.846	0.683	1785259134.649
1015	100.000	0.073	100.002	14.936	1.117	0.682	1785259134.897
1016	100.000	0.159	99.999	13.325	1.513	0.684	1785259135.162
1017	100.000	-0.002	100.000	11.043	1.950	0.685	1785259135.358
1018	100.000	-0.088	100.003	9.454	2.421	0.684	1785259135.595
1019	100.000	0.051	100.000	8.404	3.009	0.664	1785259135.826
1020	100.000	-0.095	99.996	7.872	3.498	0.664	1785259136.024
1021	100.000	0.189	100.002	7.238	3.959	0.664	1785259136.195
1022	100.000	-0.005	100.001	6.587	4.332	0.664	1785259136.375
1023	100.000	0.129	100.001	6.404	4.860	0.664	1785259136.558
1024	100.000	-0.070	99.999	6.575	5.498	0.664	1785259136.753
1025	100.000	0.145	99.998	8.558	6.077	0.673	1785259136.985
1026	100.000	-0.032	100.000	11.007	0.244	0.681	1785259137.172
1027	100.000	0.303	100.000	13.536	0.596	0.684	1785259137.432
1028	100.000	0.116	100.000	14.959	0.886	0.683	1785259137.615
1029	100.000	0.421	100.008	14.769	1.162	0.685	1785259137.891
1030	100.000	0.063	99.999	13.202	1.571	0.685	1785259138.106
1031	100.000	-0.044	100.000	11.176	1.971	0.686	1785259138.294
1032	100.000	-0.137	100.000	9.733	2.408	0.690	1785259138.504
1033	100.000	0.062	100.001	8.760	2.956	0.675	1785259138.763
1034	100.000	-0.057	99.999	8.059	3.437	0.664	1785259138.951
1035	100.000	0.495	99.999	7.530	3.895	0.664	1785259139.127
1036	100.000	0.221	100.001	6.527	4.332	0.664	1785259139.329
1037	100.000	-0.167	99.996	6.012	4.938	0.664	1785259139.514
1038	100.000	0.139	100.003	6.428	5.593	0.664	1785259139.683
1039	100.000	0.036	99.996	8.164	6.053	0.664	1785259139.879
1040	100.000	-0.364	100.006	10.627	0.183	0.678	1785259140.062
1041	100.000	0.300	100.002	13.035	0.496	0.675	1785259140.246
1042	100.000	-0.408	99.998	14.498	0.732	0.684	1785259140.477
1043	100.000	0.009	99.999	15.085	1.059	0.686	1785259140.714
1044	100.000	-0.048	99.999	14.311	1.394	0.681	1785259140.924
1045	100.000	0.108	100.003	11.968	1.779	0.687	1785259141.153
1046	100.000	0.197	100.002	10.381	2.186	0.684	1785259141.349
1047	100.000	0.105	100.004	9.290	2.608	0.672	1785259141.520
1048	100.000	0.156	99.999	8.323	3.119	0.682	1785259141.704
1049	100.000	0.290	99.999	7.971	3.511	0.664	1785259141.911
1050	100.000	0.052	100.004	7.267	3.997	0.664	1785259142.143
1051	100.000	0.261	99.999	6.733	4.502	0.664	1785259142.319
1052	100.000	-0.373	100.006	6.177	5.084	0.664	1785259142.510
1053	100.000	0.024	100.001	7.046	5.714	0.664	1785259142.693
1054	100.000	0.119	100.001	8.996	6.218	0.664	1785259142.871
1055	100.000	-0.081	99.998	11.368	0.282	0.681	1785259143.084
1056	100.000	0.105	100.002	13.306	0.579	0.686	1785259143.265
1057	100.000	0.058	99.997	14.608	0.840	0.685	1785259143.472
1058	100.000	-0.360	99.997	14.915	1.112	0.684	1785259143.652
1059	100.000	-0.029	100.000	13.849	1.400	0.683	1785259143.842
1060	100.000	-0.158	100.003	11.954	1.779	0.685	1785259144.081
1061	100.000	-0.110	99.998	10.317	2.204	0.683	1785259144.250
1062	100.000	0.238	100.000	8.925	2.613	0.688	1785259144.470
1063	100.000	0.016	99.998	8.176	3.214	0.664	1785259144.707
1064	100.000	-0.090	99.997	7.543	3.738	0.664	1785259144.926
1065	100.000	0.054	100.004	7.034	4.220	0.664	1785259145.139
1066	100.000	0.089	100.004	6.230	4.698	0.664	1785259145.330
1067	100.000	-0.176	100.002	6.296	5.351	0.664	1785259145.520
1068	100.000	0.093	100.004	7.854	5.952	0.664	1785259145.706
1069	100.000	-0.253	100.000	9.905	0.080	0.670	1785259145.876
1070	100.000	-0.011	99.997	12.206	0.408	0.674	1785259146.105
1071	100.000	-0.048	99.999	14.313	0.726	0.684	1785259146.298
1072	100.000	0.061	99.999	14.703	0.971	0.683	1785259146.505
1073	100.000	-0.177	99.998	14.065	1.269	0.685	1785259146.697
1074	100.000	-0.137	100.002	12.894	1.586	0.687	1785259146.880
1075	100.000	-0.032	99.997	11.223	1.959	0.686	1785259147.099
1076	100.000	-0.228	100.001	9.679	2.502	0.687	1785259147.346
1077	100.000	-0.076	99.996	8.665	3.066	0.664	1785259147.571
1078	100.000	0.146	99.998	8.157	3.509	0.664	1785259147.764
1079	100.000	-0.114	99.995	7.399	3.939	0.664	1785259147.955
1080	100.000	-0.260	100.001	6.634	4.372	0.664	1785259148.134
1081	100.000	-0.081	100.001	5.962	4.938	0.664	1785259148.328
1082	100.000	0.179	99.999	6.846	5.552	0.664	1785259148.503
1083	100.000	0.036	99.998	8.456	6.094	0.664	1785259148.709
1084	100.000	-0.076	100.000	10.954	0.244	0.674	1785259148.901
1085	100.000	0.096	100.000	13.517	0.574	0.683	1785259149.127
1086	100.000	0.348	100.001	14.781	0.833	0.683	1785259149.322
1087	100.000	0.326	100.003	15.016	1.110	0.683	1785259149.514
1088	100.000	-0.118	99.998	13.925	1.406	0.684	1785259149.712
1089	100.000	-0.482	100.002	12.195	1.744	0.688	1785259149.905
1090	100.000	-0.114	99.998	10.910	2.104	0.685	1785259150.063
1091	100.000	0.185	99.996	9.751	2.555	0.692	1785259150.284
1092	100.000	-0.291	99.995	8.874	3.074	0.677	1785259150.501
1093	100.000	0.199	100.007	8.269	3.521	0.664	1785259150.677
1094	100.000	0.252	100.004	7.060	3.876	0.664	1785259150.878
1095	100.000	-0.019	100.000	6.490	4.415	0.664	1785259151.045
1096	100.000	0.126	99.998	6.101	4.981	0.664	1785259151.260
1097	100.000	-0.000	100.002	6.848	5.593	0.664	1785259151.435
1098	100.000	-0.442	100.002	8.721	6.124	0.664	1785259151.640
1099	100.000	0.132	99.999	11.206	0.248	0.679	1785259151.832
1100	100.000	0.263	100.000	13.480	0.512	0.681	1785259152.018
1101	100.000	-0.429	99.998	14.836	0.797	0.682	1785259152.229
1102	100.000	0.245	100.002	15.077	1.092	0.683	1785259152.461
1103	100.000	-0.080	100.000	13.874	1.373	0.680	1785259152.614
1104	100.000	0.028	100.000	12.330	1.691	0.683	1785259152.841
1105	100.000	-0.046	99.998	10.725	2.137	0.681	1785259153.022
1106	100.000	0.355	100.000	9.627	2.563	0.679	1785259153.222
1107	100.000	0.223	100.000	8.843	3.113	0.672	1785259153.453
1108	100.000	0.117	100.001	8.199	3.500	0.664	1785259153.636
1109	100.000	-0.013	99.996	7.168	3.900	0.664	1785259153.819
1110	100.000	-0.031	99.998	6.363	4.409	0.664	1785259153.989
1111	100.000	-0.049	100.001	5.872	5.041	0.664	1785259154.190
1112	100.000	-0.296	100.000	6.655	5.639	0.664	1785259154.396
1113	100.000	-0.124	99.998	8.862	6.241	0.664	1785259154.591
1114	100.000	0.433	99.999	11.506	0.295	0.672	1785259154.759
1115	100.000	0.037	100.004	13.644	0.568	0.685	1785259154.976
1116	100.000	-0.136	100.000	15.063	0.824	0.683	1785259155.144
1117	100.000	0.131	99.998	15.189	1.093	0.685	1785259155.337
1118	100.000	-0.126	99.999	14.128	1.360	0.681	1785259155.524
1119	100.000	-0.007	99.998	12.444	1.712	0.685	1785259155.780
1120	100.000	0.142	100.000	10.538	2.189	0.689	1785259155.958
1121	100.000	-0.238	100.001	9.568	2.572	0.692	1785259156.153
1122	100.000	-0.090	99.999	8.886	3.082	0.677	1785259156.348
1123	100.000	-0.279	100.003	8.341	3.522	0.664	1785259156.577
1124	100.000	0.015	100.001	7.310	3.912	0.664	1785259156.751
1125	100.000	-0.137	100.005	6.317	4.386	0.664	1785259156.942
1126	100.000	-0.169	100.000	5.825	4.992	0.664	1785259157.139
1127	100.000	-0.471	100.004	6.653	5.720	0.664	1785259157.322
1128	100.000	-0.087	100.000	8.980	6.193	0.664	1785259157.529
1129	100.000	-0.168	99.997	11.716	0.305	0.678	1785259157.773
1130	100.000	-0.067	99.998	14.475	0.660	0.684	1785259157.986
1131	100.000	-0.148	99.999	15.166	0.920	0.684	1785259158.201
1132	100.000	-0.252	100.001	14.605	1.207	0.689	1785259158.396
1133	100.000	-0.060	100.000	13.283	1.520	0.683	1785259158.579
1134	100.000	0.333	100.006	11.398	1.864	0.686	1785259158.764
1135	100.000	0.137	99.998	10.208	2.295	0.682	1785259158.939
1136	100.000	-0.173	100.003	9.478	2.727	0.686	1785259159.144
1137	100.000	0.114	99.998	8.881	3.218	0.664	1785259159.329
1138	100.000	-0.121	100.002	8.268	3.554	0.664	1785259159.502
1139	100.000	0.182	99.997	7.736	3.940	0.664	1785259159.703
1140	100.000	-0.136	100.003	6.847	4.414	0.664	1785259159.886
1141	100.000	-0.115	99.998	5.916	4.966	0.664	1785259160.056
1142	100.000	0.208	100.004	6.584	5.658	0.664	1785259160.257
1143	100.000	0.429	100.001	8.827	6.213	0.664	1785259160.444
1144	100.000	0.236	100.000	11.564	0.274	0.680	1785259160.640
1145	100.000	0.355	100.001	13.864	0.555	0.687	1785259160.835
1146	100.000	-0.387	100.001	15.130	0.795	0.681	1785259161.018
1147	100.000	-0.011	100.002	15.054	1.040	0.684	1785259161.212
1148	100.000	-0.208	99.999	14.383	1.302	0.683	1785259161.404
1149	100.000	-0.453	100.007	12.227	1.687	0.685	1785259161.632
1150	100.000	-0.178	100.002	10.684	2.112	0.681	1785259161.809
1151	100.000	0.288	100.000	9.442	2.625	0.686	1785259162.028
1152	100.000	-0.261	100.000	8.891	3.130	0.664	1785259162.276
1153	100.000	-0.125	100.001	8.525	3.574	0.664	1785259162.458
1154	100.000	0.214	100.000	7.582	3.941	0.664	1785259162.658
1155	100.000	-0.050	100.002	6.284	4.493	0.664	1785259162.877
1156	100.000	0.083	99.998	5.997	5.222	0.664	1785259163.092
1157	100.000	-0.120	99.999	7.776	6.015	0.664	1785259163.358
1158	100.000	-0.261	100.002	11.215	0.252	0.676	1785259163.574
1159	100.000	-0.038	100.000	13.562	0.536	0.679	1785259163.781
1160	100.000	0.286	100.001	15.114	0.786	0.683	1785259163.956
1161	100.000	0.432	100.004	15.109	1.042	0.682	1785259164.179
1162	100.000	0.168	99.999	14.423	1.369	0.684	1785259164.355
1163	100.000	0.274	100.000	12.579	1.652	0.689	1785259164.551
1164	100.000	-0.070	100.002	10.703	2.120	0.686	1785259164.769
1165	100.000	-0.302	99.999	9.576	2.605	0.689	1785259164.963
1166	100.000	0.245	100.002	9.119	3.042	0.664	1785259165.126
1167	100.000	-0.266	100.004	8.888	3.421	0.669	1785259165.343
1168	100.000	-0.088	100.000	8.031	3.779	0.664	1785259165.518
1169	100.000	-0.161	100.001	6.756	4.175	0.664	1785259165.717
1170	100.000	-0.241	100.003	5.790	4.714	0.664	1785259165.892
1171	100.000	0.300	99.996	6.114	5.442	0.664	1785259166.086
1172	100.000	-0.128	100.003	7.774	6.049	0.664	1785259166.289
1173	100.000	0.185	100.002	10.793	0.210	0.674	1785259166.478
1174	100.000	-0.081	100.001	13.126	0.510	0.680	1785259166.664
1175	100.000	0.058	100.000	14.539	0.746	0.681	1785259166.846
1176	100.000	-0.102	100.001	15.189	0.955	0.683	1785259167.032
1177	100.000	-0.203	100.000	14.742	1.211	0.683	1785259167.218
1178	100.000	0.025	100.000	13.008	1.539	0.687	1785259167.424
1179	100.000	-0.373	99.997	11.332	1.921	0.685	1785259167.638
1180	100.000	-0.002	99.998	9.958	2.346	0.682	1785259167.813
1181	100.000	-0.177	99.998	9.282	2.813	0.683	1785259168.020
1182	100.000	0.329	100.004	8.768	3.238	0.664	1785259168.193
1183	100.000	0.060	100.003	8.509	3.622	0.664	1785259168.370
1184	100.000	-0.302	100.002	7.875	3.959	0.664	1785259168.516
1185	100.000	-0.026	100.002	6.629	4.259	0.664	1785259168.694
1186	100.000	0.051	99.998	5.865	4.882	0.664	1785259168.898
1187	100.000	0.183	100.000	6.284	5.519	0.664	1785259169.073
1188	100.000	-0.129	100.003	8.272	6.126	0.664	1785259169.270
1189	100.000	-0.036	100.003	11.090	0.215	0.681	1785259169.455
1190	100.000	0.247	99.997	13.321	0.515	0.677	1785259169.637
1191	100.000	0.349	99.999	14.762	0.755	0.681	1785259169.823
1192	100.000	-0.077	100.000	15.161	0.980	0.685	1785259170.009
1193	100.000	-0.207	100.002	14.261	1.267	0.686	1785259170.204
1194	100.000	0.297	100.003	12.681	1.591	0.687	1785259170.377
1195	100.000	0.165	99.999	11.033	1.963	0.686	1785259170.596
1196	100.000	0.120	100.002	9.618	2.479	0.693	1785259170.793
1197	100.000	0.214	100.003	9.034	2.941	0.664	1785259171.001
1198	100.000	0.338	100.001	8.783	3.357	0.664	1785259171.187
1199	100.000	0.042	99.995	8.294	3.696	0.664	1785259171.381
1200	100.000	-0.104	99.996	7.302	4.088	0.664	1785259171.559
1201	100.000	0.245	99.999	5.863	4.596	0.664	1785259171.747
1202	100.000	-0.447	100.002	5.615	5.336	0.664	1785259171.947
1203	100.000	0.178	99.999	7.481	6.067	0.664	1785259172.130
1204	100.000	0.058	99.999	10.009	0.152	0.689	1785259172.329
1205	100.000	-0.207	99.997	12.362	0.416	0.686	1785259172.522
1206	100.000	-0.203	99.998	14.540	0.674	0.679	1785259172.712
1207	100.000	-0.247	99.998	15.060	0.886	0.685	1785259172.911
1208	100.000	-0.201	100.000	14.884	1.182	0.682	1785259173.098
1209	100.000	-0.089	100.002	13.443	1.487	0.686	1785259173.288
1210	100.000	0.076	99.998	11.631	1.863	0.685	1785259173.502
1211	100.000	0.121	100.002	9.873	2.368	0.691	1785259173.722
1212	100.000	-0.004	100.001	9.155	2.884	0.682	1785259173.919
1213	100.000	-0.142	100.005	8.939	3.308	0.664	1785259174.108
1214	100.000	-0.246	100.002	8.239	3.665	0.664	1785259174.287
1215	100.000	0.026	100.001	7.398	4.049	0.664	1785259174.482
1216	100.000	-0.510	99.997	6.012	4.580	0.664	1785259174.684
1217	100.000	0.068	100.000	6.186	5.136	0.664	1785259174.855
1218	100.000	-0.032	100.001	7.028	5.901	0.664	1785259175.059
1219	100.000	0.273	100.003	9.682	0.119	0.682	1785259175.293
1220	100.000	-0.172	100.003	12.738	0.479	0.679	1785259175.506
1221	100.000	-0.383	99.999	14.637	0.728	0.682	1785259175.700
1222	100.000	0.307	99.998	15.086	1.004	0.685	1785259175.906
1223	100.000	-0.572	100.001	14.247	1.256	0.684	1785259176.099
1224	100.000	0.203	99.999	12.733	1.578	0.685	1785259176.274
1225	100.000	-0.018	99.999	10.862	1.996	0.684	1785259176.498
1226	100.000	-0.324	100.002	9.461	2.529	0.697	1785259176.728
1227	100.000	0.371	99.998	9.059	3.020	0.680	1785259176.923
1228	100.000	0.060	99.995	8.677	3.468	0.664	1785259177.150
1229	100.000	0.294	100.001	7.654	3.879	0.664	1785259177.333
1230	100.000	0.026	99.999	6.505	4.403	0.664	1785259177.610
1231	100.000	0.090	99.995	5.765	5.300	0.664	1785259177.835
1232	100.000	0.309	100.003	7.461	6.019	0.664	1785259178.029
1233	100.000	0.028	100.000	10.545	0.190	0.669	1785259178.285
1234	100.000	-0.462	99.998	13.160	0.517	0.685	1785259178.487
1235	100.000	-0.005	99.998	15.004	0.849	0.685	1785259178.708
1236	100.000	-0.173	99.998	14.853	1.111	0.687	1785259178.912
1237	100.000	0.010	99.997	13.351	1.457	0.685	1785259179.167
1238	100.000	0.198	99.999	11.228	1.885	0.687	1785259179.365
1239	100.000	0.231	99.999	9.789	2.412	0.688	1785259179.600
1240	100.000	-0.242	99.997	9.011	2.973	0.681	1785259179.860
1241	100.000	0.271	100.001	8.627	3.401	0.664	1785259180.035
1242	100.000	-0.132	100.000	7.993	3.762	0.664	1785259180.226
1243	100.000	0.142	100.000	6.835	4.163	0.664	1785259180.400
1244	100.000	0.114	100.007	5.660	4.727	0.664	1785259180.603
1245	100.000	0.140	100.004	5.468	5.481	0.664	1785259180.780
1246	100.000	-0.446	100.000	7.705	6.065	0.664	1785259180.964
1247	100.000	0.057	100.001	10.168	0.209	0.677	1785259181.145
1248	100.000	-0.007	100.002	12.777	0.467	0.684	1785259181.336
1249	100.000	-0.343	100.001	14.642	0.724	0.683	1785259181.538
1250	100.000	-0.625	100.000	15.296	0.958	0.682	1785259181.717
1251	100.000	-0.621	99.998	14.776	1.224	0.685	1785259181.919
1252	100.000	-0.233	99.999	12.683	1.595	0.688	1785259182.159
1253	100.000	0.093	100.003	10.918	2.033	0.680	1785259182.352
1254	100.000	0.103	100.001	9.617	2.479	0.691	1785259182.535
1255	100.000	-0.067	100.003	9.076	2.936	0.680	1785259182.705
1256	100.000	-0.197	100.001	8.844	3.288	0.664	1785259182.885
1257	100.000	0.078	99.999	8.095	3.637	0.664	1785259183.083
1258	100.000	0.058	100.000	7.305	4.092	0.664	1785259183.266
1259	100.000	0.068	99.996	6.197	4.473	0.664	1785259183.468
1260	100.000	-0.265	99.995	5.873	5.232	0.664	1785259183.655
1261	100.000	-0.089	100.004	7.125	5.903	0.664	1785259183.831
1262	100.000	-0.039	99.997	9.285	0.057	0.673	1785259184.019
1263	100.000	-0.450	100.002	11.919	0.368	0.681	1785259184.212
1264	100.000	-0.148	100.004	14.402	0.680	0.676	1785259184.399
1265	100.000	-0.388	100.003	15.145	0.887	0.683	1785259184.594
1266	100.000	-0.400	99.998	14.755	1.145	0.689	1785259184.797
1267	100.000	-0.169	99.999	13.242	1.513	0.686	1785259185.031
1268	100.000	-0.028	100.000	11.341	1.906	0.687	1785259185.238
1269	100.000	-0.129	100.000	10.057	2.351	0.692	1785259185.426
1270	100.000	0.133	99.997	9.364	2.754	0.695	1785259185.610
1271	100.000	-0.361	99.999	8.811	3.203	0.681	1785259185.805
1272	100.000	-0.129	100.000	8.239	3.574	0.664	1785259185.989
1273	100.000	-0.121	100.003	7.237	4.003	0.664	1785259186.198
1274	100.000	-0.051	99.998	5.988	4.508	0.664	1785259186.374
1275	100.000	0.001	100.003	5.596	5.113	0.664	1785259186.551
1276	100.000	0.144	99.999	6.673	5.769	0.664	1785259186.723
1277	100.000	0.330	100.001	9.073	6.269	0.690	1785259186.923
1278	100.000	-0.405	100.006	11.798	0.325	0.691	1785259187.104
1279	100.000	-0.039	99.998	13.720	0.573	0.689	1785259187.296
1280	100.000	0.155	100.004	14.966	0.815	0.682	1785259187.495
1281	100.000	0.174	100.002	15.007	1.083	0.687	1785259187.680
1282	100.000	0.162	100.008	14.138	1.362	0.684	1785259187.883
1283	100.000	-0.231	99.996	11.906	1.714	0.690	1785259188.083
1284	100.000	0.096	100.001	10.184	2.175	0.680	1785259188.297
1285	100.000	-0.532	100.000	9.123	2.661	0.692	1785259188.488
1286	100.000	-0.141	99.996	8.720	3.130	0.667	1785259188.663
1287	100.000	-0.305	99.998	8.413	3.500	0.664	1785259188.864
1288	100.000	0.085	100.001	7.645	3.841	0.664	1785259189.069
1289	100.000	-0.249	100.000	6.480	4.347	0.664	1785259189.244
1290	100.000	-0.136	99.998	5.765	4.842	0.664	1785259189.440
1291	100.000	0.331	99.999	6.096	5.625	0.664	1785259189.624
1292	100.000	0.077	100.001	8.252	6.182	0.664	1785259189.821
1293	100.000	0.172	100.004	11.238	0.309	0.679	1785259190.025
1294	100.000	-0.035	99.997	13.820	0.576	0.681	1785259190.199
1295	100.000	-0.116	100.001	15.067	0.805	0.682	1785259190.383
1296	100.000	0.299	100.002	15.099	1.028	0.684	1785259190.580
1297	100.000	0.230	99.998	13.878	1.344	0.686	1785259190.808
1298	100.000	-0.181	100.000	11.401	1.775	0.689	1785259191.053
1299	100.000	0.032	100.001	9.699	2.363	0.695	1785259191.293
1300	100.000	0.082	100.000	8.892	2.962	0.686	1785259191.533
1301	100.000	0.156	99.999	8.878	3.344	0.664	1785259191.730
1302	100.000	-0.319	100.002	7.821	3.800	0.664	1785259191.961
1303	100.000	-0.068	100.002	6.712	4.297	0.664	1785259192.163
1304	100.000	0.009	99.998	5.637	4.897	0.664	1785259192.340
1305	100.000	0.319	99.996	6.598	5.729	0.664	1785259192.589
1306	100.000	-0.089	99.999	9.137	6.261	0.664	1785259192.795
1307	100.000	-0.144	99.999	12.477	0.377	0.688	1785259193.031
1308	100.000	-0.056	100.001	14.746	0.664	0.685	1785259193.212
1309	100.000	0.263	100.001	15.369	0.884	0.683	1785259193.416
1310	100.000	0.290	100.004	14.770	1.139	0.686	1785259193.606
1311	100.000	0.123	100.001	13.094	1.418	0.687	1785259193.784
1312	100.000	0.189	100.003	10.908	1.810	0.690	1785259193.961
1313	100.000	0.204	99.998	9.988	2.181	0.696	1785259194.162
1314	100.000	-0.300	100.002	9.138	2.718	0.680	1785259194.363
1315	100.000	-0.246	99.999	8.804	3.216	0.679	1785259194.596
1316	100.000	0.051	99.999	8.129	3.680	0.664	1785259194.848
1317	100.000	-0.263	100.001	7.070	4.167	0.664	1785259195.053
1318	100.000	0.221	99.999	5.928	4.778	0.664	1785259195.278
1319	100.000	-0.324	99.999	6.630	5.713	0.664	1785259195.532
1320	100.000	0.215	100.001	9.106	6.216	0.664	1785259195.716
1321	100.000	0.311	100.001	11.778	0.289	0.680	1785259195.920
1322	100.000	-0.224	99.998	14.153	0.578	0.685	1785259196.111
1323	100.000	-0.041	100.004	15.436	0.857	0.683	1785259196.335
1324	100.000	0.039	100.000	14.775	1.150	0.686	1785259196.540
1325	100.000	0.313	100.001	13.246	1.457	0.687	1785259196.740
1326	100.000	-0.208	99.998	11.287	1.820	0.694	1785259196.907
1327	100.000	0.276	100.003	9.933	2.248	0.682	1785259197.098
1328	100.000	0.017	100.000	9.282	2.692	0.687	1785259197.303
1329	100.000	-0.210	100.000	9.016	3.196	0.676	1785259197.529
1330	100.000	0.064	100.000	8.437	3.589	0.664	1785259197.710
1331	100.000	-0.180	100.000	7.508	3.961	0.664	1785259197.908
1332	100.000	-0.013	99.996	6.049	4.426	0.664	1785259198.087
1333	100.000	0.130	100.000	5.705	5.024	0.664	1785259198.269
1334	100.000	-0.290	99.999	6.211	5.702	0.664	1785259198.434
1335	100.000	0.197	100.000	8.692	6.253	0.664	1785259198.667
1336	100.000	0.084	99.997	12.172	0.362	0.684	1785259198.914
1337	100.000	-0.101	99.996	14.260	0.625	0.682	1785259199.094
1338	100.000	0.087	99.997	15.081	0.866	0.684	1785259199.275
1339	100.000	0.205	99.997	14.431	1.116	0.687	1785259199.479
1340	100.000	0.337	100.000	12.792	1.487	0.688	1785259199.734
1341	100.000	0.083	100.001	10.343	2.020	0.687	1785259199.980
1342	100.000	-0.263	100.002	9.124	2.522	0.688	1785259200.141
1343	100.000	0.132	100.002	8.923	2.953	0.690	1785259200.355
1344	100.000	0.088	100.002	8.687	3.347	0.664	1785259200.539
1345	100.000	-0.039	100.005	7.962	3.731	0.664	1785259200.740
1346	100.000	0.105	100.001	6.945	4.125	0.664	1785259200.939
1347	100.000	-0.261	100.001	5.554	4.683	0.664	1785259201.135
1348	100.000	-0.007	99.999	5.605	5.497	0.664	1785259201.352
1349	100.000	-0.277	100.000	7.868	6.150	0.686	1785259201.564
1350	100.000	-0.032	99.998	11.354	0.315	0.685	1785259201.808
1351	100.000	0.088	99.998	14.492	0.682	0.681	1785259202.072
1352	100.000	0.157	99.999	15.178	0.978	0.685	1785259202.320
1353	100.000	-0.059	99.996	13.859	1.325	0.684	1785259202.566
1354	100.000	0.060	99.999	11.419	1.760	0.691	1785259202.809
1355	100.000	-0.442	100.005	9.449	2.367	0.689	1785259203.069
1356	100.000	0.182	99.998	8.555	2.976	0.685	1785259203.302
1357	100.000	-0.410	99.998	8.712	3.463	0.670	1785259203.484
1358	100.000	-0.185	99.996	7.868	3.842	0.664	1785259203.752
1359	100.000	-0.365	99.999	6.673	4.314	0.664	1785259203.949
1360	100.000	-0.011	100.000	5.358	5.049	0.664	1785259204.182
1361	100.000	0.046	100.002	6.791	5.948	0.664	1785259204.423
1362	100.000	0.190	100.001	9.761	0.173	0.664	1785259204.610
1363	100.000	0.159	100.000	12.369	0.455	0.680	1785259204.807
1364	100.000	0.071	99.999	14.501	0.697	0.682	1785259204.994
1365	100.000	0.057	99.998	15.424	0.908	0.684	1785259205.178
1366	100.000	-0.004	99.998	14.731	1.170	0.688	1785259205.344
1367	100.000	-0.226	99.999	13.646	1.452	0.686	1785259205.551
1368	100.000	0.058	100.001	11.486	1.842	0.690	1785259205.731
1369	100.000	0.220	100.002	10.232	2.267	0.682	1785259205.901
1370	100.000	0.054	100.002	9.521	2.690	0.693	1785259206.092
1371	100.000	-0.092	99.999	9.216	3.094	0.679	1785259206.282
1372	100.000	-0.302	99.999	8.591	3.531	0.664	1785259206.559
1373	100.000	-0.038	99.999	7.091	4.039	0.664	1785259206.793
1374	100.000	0.021	99.998	5.589	4.575	0.664	1785259206.975
1375	100.000	0.153	100.002	5.299	5.286	0.664	1785259207.164
1376	100.000	0.037	100.004	7.075	5.959	0.671	1785259207.354
1377	100.000	0.078	100.001	9.832	0.186	0.681	1785259207.546
1378	100.000	0.125	99.997	12.565	0.453	0.681	1785259207.746
1379	100.000	-0.072	100.004	14.733	0.729	0.680	1785259207.982
1380	100.000	0.056	100.000	14.937	0.971	0.684	1785259208.187
1381	100.000	0.255	99.997	14.035	1.324	0.683	1785259208.437
1382	100.000	-0.113	100.003	11.730	1.770	0.689	1785259208.675
1383	100.000	-0.422	99.997	10.063	2.240	0.691	1785259208.860
1384	100.000	0.247	100.002	9.307	2.701	0.694	1785259209.052
1385	100.000	-0.159	100.000	9.168	3.105	0.664	1785259209.213
1386	100.000	0.113	99.995	9.029	3.427	0.664	1785259209.418
1387	100.000	-0.272	100.000	7.946	3.812	0.664	1785259209.674
1388	100.000	0.322	99.995	6.544	4.304	0.664	1785259209.869
1389	100.000	-0.226	99.998	5.053	5.131	0.664	1785259210.098
1390	100.000	0.288	100.003	6.398	5.931	0.664	1785259210.268
1391	100.000	-0.314	100.002	9.015	0.106	0.681	1785259210.469
1392	100.000	-0.197	100.000	12.201	0.421	0.671	1785259210.681
1393	100.000	-0.051	100.000	14.061	0.645	0.685	1785259210.844
1394	100.000	-0.042	100.002	15.255	0.863	0.683	1785259211.057
1395	100.000	0.189	100.002	14.624	1.177	0.685	1785259211.287
1396	100.000	-0.562	100.001	13.059	1.486	0.686	1785259211.481
1397	100.000	-0.066	99.995	10.989	1.855	0.690	1785259211.674
1398	100.000	0.149	100.002	10.010	2.340	0.683	1785259211.853
1399	100.000	-0.153	99.996	9.186	2.767	0.693	1785259212.044
1400	100.000	0.015	100.001	9.172	3.202	0.664	1785259212.243
1401	100.000	0.181	100.006	8.873	3.560	0.664	1785259212.420
1402	100.000	-0.179	99.997	8.055	3.891	0.664	1785259212.614
1403	100.000	-0.118	99.997	6.512	4.269	0.664	1785259212.803
1404	100.000	0.164	100.002	5.460	4.899	0.664	1785259212.999
1405	100.000	-0.005	100.001	5.804	5.605	0.664	1785259213.168
1406	100.000	0.009	100.000	8.164	6.255	0.673	1785259213.381
1407	100.000	0.446	100.003	11.616	0.376	0.680	1785259213.619
1408	100.000	-0.071	99.998	14.419	0.699	0.683	1785259213.876
1409	100.000	0.294	100.003	15.043	1.002	0.682	1785259214.092
1410	100.000	-0.213	99.997	14.014	1.272	0.686	1785259214.309
1411	100.000	0.039	100.002	12.026	1.680	0.686	1785259214.524
1412	100.000	-0.091	99.998	10.065	2.167	0.686	1785259214.745
1413	100.000	0.051	99.996	9.504	2.646	0.694	1785259214.931
1414	100.000	-0.162	99.999	9.288	3.135	0.664	1785259215.143
1415	100.000	-0.005	100.000	8.929	3.527	0.664	1785259215.340
1416	100.000	0.182	100.005	8.212	3.917	0.664	1785259215.515
1417	100.000	-0.062	99.995	6.351	4.319	0.664	1785259215.749
1418	100.000	0.473	99.997	5.202	5.077	0.664	1785259215.979
1419	100.000	0.192	99.996	6.778	5.920	0.664	1785259216.167
1420	100.000	0.114	99.999	9.092	0.089	0.682	1785259216.352
1421	100.000	-0.077	100.000	11.969	0.431	0.687	1785259216.562
1422	100.000	0.280	99.998	14.227	0.671	0.684	1785259216.803
1423	100.000	-0.019	99.999	15.178	0.971	0.685	1785259216.994
1424	100.000	-0.230	100.004	14.380	1.219	0.688	1785259217.195
1425	100.000	-0.109	100.004	12.201	1.608	0.687	1785259217.422
1426	100.000	-0.067	99.998	10.298	2.072	0.688	1785259217.628
1427	100.000	-0.019	99.999	9.204	2.648	0.693	1785259217.890
1428	100.000	0.120	100.002	9.065	3.245	0.664	1785259218.101
1429	100.000	0.070	100.000	8.593	3.562	0.664	1785259218.286
1430	100.000	-0.365	100.003	7.736	3.916	0.664	1785259218.491
1431	100.000	-0.234	99.999	6.164	4.435	0.664	1785259218.748
1432	100.000	0.195	100.002	5.398	5.316	0.664	1785259218.944
1433	100.000	0.311	99.998	7.116	6.041	0.664	1785259219.167
1434	100.000	0.530	99.999	10.612	0.264	0.666	1785259219.368
1435	100.000	0.055	100.000	13.158	0.531	0.678	1785259219.559
1436	100.000	0.309	100.000	14.604	0.747	0.680	1785259219.749
1437	100.000	-0.089	99.999	14.837	0.963	0.687	1785259219.938
1438	100.000	-0.058	100.005	14.024	1.228	0.684	1785259220.140
1439	100.000	0.160	99.997	12.016	1.635	0.687	1785259220.383
1440	100.000	0.305	100.001	10.233	2.118	0.690	1785259220.570
1441	100.000	0.118	99.998	9.380	2.615	0.690	1785259220.747
1442	100.000	0.051	99.999	9.120	3.039	0.687	1785259220.932
1443	100.000	-0.006	99.999	9.021	3.403	0.664	1785259221.140
1444	100.000	-0.024	99.999	8.621	3.751	0.664	1785259221.315
1445	100.000	-0.033	99.999	7.176	4.062	0.664	1785259221.497
1446	100.000	0.174	99.999	6.051	4.564	0.664	1785259221.669
1447	100.000	-0.021	99.998	5.512	5.256	0.664	1785259221.865
1448	100.000	0.041	99.997	6.757	5.950	0.664	1785259222.067
1449	100.000	0.078	100.000	9.528	0.128	0.664	1785259222.232
1450	100.000	-0.072	100.002	12.153	0.443	0.677	1785259222.430
1451	100.000	-0.052	100.003	14.348	0.707	0.685	1785259222.615
1452	100.000	0.336	99.997	15.001	0.959	0.682	1785259222.800
1453	100.000	0.116	99.998	14.369	1.187	0.686	1785259222.983
1454	100.000	0.280	100.004	12.805	1.469	0.684	1785259223.180
1455	100.000	-0.088	100.001	11.240	1.899	0.680	1785259223.381
1456	100.000	0.030	99.999	10.069	2.374	0.690	1785259223.570
1457	100.000	0.432	99.999	9.479	2.794	0.692	1785259223.773
1458	100.000	-0.348	99.998	9.577	3.195	0.664	1785259223.942
1459	100.000	0.553	99.999	8.899	3.546	0.664	1785259224.144
1460	100.000	-0.077	99.997	7.765	3.870	0.664	1785259224.332
1461	100.000	-0.173	100.002	6.477	4.305	0.664	1785259224.523
1462	100.000	0.070	99.996	5.129	4.909	0.664	1785259224.704
1463	100.000	0.054	100.001	6.062	5.789	0.664	1785259224.932
1464	100.000	-0.110	100.001	9.117	0.087	0.664	1785259225.117
1465	100.000	0.091	99.997	11.849	0.399	0.678	1785259225.324
1466	100.000	-0.057	100.002	13.931	0.649	0.684	1785259225.534
1467	100.000	0.101	99.998	15.055	0.985	0.684	1785259225.790
1468	100.000	0.192	100.004	13.879	1.321	0.685	1785259226.028
1469	100.000	-0.148	100.002	11.870	1.706	0.693	1785259226.225
1470	100.000	-0.319	99.998	10.109	2.234	0.686	1785259226.484
1471	100.000	0.071	99.998	9.711	2.860	0.684	1785259226.730
1472	100.000	-0.130	99.998	9.470	3.301	0.664	1785259226.971
1473	100.000	-0.041	100.000	8.738	3.684	0.664	1785259227.140
1474	100.000	0.251	99.998	7.042	3.988	0.664	1785259227.350
1475	100.000	0.132	100.000	5.583	4.548	0.664	1785259227.522
1476	100.000	-0.035	99.999	5.025	5.379	0.664	1785259227.708
1477	100.000	-0.210	100.003	6.865	6.082	0.664	1785259227.907
1478	100.000	0.078	100.006	9.971	0.203	0.683	1785259228.115
1479	100.000	0.086	100.000	13.050	0.527	0.678	1785259228.359
1480	100.000	0.160	99.998	15.023	0.775	0.682	1785259228.539
1481	100.000	-0.141	99.995	15.243	1.022	0.682	1785259228.725
1482	100.000	-0.027	100.005	14.148	1.292	0.680	1785259228.911
1483	100.000	0.175	100.002	12.242	1.653	0.684	1785259229.116
1484	100.000	-0.146	99.999	10.486	2.089	0.688	1785259229.298
1485	100.000	-0.051	100.001	9.690	2.527	0.686	1785259229.492
1486	100.000	0.123	99.998	9.519	2.997	0.685	1785259229.672
1487	100.000	0.094	100.001	9.225	3.340	0.664	1785259229.864
1488	100.000	-0.144	100.003	8.289	3.745	0.664	1785259230.120
1489	100.000	0.069	100.006	6.753	4.105	0.664	1785259230.298
1490	100.000	0.001	99.998	5.568	4.692	0.664	1785259230.470
1491	100.000	-0.405	100.001	5.011	5.436	0.664	1785259230.671
1492	100.000	-0.020	99.997	7.548	6.141	0.664	1785259230.913
1493	100.000	0.254	100.001	11.084	0.299	0.684	1785259231.102
1494	100.000	0.104	99.998	13.458	0.543	0.684	1785259231.302
1495	100.000	-0.278	100.001	15.044	0.796	0.683	1785259231.491
1496	100.000	0.293	100.000	15.178	1.041	0.681	1785259231.670
1497	100.000	-0.042	99.998	13.974	1.308	0.682	1785259231.876
1498	100.000	0.234	100.001	12.117	1.649	0.682	1785259232.056
1499	100.000	-0.147	100.005	10.256	2.097	0.695	1785259232.251
1500	100.000	-0.467	100.002	9.487	2.574	0.689	1785259232.490
1501	100.000	0.134	100.001	9.078	3.127	0.685	1785259232.707
1502	100.000	0.205	100.003	8.943	3.494	0.664	1785259232.907
1503	100.000	0.334	100.000	7.701	3.846	0.664	1785259233.074
1504	100.000	0.081	99.998	6.282	4.250	0.664	1785259233.256
1505	100.000	0.096	100.000	5.090	4.875	0.664	1785259233.456
1506	100.000	-0.048	100.000	5.815	5.751	0.664	1785259233.645
1507	100.000	-0.120	100.002	8.288	0.026	0.664	1785259233.842
1508	100.000	-0.017	99.999	11.375	0.350	0.672	1785259234.037
1509	100.000	0.413	99.996	13.786	0.560	0.672	1785259234.229
1510	100.000	0.229	100.002	15.315	0.798	0.679	1785259234.421
1511	100.000	0.232	100.003	15.202	1.020	0.680	1785259234.590
1512	100.000	-0.021	99.999	13.911	1.264	0.684	1785259234.787
1513	100.000	-0.032	99.999	11.698	1.619	0.687	1785259234.979
1514	100.000	0.157	100.001	10.045	2.090	0.684	1785259235.175
1515	100.000	0.115	99.997	9.222	2.643	0.691	1785259235.419
1516	100.000	-0.077	99.999	9.101	3.136	0.672	1785259235.591
1517	100.000	-0.182	99.999	9.068	3.456	0.664	1785259235.785
1518	100.000	-0.054	100.000	8.076	3.826	0.664	1785259235.970
1519	100.000	-0.114	100.003	6.332	4.121	0.664	1785259236.165
1520	100.000	-0.100	100.001	5.026	4.878	0.664	1785259236.402
1521	100.000	-0.017	100.001	5.746	5.785	0.664	1785259236.582
1522	100.000	-0.228	100.000	8.253	6.274	0.664	1785259236.799
1523	100.000	-0.030	99.997	11.670	0.363	0.671	1785259236.954
1524	100.000	0.003	99.999	13.862	0.593	0.682	1785259237.155
1525	100.000	0.156	100.000	15.056	0.789	0.683	1785259237.346
1526	100.000	0.227	100.003	14.967	1.030	0.682	1785259237.533
1527	100.000	0.319	99.997	13.656	1.277	0.684	1785259237.743
1528	100.000	0.091	100.003	11.243	1.716	0.684	1785259237.977
1529	100.000	0.056	99.997	9.502	2.293	0.688	1785259238.231
1530	100.000	0.249	99.998	9.204	2.851	0.684	1785259238.418
1531	100.000	-0.189	100.002	9.121	3.218	0.664	1785259238.607
1532	100.000	0.151	99.996	8.553	3.534	0.664	1785259238.767
1533	100.000	0.077	100.002	7.523	3.902	0.664	1785259238.972
1534	100.000	0.173	99.997	6.141	4.348	0.664	1785259239.153
1535	100.000	0.158	100.003	5.379	5.072	0.664	1785259239.356
1536	100.000	0.566	99.999	6.614	5.885	0.664	1785259239.599
1537	100.000	-0.162	99.999	9.931	0.179	0.680	1785259239.832
1538	100.000	0.079	99.996	12.836	0.477	0.679	1785259240.046
1539	100.000	-0.335	99.999	14.640	0.738	0.685	1785259240.221
1540	100.000	0.039	100.004	14.839	0.968	0.685	1785259240.426
1541	100.000	-0.060	100.004	13.851	1.225	0.685	1785259240.611
1542	100.000	0.040	99.999	11.866	1.537	0.684	1785259240.780
1543	100.000	0.216	100.001	10.781	1.854	0.685	1785259240.995
1544	100.000	-0.069	100.005	9.664	2.351	0.681	1785259241.182
1545	100.000	0.090	99.999	9.271	2.843	0.672	1785259241.387
1546	100.000	0.149	99.998	9.129	3.258	0.677	1785259241.553
1547	100.000	0.092	100.004	8.707	3.592	0.664	1785259241.748
1548	100.000	0.280	99.998	7.410	3.881	0.664	1785259241.930
1549	100.000	-0.437	99.995	5.860	4.365	0.664	1785259242.135
1550	100.000	0.324	99.994	5.068	5.162	0.664	1785259242.316
1551	100.000	0.262	100.003	6.240	5.894	0.664	1785259242.487
1552	100.000	-0.048	100.001	9.065	0.066	0.690	1785259242.733
1553	100.000	-0.186	100.000	12.521	0.430	0.681	1785259242.932
1554	100.000	0.109	100.002	15.020	0.720	0.682	1785259243.163
1555	100.000	-0.136	100.000	15.316	0.966	0.684	1785259243.369
1556	100.000	0.162	100.001	14.170	1.216	0.686	1785259243.560
1557	100.000	-0.082	99.998	12.107	1.592	0.680	1785259243.760
1558	100.000	-0.056	100.003	10.128	2.037	0.689	1785259243.965
1559	100.000	0.190	99.995	9.405	2.506	0.692	1785259244.156
1560	100.000	0.477	99.998	9.385	2.924	0.664	1785259244.335
1561	100.000	-0.034	100.001	9.178	3.318	0.673	1785259244.533
1562	100.000	-0.108	100.002	8.487	3.714	0.664	1785259244.744
1563	100.000	-0.164	99.998	7.109	4.097	0.664	1785259244.951
1564	100.000	0.079	100.002	5.591	4.676	0.664	1785259245.142
1565	100.000	-0.017	100.001	5.326	5.492	0.664	1785259245.326
1566	100.000	-0.095	99.996	7.403	6.056	0.664	1785259245.502
1567	100.000	0.003	100.004	10.108	0.183	0.673	1785259245.714
1568	100.000	0.020	100.003	13.242	0.495	0.683	1785259245.946
1569	100.000	-0.140	99.997	14.781	0.744	0.687	1785259246.117
1570	100.000	0.494	99.999	15.248	0.972	0.682	1785259246.321
1571	100.000	-0.084	99.998	13.970	1.234	0.686	1785259246.502
1572	100.000	-0.020	100.001	11.879	1.555	0.685	1785259246.672
1573	100.000	0.190	99.997	10.092	1.968	0.685	1785259246.885
1574	100.000	0.269	100.003	9.285	2.506	0.695	1785259247.088
1575	100.000	-0.195	100.002	9.515	2.949	0.664	1785259247.265
1576	100.000	0.435	100.002	9.696	3.309	0.664	1785259247.451
1577	100.000	-0.182	99.999	9.253	3.605	0.664	1785259247.638
1578	100.000	-0.220	100.000	8.054	3.923	0.664	1785259247.829
1579	100.000	0.052	99.999	6.065	4.410	0.664	1785259248.012
1580	100.000	-0.038	100.000	5.162	5.127	0.664	1785259248.210
1581	100.000	-0.023	99.996	6.629	5.863	0.664	1785259248.386
1582	100.000	0.125	99.995	9.308	0.105	0.664	1785259248.585
1583	100.000	0.015	99.996	12.225	0.434	0.678	1785259248.823
1584	100.000	0.279	99.994	14.456	0.682	0.680	1785259249.021
1585	100.000	0.358	100.002	14.856	0.951	0.683	1785259249.271
1586	100.000	0.724	99.999	13.481	1.222	0.684	1785259249.449
1587	100.000	-0.172	99.997	11.809	1.544	0.686	1785259249.620
1588	100.000	0.107	100.001	10.193	1.979	0.683	1785259249.832
1589	100.000	-0.002	99.999	9.326	2.487	0.677	1785259250.000
1590	100.000	-0.102	100.001	9.286	3.003	0.686	1785259250.214
1591	100.000	0.273	99.998	9.562	3.367	0.664	1785259250.404
1592	100.000	0.132	100.003	8.879	3.719	0.664	1785259250.640
1593	100.000	0.280	100.000	7.091	4.081	0.664	1785259250.845
1594	100.000	-0.081	100.003	5.489	4.640	0.664	1785259251.022
1595	100.000	0.177	100.001	5.447	5.419	0.664	1785259251.241
1596	100.000	0.303	99.999	7.518	6.096	0.664	1785259251.434
1597	100.000	0.565	100.000	10.620	0.248	0.677	1785259251.618
1598	100.000	-0.067	100.007	13.091	0.498	0.683	1785259251.815
1599	100.000	0.022	99.997	15.030	0.743	0.681	1785259252.007
1600	100.000	-0.172	100.003	14.984	0.984	0.681	1785259252.204
1601	100.000	-0.190	100.000	14.034	1.213	0.680	1785259252.371
1602	100.000	0.010	99.999	11.916	1.542	0.687	1785259252.572
1603	100.000	-0.138	99.996	10.224	1.929	0.692	1785259252.757
1604	100.000	0.153	100.004	9.175	2.431	0.691	1785259252.933
1605	100.000	-0.075	99.999	9.179	2.912	0.686	1785259253.125
1606	100.000	-0.086	100.001	9.388	3.278	0.664	1785259253.307
1607	100.000	0.237	100.003	8.954	3.638	0.664	1785259253.570
1608	100.000	-0.213	99.996	7.305	4.027	0.664	1785259253.751
1609	100.000	-0.096	100.002	5.390	4.565	0.664	1785259253.953
1610	100.000	0.083	100.000	5.315	5.520	0.664	1785259254.181
1611	100.000	0.014	100.002	7.834	6.209	0.664	1785259254.368
1612	100.000	-0.053	99.997	10.810	0.316	0.685	1785259254.557
1613	100.000	-0.275	99.998	13.316	0.544	0.679	1785259254.763
1614	100.000	0.517	100.002	14.504	0.746	0.682	1785259254.934
1615	100.000	-0.121	100.001	14.356	0.997	0.686	1785259255.160
1616	100.000	-0.177	99.999	13.030	1.329	0.684	1785259255.399
1617	100.000	0.075	100.000	10.413	1.825	0.686	1785259255.620
1618	100.000	0.131	99.999	9.160	2.351	0.693	1785259255.823
1619	100.000	0.252	100.000	9.184	2.847	0.685	1785259256.018
1620	100.000	0.151	100.000	9.439	3.201	0.685	1785259256.189
1621	100.000	0.340	100.003	9.130	3.549	0.664	1785259256.396
1622	100.000	0.035	99.999	8.007	3.863	0.664	1785259256.627
1623	100.000	0.264	99.998	6.245	4.290	0.664	1785259256.825
1624	100.000	0.179	99.998	5.035	5.238	0.664	1785259257.067
1625	100.000	0.157	100.000	7.199	6.076	0.664	1785259257.242
1626	100.000	-0.201	99.998	9.776	0.150	0.679	1785259257.445
1627	100.000	-0.188	99.999	12.634	0.459	0.682	1785259257.626
1628	100.000	-0.279	100.003	14.371	0.676	0.685	1785259257.811
1629	100.000	-0.146	99.999	15.003	0.892	0.684	1785259257.997
1630	100.000	0.012	99.999	14.051	1.134	0.685	1785259258.183
1631	100.000	0.250	99.998	12.279	1.434	0.687	1785259258.400
1632	100.000	0.259	100.001	10.107	1.924	0.684	1785259258.645
1633	100.000	0.103	100.000	9.483	2.443	0.680	1785259258.817
1634	100.000	0.401	100.000	9.360	2.930	0.688	1785259259.011
1635	100.000	-0.179	99.998	9.609	3.349	0.664	1785259259.188
1636	100.000	0.330	99.998	9.194	3.617	0.664	1785259259.390
1637	100.000	-0.101	100.001	7.542	3.989	0.664	1785259259.626
1638	100.000	-0.090	100.000	5.671	4.581	0.664	1785259259.818
1639	100.000	0.100	100.001	5.256	5.399	0.664	1785259260.011
1640	100.000	-0.154	99.999	7.046	6.036	0.664	1785259260.202
1641	100.000	-0.044	100.000	10.575	0.248	0.673	1785259260.432
1642	100.000	0.127	100.002	13.307	0.524	0.679	1785259260.623
1643	100.000	-0.208	99.998	14.942	0.748	0.678	1785259260.798
1644	100.000	0.127	99.999	14.671	0.979	0.681	1785259261.025
1645	100.000	-0.006	99.999	13.306	1.272	0.682	1785259261.256
1646	100.000	-0.085	100.003	10.963	1.688	0.681	1785259261.437
1647	100.000	0.049	99.997	9.404	2.182	0.684	1785259261.624
1648	100.000	-0.450	100.001	9.083	2.691	0.699	1785259261.807
1649	100.000	0.415	100.000	9.305	3.117	0.674	1785259261.987
1650	100.000	-0.075	100.000	9.429	3.416	0.664	1785259262.165
1651	100.000	-0.098	100.003	8.962	3.717	0.664	1785259262.367
1652	100.000	-0.069	99.999	7.398	4.072	0.664	1785259262.563
1653	100.000	-0.119	99.999	5.556	4.630	0.664	1785259262.776
1654	100.000	0.248	100.000	5.158	5.544	0.664	1785259262.940
1655	100.000	-0.251	99.998	7.339	6.141	0.664	1785259263.159
1656	100.000	-0.330	99.999	10.900	0.284	0.678	1785259263.390
1657	100.000	0.078	100.004	13.810	0.543	0.677	1785259263.582
1658	100.000	0.041	100.001	15.020	0.756	0.680	1785259263.771
1659	100.000	0.292	100.005	14.972	0.991	0.678	1785259263.956
1660	100.000	-0.173	100.002	13.432	1.252	0.680	1785259264.154
1661	100.000	0.032	100.003	10.933	1.606	0.687	1785259264.347
1662	100.000	0.105	100.001	9.509	2.086	0.682	1785259264.533
1663	100.000	0.331	100.001	9.153	2.626	0.688	1785259264.730
1664	100.000	0.369	100.002	9.651	3.080	0.684	1785259264.922
1665	100.000	0.300	100.003	9.747	3.423	0.664	1785259265.147
1666	100.000	-0.112	99.998	9.101	3.723	0.664	1785259265.329
1667	100.000	-0.135	100.000	7.254	4.055	0.664	1785259265.548
1668	100.000	0.088	99.997	5.285	4.698	0.664	1785259265.707
1669	100.000	-0.249	100.000	5.153	5.532	0.664	1785259265.918
1670	100.000	0.146	99.995	7.846	6.234	0.664	1785259266.107
1671	100.000	-0.079	99.997	11.144	0.306	0.679	1785259266.323
1672	100.000	0.092	99.999	13.986	0.589	0.678	1785259266.527
1673	100.000	-0.176	99.999	14.877	0.778	0.681	1785259266.707
1674	100.000	0.020	99.999	14.653	1.010	0.681	1785259266.881
1675	100.000	-0.036	99.999	12.900	1.292	0.686	1785259267.094
1676	100.000	-0.270	100.000	10.731	1.636	0.685	1785259267.285
1677	100.000	0.392	100.002	9.503	2.115	0.682	1785259267.485
1678	100.000	0.169	99.998	8.921	2.727	0.693	1785259267.726
1679	100.000	-0.227	100.001	9.443	3.260	0.664	1785259267.969
1680	100.000	-0.169	100.001	9.193	3.594	0.664	1785259268.156
1681	100.000	0.032	100.000	8.470	3.903	0.664	1785259268.348
1682	100.000	-0.317	99.999	6.298	4.292	0.664	1785259268.533
1683	100.000	-0.063	100.003	5.156	4.931	0.664	1785259268.725
1684	100.000	-0.315	100.001	5.804	5.843	0.664	1785259268.930
1685	100.000	-0.122	99.997	8.919	0.052	0.678	1785259269.112
1686	100.000	-0.267	100.000	11.633	0.344	0.680	1785259269.283
1687	100.000	-0.052	100.001	14.081	0.586	0.680	1785259269.488
1688	100.000	-0.427	100.001	15.198	0.834	0.681	1785259269.743
1689	100.000	-0.307	99.999	14.099	1.106	0.682	1785259269.941
1690	100.000	0.229	99.996	11.603	1.461	0.685	1785259270.175
1691	100.000	0.217	100.003	9.630	1.914	0.689	1785259270.336
1692	100.000	-0.042	100.002	8.566	2.470	0.688	1785259270.544
1693	100.000	0.227	100.001	8.924	2.988	0.688	1785259270.741
1694	100.000	0.006	99.997	9.176	3.352	0.664	1785259270.924
1695	100.000	-0.217	100.000	8.839	3.636	0.664	1785259271.124
1696	100.000	0.030	99.999	7.790	3.912	0.664	1785259271.288
1697	100.000	-0.028	100.004	5.882	4.303	0.664	1785259271.484
1698	100.000	-0.143	99.995	4.887	5.028	0.664	1785259271.688
1699	100.000	-0.126	99.999	6.577	6.005	0.664	1785259271.918
1700	100.000	-0.231	100.000	9.727	0.192	0.681	1785259272.104
1701	100.000	-0.256	99.999	12.968	0.467	0.685	1785259272.272
1702	100.000	-0.180	100.001	14.710	0.674	0.680	1785259272.501
1703	100.000	-0.139	100.001	15.163	0.915	0.684	1785259272.704
1704	100.000	0.020	100.002	13.743	1.190	0.680	1785259272.905
1705	100.000	0.368	100.001	11.206	1.578	0.688	1785259273.101
1706	100.000	0.016	99.996	9.237	2.041	0.686	1785259273.318
1707	100.000	-0.101	100.000	8.864	2.657	0.692	1785259273.553
1708	100.000	-0.159	100.000	9.354	3.141	0.664	1785259273.741
1709	100.000	-0.074	99.995	9.635	3.469	0.664	1785259273.915
1710	100.000	-0.367	100.002	8.828	3.749	0.664	1785259274.111
1711	100.000	-0.264	100.003	7.424	4.117	0.664	1785259274.297
1712	100.000	0.115	100.002	5.600	4.644	0.664	1785259274.485
1713	100.000	0.122	100.002	5.402	5.537	0.664	1785259274.686
1714	100.000	0.104	100.005	7.762	6.206	0.664	1785259274.922
1715	100.000	0.212	100.005	11.411	0.344	0.673	1785259275.102
1716	100.000	0.116	99.999	13.726	0.550	0.679	1785259275.290
1717	100.000	-0.251	99.997	15.296	0.793	0.680	1785259275.505
1718	100.000	-0.236	100.001	14.645	1.050	0.683	1785259275.735
1719	100.000	0.304	99.999	12.382	1.388	0.682	1785259275.923
1720	100.000	-0.007	100.001	10.234	1.762	0.689	1785259276.089
1721	100.000	-0.040	100.001	9.159	2.236	0.684	1785259276.305
1722	100.000	-0.256	100.000	9.061	2.913	0.695	1785259276.561
1723	100.000	0.171	99.998	9.601	3.410	0.664	1785259276.789
1724	100.000	0.264	100.003	9.171	3.732	0.664	1785259276.987
1725	100.000	-0.170	100.003	7.645	4.092	0.664	1785259277.235
1726	100.000	-0.152	99.997	5.407	4.661	0.664	1785259277.429
1727	100.000	-0.233	99.997	5.507	5.531	0.664	1785259277.604
1728	100.000	-0.037	99.999	7.964	6.231	0.664	1785259277.793
1729	100.000	0.120	100.001	10.941	0.278	0.680	1785259278.004
1730	100.000	0.263	100.000	14.055	0.588	0.683	1785259278.244
1731	100.000	-0.111	100.005	15.318	0.821	0.684	1785259278.415
1732	100.000	-0.111	100.005	14.618	1.035	0.684	1785259278.633
1733	100.000	-0.226	99.999	12.319	1.397	0.684	1785259278.874
1734	100.000	-0.171	100.004	10.102	1.876	0.684	1785259279.051
1735	100.000	0.073	100.001	9.138	2.331	0.692	1785259279.226
1736	100.000	-0.135	99.999	8.999	2.824	0.671	1785259279.407
1737	100.000	0.009	100.003	9.481	3.240	0.664	1785259279.610
1738	100.000	0.098	99.998	9.447	3.527	0.664	1785259279.805
1739	100.000	-0.317	99.998	8.210	3.889	0.664	1785259280.037
1740	100.000	-0.278	99.998	6.119	4.299	0.664	1785259280.244
1741	100.000	-0.077	99.998	4.932	5.272	0.664	1785259280.474
1742	100.000	0.042	100.000	7.001	6.097	0.664	1785259280.648
1743	100.000	0.162	99.999	9.804	0.199	0.678	1785259280.888
1744	100.000	-0.156	100.003	13.251	0.520	0.683	1785259281.115
1745	100.000	0.020	99.999	14.836	0.783	0.682	1785259281.323
1746	100.000	-0.115	100.006	14.374	1.025	0.684	1785259281.547
1747	100.000	-0.041	99.998	12.508	1.387	0.686	1785259281.748
1748	100.000	-0.160	99.998	10.234	1.828	0.688	1785259281.972
1749	100.000	0.161	100.002	9.024	2.446	0.688	1785259282.171
1750	100.000	0.180	99.999	9.463	2.856	0.664	1785259282.343
1751	100.000	0.295	99.999	9.878	3.268	0.664	1785259282.532
1752	100.000	0.413	99.999	9.722	3.533	0.664	1785259282.745
1753	100.000	0.191	99.999	8.745	3.823	0.664	1785259282.902
1754	100.000	-0.334	99.999	6.993	4.134	0.664	1785259283.080
1755	100.000	-0.315	99.999	5.343	4.721	0.664	1785259283.306
1756	100.000	-0.018	100.003	5.952	5.879	0.664	1785259283.561
1757	100.000	-0.120	100.003	9.494	0.165	0.686	1785259283.820
1758	100.000	-0.013	99.999	13.400	0.536	0.681	1785259284.048
1759	100.000	-0.378	99.999	14.939	0.765	0.685	1785259284.236
1760	100.000	0.273	100.003	14.771	0.980	0.684	1785259284.431
1761	100.000	0.062	100.001	12.938	1.255	0.683	1785259284.605
1762	100.000	0.073	99.999	11.308	1.544	0.684	1785259284.799
1763	100.000	0.006	99.998	9.837	2.036	0.683	1785259284.975
1764	100.000	0.030	100.002	9.158	2.522	0.695	1785259285.148
1765	100.000	0.175	100.002	9.701	3.032	0.686	1785259285.350
1766	100.000	0.282	99.996	9.979	3.375	0.664	1785259285.553
1767	100.000	-0.017	100.001	9.231	3.617	0.664	1785259285.746
1768	100.000	0.126	100.002	8.167	3.926	0.664	1785259285.916
1769	100.000	-0.203	99.997	6.213	4.347	0.664	1785259286.105
1770	100.000	-0.170	100.000	4.651	5.154	0.664	1785259286.295
1771	100.000	-0.200	100.001	6.824	6.067	0.664	1785259286.522
1772	100.000	0.271	100.001	10.190	0.228	0.681	1785259286.754
1773	100.000	-0.014	99.999	13.309	0.499	0.682	1785259286.952
1774	100.000	0.269	100.005	14.940	0.738	0.685	1785259287.173
1775	100.000	0.012	100.000	14.710	1.006	0.685	1785259287.373
1776	100.000	0.434	100.001	13.198	1.264	0.683	1785259287.559
1777	100.000	0.127	100.003	10.918	1.613	0.691	1785259287.748
1778	100.000	-0.100	100.001	9.143	2.030	0.690	1785259287.907
1779	100.000	0.108	100.002	8.793	2.528	0.690	1785259288.111
1780	100.000	0.026	99.997	9.463	3.038	0.664	1785259288.328
1781	100.000	-0.122	99.999	9.895	3.388	0.664	1785259288.569
1782	100.000	0.020	99.993	9.359	3.676	0.664	1785259288.745
1783	100.000	-0.025	100.002	7.291	3.992	0.664	1785259288.947
1784	100.000	0.084	99.999	5.352	4.496	0.664	1785259289.131
1785	100.000	0.238	100.003	4.490	5.325	0.664	1785259289.309
1786	100.000	-0.369	99.998	6.662	6.087	0.680	1785259289.485
1787	100.000	0.016	100.000	10.097	0.231	0.683	1785259289.691
1788	100.000	-0.181	100.001	13.382	0.500	0.674	1785259289.865
1789	100.000	0.191	100.001	15.032	0.703	0.683	1785259290.040
1790	100.000	0.502	99.999	15.218	0.897	0.682	1785259290.273
1791	100.000	-0.058	100.000	13.578	1.209	0.685	1785259290.505
1792	100.000	0.146	99.999	11.127	1.631	0.689	1785259290.693
1793	100.000	0.153	100.000	9.488	2.072	0.691	1785259290.874
1794	100.000	-0.008	99.999	9.175	2.577	0.703	1785259291.059
1795	100.000	-0.190	99.998	9.664	2.997	0.689	1785259291.236
1796	100.000	-0.496	99.998	10.109	3.314	0.664	1785259291.421
1797	100.000	-0.036	100.001	9.636	3.585	0.664	1785259291.612
1798	100.000	0.430	99.999	8.260	3.879	0.664	1785259291.809
1799	100.000	0.025	100.000	6.197	4.275	0.664	1785259291.989
1800	100.000	0.473	100.000	4.572	4.948	0.664	1785259292.175
1801	100.000	-0.292	100.002	5.559	5.846	0.664	1785259292.369
1802	100.000	0.388	99.998	9.054	0.114	0.664	1785259292.566
1803	100.000	0.125	99.995	12.586	0.423	0.678	1785259292.752
1804	100.000	-0.258	100.002	14.710	0.619	0.680	1785259292.931
1805	100.000	0.225	99.997	15.347	0.819	0.687	1785259293.138
1806	100.000	0.330	100.000	14.420	1.084	0.685	1785259293.384
1807	100.000	0.345	100.001	12.241	1.416	0.684	1785259293.564
1808	100.000	-0.263	100.003	10.110	1.869	0.690	1785259293.759
1809	100.000	0.205	99.997	9.160	2.409	0.687	1785259293.935
1810	100.000	0.055	100.001	9.491	2.827	0.669	1785259294.132
1811	100.000	-0.203	100.006	9.903	3.245	0.664	1785259294.309
1812	100.000	-0.273	99.995	10.084	3.488	0.664	1785259294.510
1813	100.000	-0.065	100.007	8.502	3.819	0.664	1785259294.731
1814	100.000	0.205	99.999	6.157	4.245	0.664	1785259294.940
1815	100.000	0.020	100.001	4.638	5.048	0.664	1785259295.148
1816	100.000	0.545	99.997	6.735	6.157	0.664	1785259295.386
1817	100.000	-0.107	100.000	10.476	0.270	0.678	1785259295.569
1818	100.000	-0.134	100.001	13.033	0.469	0.683	1785259295.756
1819	100.000	0.052	100.001	15.083	0.726	0.684	1785259295.993
1820	100.000	-0.117	99.998	15.418	0.959	0.681	1785259296.191
1821	100.000	0.154	100.000	13.746	1.229	0.686	1785259296.382
1822	100.000	0.178	99.999	11.479	1.557	0.685	1785259296.577
1823	100.000	-0.103	99.997	9.462	2.091	0.689	1785259296.819
1824	100.000	-0.047	100.004	9.307	2.790	0.691	1785259297.069
1825	100.000	-0.242	100.000	9.982	3.247	0.664	1785259297.250
1826	100.000	-0.050	100.002	9.716	3.522	0.664	1785259297.438
1827	100.000	-0.150	100.001	8.731	3.837	0.664	1785259297.629
1828	100.000	0.162	100.001	6.416	4.161	0.664	1785259297.831
1829	100.000	0.143	100.000	4.967	4.713	0.664	1785259297.994
1830	100.000	0.251	99.999	5.037	5.691	0.664	1785259298.174
1831	100.000	0.365	100.002	7.398	6.277	0.664	1785259298.359
1832	100.000	0.279	99.997	10.902	0.337	0.679	1785259298.570
1833	100.000	-0.375	100.000	14.139	0.592	0.683	1785259298.771
1834	100.000	-0.116	100.001	15.377	0.809	0.683	1785259298.957
1835	100.000	-0.124	99.999	15.121	1.003	0.684	1785259299.156
1836	100.000	0.329	99.999	13.068	1.288	0.685	1785259299.332
1837	100.000	-0.272	100.000	10.726	1.689	0.687	1785259299.545
1838	100.000	-0.127	100.000	9.073	2.230	0.696	1785259299.727
1839	100.000	-0.231	100.001	9.025	2.737	0.695	1785259299.902
1840	100.000	-0.212	100.003	9.684	3.084	0.664	1785259300.107
1841	100.000	-0.129	99.996	10.216	3.452	0.664	1785259300.385
1842	100.000	0.009	99.999	8.695	3.806	0.664	1785259300.619
1843	100.000	-0.197	100.001	6.767	4.188	0.664	1785259300.794
1844	100.000	0.213	99.999	4.761	4.855	0.664	1785259300.975
1845	100.000	0.063	100.006	5.433	5.816	0.664	1785259301.202
1846	100.000	0.226	100.000	9.624	0.179	0.678	1785259301.435
1847	100.000	0.136	99.997	13.447	0.508	0.679	1785259301.662
1848	100.000	0.107	100.002	15.454	0.717	0.685	1785259301.838
1849	100.000	0.134	99.997	15.391	0.927	0.680	1785259302.053
1850	100.000	0.286	99.998	13.283	1.243	0.684	1785259302.310
1851	100.000	0.227	100.001	10.395	1.729	0.687	1785259302.547
1852	100.000	0.330	99.998	9.226	2.215	0.678	1785259302.735
1853	100.000	0.239	100.000	9.252	2.869	0.696	1785259302.995
1854	100.000	-0.216	100.001	9.963	3.323	0.664	1785259303.219
1855	100.000	0.212	100.002	9.344	3.630	0.664	1785259303.417
1856	100.000	0.242	100.002	8.216	3.902	0.664	1785259303.602
1857	100.000	0.292	100.001	5.712	4.293	0.664	1785259303.769
1858	100.000	0.297	100.003	4.345	5.032	0.664	1785259303.977
1859	100.000	0.149	100.000	5.790	5.973	0.664	1785259304.168
1860	100.000	0.080	99.999	9.176	0.183	0.687	1785259304.363
1861	100.000	-0.009	99.997	12.518	0.446	0.677	1785259304.549
1862	100.000	0.395	99.996	15.134	0.659	0.680	1785259304.734
1863	100.000	0.119	99.998	15.731	0.825	0.684	1785259304.921
1864	100.000	0.151	100.002	14.839	1.040	0.685	1785259305.110
1865	100.000	-0.123	99.999	13.063	1.266	0.686	1785259305.286
1866	100.000	0.003	100.004	10.616	1.651	0.689	1785259305.477
1867	100.000	0.311	99.999	9.208	2.153	0.680	1785259305.667
1868	100.000	-0.034	99.997	8.988	2.659	0.690	1785259305.847
1869	100.000	0.173	100.000	9.659	3.104	0.664	1785259306.046
1870	100.000	-0.003	100.002	9.615	3.475	0.664	1785259306.301
1871	100.000	-0.214	100.006	8.520	3.756	0.664	1785259306.482
1872	100.000	-0.009	100.002	6.708	4.119	0.664	1785259306.677
1873	100.000	0.414	99.995	4.559	4.695	0.664	1785259306.857
1874	100.000	-0.220	99.997	4.739	5.681	0.664	1785259307.056
1875	100.000	-0.101	100.000	7.570	6.264	0.664	1785259307.226
1876	100.000	0.045	100.000	10.420	0.272	0.673	1785259307.412
1877	100.000	-0.175	99.998	13.334	0.502	0.682	1785259307.595
1878	100.000	0.165	99.998	15.334	0.680	0.684	1785259307.765
1879	100.000	-0.207	100.007	15.572	0.870	0.685	1785259307.975
1880	100.000	-0.260	100.004	14.449	1.083	0.683	1785259308.179
1881	100.000	-0.103	99.997	11.905	1.450	0.683	1785259308.427
1882	100.000	-0.491	100.000	9.295	2.024	0.690	1785259308.615
1883	100.000	0.293	100.000	8.803	2.522	0.700	1785259308.806
1884	100.000	-0.007	100.003	9.385	3.087	0.664	1785259309.051
1885	100.000	-0.180	99.998	9.801	3.492	0.664	1785259309.272
1886	100.000	0.243	100.002	8.648	3.825	0.664	1785259309.497
1887	100.000	-0.154	100.002	6.344	4.258	0.664	1785259309.664
1888	100.000	-0.175	100.000	4.389	4.935	0.664	1785259309.873
1889	100.000	-0.132	100.003	5.801	6.043	0.664	1785259310.054
1890	100.000	0.020	99.999	8.973	0.151	0.684	1785259310.264
1891	100.000	-0.083	100.003	13.355	0.490	0.683	1785259310.530
1892	100.000	0.208	99.998	15.393	0.736	0.682	1785259310.730
1893	100.000	0.013	99.999	15.467	0.950	0.684	1785259310.965
1894	100.000	-0.401	100.000	13.404	1.247	0.686	1785259311.202
1895	100.000	0.006	100.002	10.692	1.674	0.682	1785259311.378
1896	100.000	-0.307	100.004	8.927	2.214	0.691	1785259311.585
1897	100.000	0.156	100.000	8.825	2.780	0.684	1785259311.795
1898	100.000	0.020	99.997	9.371	3.211	0.681	1785259311.987
1899	100.000	0.357	100.000	9.756	3.458	0.664	1785259312.192
1900	100.000	-0.380	99.998	8.664	3.770	0.664	1785259312.378
1901	100.000	-0.225	99.998	6.983	4.064	0.664	1785259312.580
1902	100.000	0.015	100.000	5.143	4.650	0.664	1785259312.745
1903	100.000	-0.154	100.006	4.416	5.495	0.664	1785259312.937
1904	100.000	0.301	99.999	6.444	6.123	0.687	1785259313.144
1905	100.000	-0.048	100.000	10.891	0.347	0.671	1785259313.386
1906	100.000	-0.083	100.002	14.471	0.638	0.680	1785259313.616
1907	100.000	-0.052	99.997	15.571	0.818	0.681	1785259313.829
1908	100.000	-0.090	100.000	15.055	1.065	0.682	1785259314.009
1909	100.000	-0.152	99.998	12.886	1.320	0.682	1785259314.190
1910	100.000	-0.069	99.998	10.600	1.692	0.688	1785259314.371
1911	100.000	0.070	100.001	9.119	2.185	0.684	1785259314.550
1912	100.000	-0.288	99.997	8.686	2.641	0.692	1785259314.739
1913	100.000	0.158	100.001	9.158	3.087	0.675	1785259314.922
1914	100.000	0.054	99.995	9.853	3.418	0.670	1785259315.128
1915	100.000	-0.232	100.001	9.624	3.677	0.664	1785259315.317
1916	100.000	0.071	100.000	8.111	3.997	0.664	1785259315.567
1917	100.000	0.326	99.996	4.719	4.650	0.664	1785259315.748
1918	100.000	-0.076	100.001	4.473	5.640	0.664	1785259315.911
1919	100.000	-0.134	100.000	6.592	6.171	0.696	1785259316.123
1920	100.000	0.129	99.998	10.517	0.329	0.672	1785259316.378
1921	100.000	-0.209	100.003	14.004	0.608	0.684	1785259316.555
1922	100.000	0.089	99.998	15.312	0.784	0.684	1785259316.752
1923	100.000	-0.147	99.999	15.195	1.019	0.683	1785259316.935
1924	100.000	-0.130	99.998	12.901	1.309	0.681	1785259317.137
1925	100.000	-0.043	100.000	10.605	1.651	0.685	1785259317.301
1926	100.000	0.627	100.002	9.282	2.081	0.683	1785259317.503
1927	100.000	-0.227	99.997	8.539	2.604	0.693	1785259317.688
1928	100.000	0.099	100.001	9.338	3.045	0.692	1785259317.874
1929	100.000	-0.400	100.001	9.772	3.417	0.664	1785259318.091
1930	100.000	0.155	100.001	9.340	3.658	0.664	1785259318.281
1931	100.000	0.206	100.000	7.943	3.955	0.664	1785259318.466
1932	100.000	-0.118	100.001	5.624	4.353	0.664	1785259318.652
1933	100.000	0.098	99.998	4.413	5.139	0.664	1785259318.850
1934	100.000	-0.064	100.002	5.848	6.096	0.664	1785259319.061
1935	100.000	-0.199	100.002	9.392	0.262	0.677	1785259319.238
1936	100.000	0.119	99.999	12.400	0.467	0.682	1785259319.435
1937	100.000	-0.208	99.998	14.681	0.674	0.685	1785259319.621
1938	100.000	-0.086	100.004	15.386	0.885	0.681	1785259319.847
1939	100.000	-0.067	99.996	14.057	1.121	0.686	1785259320.032
1940	100.000	-0.345	99.998	12.179	1.408	0.686	1785259320.226
1941	100.000	-0.021	99.995	10.205	1.774	0.687	1785259320.416
1942	100.000	-0.002	99.999	8.594	2.354	0.687	1785259320.608
1943	100.000	-0.153	100.001	8.896	2.881	0.691	1785259320.791
1944	100.000	0.078	99.996	9.436	3.247	0.675	1785259320.968
1945	100.000	0.209	99.999	9.639	3.510	0.664	1785259321.147
1946	100.000	0.364	99.997	8.801	3.768	0.664	1785259321.336
1947	100.000	-0.087	100.002	7.558	4.015	0.664	1785259321.500
1948	100.000	-0.207	100.000	5.583	4.464	0.664	1785259321.711
1949	100.000	0.163	99.998	4.477	5.439	0.664	1785259321.902
1950	100.000	0.216	100.004	6.352	6.164	0.664	1785259322.084
1951	100.000	-0.001	99.997	9.377	0.260	0.676	1785259322.287
1952	100.000	0.011	99.999	13.058	0.526	0.682	1785259322.465
1953	100.000	0.085	100.002	14.780	0.717	0.682	1785259322.666
1954	100.000	0.028	100.003	15.118	0.962	0.681	1785259322.853
1955	100.000	-0.244	99.997	13.156	1.216	0.683	1785259323.088
1956	100.000	-0.134	100.000	10.492	1.590	0.692	1785259323.280
1957	100.000	-0.206	100.003	8.834	2.065	0.687	1785259323.450
1958	100.000	0.057	100.000	8.725	2.595	0.700	1785259323.683
1959	100.000	-0.317	100.000	9.353	3.075	0.697	1785259323.911
1960	100.000	-0.271	99.998	9.922	3.377	0.664	1785259324.089
1961	100.000	0.198	99.996	9.311	3.699	0.664	1785259324.290
1962	100.000	0.249	100.002	7.827	3.998	0.664	1785259324.527
1963	100.000	0.113	100.002	5.236	4.500	0.664	1785259324.727
1964	100.000	0.175	100.000	4.833	5.725	0.664	1785259324.983
1965	100.000	0.407	99.999	9.059	0.206	0.680	1785259325.235
1966	100.000	-0.006	99.998	12.949	0.529	0.683	1785259325.406
1967	100.000	0.021	100.002	14.992	0.714	0.684	1785259325.603
1968	100.000	-0.221	100.000	15.304	0.942	0.683	1785259325.799
1969	100.000	0.025	100.005	13.480	1.190	0.685	1785259326.030
1970	100.000	-0.323	99.997	10.195	1.656	0.688	1785259326.305
1971	100.000	0.213	99.996	8.548	2.374	0.685	1785259326.524
1972	100.000	0.212	100.000	9.007	2.933	0.689	1785259326.729
1973	100.000	0.100	99.993	9.661	3.322	0.664	1785259326.901
1974	100.000	0.050	99.998	9.666	3.539	0.664	1785259327.085
1975	100.000	0.066	100.000	8.153	3.905	0.664	1785259327.365
1976	100.000	0.057	99.999	5.096	4.556	0.664	1785259327.592
1977	100.000	0.110	99.995	4.381	5.464	0.664	1785259327.777
1978	100.000	-0.266	100.002	6.916	0.010	0.664	1785259327.954
1979	100.000	-0.321	99.995	10.858	0.353	0.681	1785259328.196
1980	100.000	0.260	99.997	13.852	0.599	0.681	1785259328.400
1981	100.000	-0.095	100.004	15.462	0.839	0.683	1785259328.611
1982	100.000	-0.159	99.999	14.508	1.050	0.686	1785259328.810
1983	100.000	0.098	100.000	12.685	1.292	0.683	1785259328.992
1984	100.000	0.226	100.002	9.880	1.732	0.688	1785259329.244
1985	100.000	0.164	100.002	8.730	2.288	0.681	1785259329.426
1986	100.000	0.366	100.000	8.489	2.788	0.690	1785259329.617
1987	100.000	0.226	100.001	9.772	3.179	0.664	1785259329.811
1988	100.000	0.149	99.997	10.173	3.477	0.664	1785259330.039
1989	100.000	-0.115	100.000	9.068	3.764	0.664	1785259330.314
1990	100.000	0.066	99.999	7.073	4.148	0.664	1785259330.542
1991	100.000	0.050	100.002	4.910	4.687	0.664	1785259330.723
1992	100.000	0.090	100.001	4.655	5.657	0.664	1785259330.905
1993	100.000	0.104	99.999	8.149	0.089	0.664	1785259331.097
1994	100.000	-0.164	100.000	12.252	0.471	0.679	1785259331.290
1995	100.000	-0.247	99.999	15.594	0.787	0.682	1785259331.513
1996	100.000	-0.291	100.001	14.679	1.047	0.682	1785259331.737
1997	100.000	-0.024	100.001	12.491	1.322	0.681	1785259331.925
1998	100.000	-0.124	100.000	9.767	1.762	0.686	1785259332.129
1999	100.000	-0.026	99.999	8.407	2.445	0.681	1785259332.351
2000	100.000	-0.386	99.997	8.911	2.976	0.690	1785259332.538
2001	100.000	-0.046	100.001	9.505	3.278	0.664	1785259332.734
2002	100.000	0.233	99.998	9.327	3.559	0.664	1785259332.919
2003	100.000	0.331	99.996	7.989	3.868	0.664	1785259333.111
2004	100.000	-0.145	100.000	5.691	4.262	0.664	1785259333.275
2005	100.000	0.177	99.998	4.320	5.039	0.664	1785259333.488
2006	100.000	-0.132	100.001	6.380	6.113	0.664	1785259333.758
2007	100.000	0.046	99.998	10.718	0.347	0.682	1785259334.005
2008	100.000	-0.097	100.002	13.740	0.562	0.678	1785259334.231
2009	100.000	-0.062	100.003	14.948	0.687	0.682	1785259334.436
2010	100.000	0.017	99.998	15.023	0.694	0.676	1785259334.626
2011	100.000	0.039	100.004	14.978	0.699	0.681	1785259334.884
2012	100.000	0.183	99.997	14.912	0.710	0.682	1785259335.124
2013	100.000	0.246	100.000	14.933	0.714	0.682	1785259335.358
2014	100.000	0.301	99.999	15.246	0.722	0.679	1785259335.558
2015	100.000	-0.300	99.995	14.970	0.719	0.681	1785259335.790
2016	100.000	0.140	99.997	14.805	0.715	0.686	1785259335.985
2017	100.000	-0.232	100.003	15.104	0.704	0.679	1785259336.166
2018	100.000	0.219	99.998	14.915	0.713	0.684	1785259336.382
2019	100.000	-0.093	100.001	14.980	0.712	0.683	1785259336.622
2020	100.000	0.121	100.000	14.888	0.711	0.682	1785259336.805
2021	100.000	-0.099	100.007	15.152	0.732	0.682	1785259337.052
2022	100.000	-0.037	100.000	15.061	0.723	0.680	1785259337.252
2023	100.000	-0.173	100.001	15.319	0.745	0.675	1785259337.421
2024	100.000	0.365	100.001	15.216	0.737	0.679	1785259337.620
2025	100.000	-0.716	99.998	15.111	0.731	0.680	1785259337.815
2026	100.000	0.009	100.000	15.122	0.731	0.681	1785259338.044
2027	100.000	-0.164	100.005	15.289	0.740	0.680	1785259338.230
2028	100.000	-0.202	100.000	14.882	0.706	0.683	1785259338.420
2029	100.000	-0.243	100.000	14.950	0.709	0.684	1785259338.632
2030	100.000	0.704	100.003	15.045	0.704	0.682	1785259338.865
2031	100.000	-0.058	100.003	14.937	0.700	0.683	1785259339.047
2032	100.000	-0.249	99.999	14.907	0.700	0.683	1785259339.223
2033	100.000	-0.046	100.003	15.004	0.703	0.687	1785259339.410
2034	100.000	-0.254	99.999	15.168	0.713	0.683	1785259339.597
2035	100.000	0.015	100.000	15.247	0.738	0.678	1785259339.803
2036	100.000	-0.021	99.998	15.025	0.703	0.680	1785259339.996
2037	100.000	-0.027	100.001	14.974	0.705	0.684	1785259340.205
2038	100.000	0.015	100.001	15.215	0.719	0.679	1785259340.416
