Point No.	Frequency Set (GHz)	THz Photocurrent (nA)	Frequency Act (GHz)	Amplitude (via StrMod)	Phase (via StrMod)	Frequency Fit	Timestamp (s)
1	100.000	-0.303	100.001	9.003	4.237	0.664	1785275776.269
2	100.000	0.181	99.996	11.048	4.563	0.664	1785275776.497
3	100.000	-0.438	99.996	11.365	4.832	0.664	1785275776.719
4	100.000	-0.027	99.997	10.174	5.101	0.664	1785275776.918
5	100.000	-0.332	100.003	7.291	5.670	0.664	1785275777.163
6	100.000	-0.014	100.002	6.729	0.172	0.673	1785275777.373
7	100.000	-0.219	100.002	8.874	0.830	0.682	1785275777.611
8	100.000	-0.018	100.000	10.752	1.141	0.683	1785275777.806
9	100.000	0.002	99.999	11.760	1.382	0.687	1785275778.013
10	100.000	0.134	100.005	10.918	1.660	0.685	1785275778.232
11	100.000	-0.069	100.001	9.286	1.946	0.679	1785275778.419
12	100.000	0.053	100.000	7.109	2.344	0.673	1785275778.584
13	100.000	-0.071	100.000	5.630	3.073	0.680	1785275778.815
14	100.000	-0.043	100.003	7.490	4.013	0.664	1785275779.063
15	100.000	-0.145	100.001	10.026	4.406	0.664	1785275779.244
16	100.000	0.270	99.998	11.769	4.627	0.664	1785275779.424
17	100.000	-0.001	100.002	11.751	4.850	0.664	1785275779.597
18	100.000	-0.029	99.998	10.204	5.086	0.664	1785275779.798
19	100.000	-0.060	100.001	8.063	5.462	0.664	1785275779.994
20	100.000	0.237	100.003	6.705	6.086	0.675	1785275780.191
21	100.000	0.191	99.997	7.474	0.460	0.682	1785275780.370
22	100.000	0.345	99.997	9.488	0.928	0.684	1785275780.598
23	100.000	-0.370	99.997	11.648	1.258	0.681	1785275780.831
24	100.000	-0.170	100.001	11.739	1.546	0.683	1785275781.057
25	100.000	-0.151	99.998	10.160	1.816	0.685	1785275781.261
26	100.000	0.249	99.999	7.990	2.152	0.687	1785275781.443
27	100.000	0.012	100.001	6.018	2.702	0.666	1785275781.634
28	100.000	-0.035	100.005	5.820	3.535	0.664	1785275781.812
29	100.000	0.175	100.002	7.932	4.090	0.664	1785275781.995
30	100.000	0.138	100.002	10.093	4.431	0.664	1785275782.179
31	100.000	0.385	99.999	11.354	4.657	0.664	1785275782.362
32	100.000	-0.321	99.997	11.441	4.879	0.664	1785275782.564
33	100.000	0.203	100.002	9.780	5.156	0.664	1785275782.752
34	100.000	0.103	100.001	7.802	5.590	0.664	1785275782.953
35	100.000	0.075	100.001	6.636	6.273	0.664	1785275783.127
36	100.000	0.067	100.001	7.894	0.597	0.687	1785275783.336
37	100.000	0.039	100.002	9.889	0.994	0.680	1785275783.524
38	100.000	-0.210	100.001	11.368	1.229	0.683	1785275783.695
39	100.000	-0.077	99.999	11.874	1.451	0.682	1785275783.905
40	100.000	-0.146	100.002	10.790	1.673	0.685	1785275784.077
41	100.000	-0.151	100.004	8.981	1.943	0.684	1785275784.273
42	100.000	0.055	100.001	6.475	2.446	0.683	1785275784.458
43	100.000	-0.234	99.996	5.446	3.228	0.664	1785275784.639
44	100.000	0.473	100.003	6.707	3.927	0.664	1785275784.834
45	100.000	0.014	100.000	9.080	4.342	0.664	1785275785.022
46	100.000	-0.099	100.002	11.257	4.593	0.664	1785275785.190
47	100.000	0.010	100.001	11.435	4.776	0.664	1785275785.382
48	100.000	-0.063	99.997	10.754	5.015	0.664	1785275785.576
49	100.000	-0.217	100.002	8.436	5.366	0.664	1785275785.790
50	100.000	0.001	100.000	6.717	5.939	0.664	1785275785.967
51	100.000	0.002	100.002	7.177	0.367	0.676	1785275786.180
52	100.000	0.677	100.001	9.450	0.883	0.684	1785275786.345
53	100.000	0.190	99.996	11.313	1.140	0.680	1785275786.533
54	100.000	0.114	100.001	12.131	1.360	0.680	1785275786.727
55	100.000	0.148	100.000	11.498	1.567	0.685	1785275786.906
56	100.000	-0.133	100.006	10.055	1.811	0.682	1785275787.091
57	100.000	0.048	100.001	7.557	2.175	0.691	1785275787.321
58	100.000	-0.310	99.999	5.375	3.048	0.664	1785275787.550
59	100.000	-0.070	99.999	6.632	3.849	0.664	1785275787.725
60	100.000	0.151	100.001	8.972	4.297	0.664	1785275787.921
61	100.000	-0.065	99.999	11.328	4.560	0.664	1785275788.125
62	100.000	-0.116	99.999	11.576	4.802	0.664	1785275788.307
63	100.000	-0.023	100.003	10.418	5.024	0.664	1785275788.497
64	100.000	0.070	100.002	8.609	5.349	0.664	1785275788.659
65	100.000	0.020	100.002	6.709	5.857	0.664	1785275788.845
66	100.000	0.123	100.002	6.941	0.242	0.679	1785275789.031
67	100.000	0.044	100.000	8.681	0.791	0.683	1785275789.221
68	100.000	0.123	100.000	10.690	1.085	0.680	1785275789.437
69	100.000	-0.412	100.002	12.033	1.340	0.680	1785275789.623
70	100.000	-0.166	99.999	11.528	1.555	0.688	1785275789.820
71	100.000	0.029	100.005	10.169	1.778	0.685	1785275789.991
72	100.000	-0.003	99.999	7.949	2.159	0.681	1785275790.203
73	100.000	-0.041	99.996	5.750	2.782	0.676	1785275790.388
74	100.000	0.335	100.001	5.909	3.606	0.664	1785275790.567
75	100.000	-0.276	100.000	7.755	4.079	0.664	1785275790.760
76	100.000	-0.118	99.999	10.120	4.419	0.664	1785275790.929
77	100.000	0.188	100.001	11.231	4.679	0.664	1785275791.154
78	100.000	-0.323	100.001	11.050	4.924	0.664	1785275791.319
79	100.000	-0.102	100.001	9.106	5.185	0.664	1785275791.522
80	100.000	0.019	99.999	6.979	5.607	0.664	1785275791.724
81	100.000	-0.289	100.000	6.340	0.071	0.682	1785275791.907
82	100.000	-0.231	100.002	8.325	0.728	0.680	1785275792.110
83	100.000	0.016	99.997	10.441	1.042	0.680	1785275792.282
84	100.000	0.170	100.003	11.826	1.282	0.684	1785275792.469
85	100.000	-0.296	100.004	11.987	1.488	0.680	1785275792.661
86	100.000	-0.206	99.999	10.735	1.705	0.679	1785275792.843
87	100.000	0.166	99.998	8.529	2.008	0.686	1785275793.035
88	100.000	0.112	99.997	6.347	2.494	0.682	1785275793.227
89	100.000	-0.258	100.003	5.453	3.278	0.664	1785275793.429
90	100.000	0.134	99.999	7.390	4.019	0.664	1785275793.587
91	100.000	0.056	100.001	9.479	4.337	0.664	1785275793.802
92	100.000	0.178	100.002	10.913	4.608	0.664	1785275793.986
93	100.000	-0.201	99.999	11.175	4.802	0.664	1785275794.179
94	100.000	0.312	99.999	9.882	5.044	0.664	1785275794.364
95	100.000	0.228	100.002	7.755	5.412	0.664	1785275794.560
96	100.000	-0.032	99.998	6.332	5.948	0.664	1785275794.737
97	100.000	-0.194	99.999	7.141	0.463	0.687	1785275794.927
98	100.000	-0.127	100.003	9.409	0.932	0.678	1785275795.105
99	100.000	-0.057	99.999	11.212	1.189	0.679	1785275795.301
100	100.000	-0.161	100.005	11.803	1.385	0.683	1785275795.493
101	100.000	0.012	99.999	11.437	1.603	0.684	1785275795.658
102	100.000	-0.025	99.998	9.970	1.839	0.682	1785275795.843
103	100.000	-0.228	99.996	7.888	2.166	0.676	1785275796.029
104	100.000	0.253	100.001	5.837	2.881	0.688	1785275796.247
105	100.000	-0.053	100.001	6.179	3.663	0.664	1785275796.418
106	100.000	0.171	100.001	8.361	4.202	0.664	1785275796.618
107	100.000	-0.192	99.999	10.388	4.473	0.664	1785275796.794
108	100.000	-0.013	100.003	11.570	4.684	0.664	1785275796.991
109	100.000	-0.002	100.000	10.933	4.890	0.664	1785275797.188
110	100.000	-0.133	99.999	9.162	5.159	0.664	1785275797.365
111	100.000	-0.177	100.002	6.776	5.623	0.664	1785275797.547
112	100.000	-0.248	99.999	6.140	0.078	0.664	1785275797.735
113	100.000	-0.409	99.998	7.588	0.665	0.682	1785275797.927
114	100.000	0.394	99.999	10.095	1.037	0.680	1785275798.115
115	100.000	0.216	99.998	12.085	1.283	0.677	1785275798.317
116	100.000	-0.029	100.001	12.191	1.487	0.681	1785275798.494
117	100.000	-0.483	100.000	10.710	1.737	0.688	1785275798.696
118	100.000	0.291	100.000	8.830	1.998	0.686	1785275798.886
119	100.000	0.027	100.002	6.746	2.486	0.678	1785275799.061
120	100.000	0.241	99.998	5.756	3.333	0.664	1785275799.267
121	100.000	0.194	99.998	7.506	3.944	0.664	1785275799.439
122	100.000	-0.404	99.995	9.621	4.342	0.664	1785275799.624
123	100.000	0.252	100.000	11.093	4.598	0.664	1785275799.806
124	100.000	-0.107	100.002	11.214	4.794	0.664	1785275799.999
125	100.000	0.187	99.998	10.374	5.007	0.664	1785275800.189
126	100.000	0.027	100.002	7.770	5.343	0.664	1785275800.375
127	100.000	-0.011	100.002	6.059	5.972	0.664	1785275800.561
128	100.000	-0.028	100.000	6.658	0.424	0.676	1785275800.745
129	100.000	0.067	100.001	9.038	0.895	0.677	1785275800.929
130	100.000	0.299	100.000	11.143	1.180	0.687	1785275801.138
131	100.000	-0.102	100.001	12.419	1.408	0.683	1785275801.338
132	100.000	0.165	99.999	11.680	1.608	0.683	1785275801.523
133	100.000	-0.378	100.003	10.322	1.822	0.680	1785275801.703
134	100.000	-0.069	99.999	7.782	2.212	0.681	1785275801.888
135	100.000	-0.008	100.001	5.821	2.884	0.680	1785275802.097
136	100.000	0.318	99.997	6.216	3.670	0.664	1785275802.261
137	100.000	-0.192	100.001	8.358	4.181	0.664	1785275802.457
138	100.000	-0.109	99.999	10.331	4.496	0.664	1785275802.646
139	100.000	0.178	100.001	11.340	4.699	0.664	1785275802.834
140	100.000	-0.475	99.999	10.933	4.896	0.664	1785275803.012
141	100.000	0.103	100.001	8.931	5.195	0.664	1785275803.227
142	100.000	-0.139	99.996	6.613	5.714	0.664	1785275803.420
143	100.000	-0.174	99.999	6.238	0.145	0.673	1785275803.594
144	100.000	-0.450	100.000	8.228	0.756	0.688	1785275803.793
145	100.000	-0.152	100.001	10.623	1.092	0.680	1785275803.985
146	100.000	-0.115	100.002	12.147	1.343	0.684	1785275804.204
147	100.000	0.175	99.997	11.897	1.557	0.685	1785275804.364
148	100.000	-0.320	100.002	10.490	1.763	0.684	1785275804.548
149	100.000	-0.267	100.002	8.217	2.063	0.684	1785275804.733
150	100.000	0.139	100.001	5.999	2.586	0.683	1785275804.922
151	100.000	-0.074	99.999	5.606	3.377	0.664	1785275805.099
152	100.000	-0.058	99.997	7.023	3.988	0.664	1785275805.312
153	100.000	0.042	100.002	9.535	4.379	0.664	1785275805.486
154	100.000	-0.091	100.000	10.987	4.642	0.664	1785275805.664
155	100.000	-0.137	100.000	11.332	4.819	0.664	1785275805.875
156	100.000	0.776	99.996	9.711	5.087	0.664	1785275806.048
157	100.000	-0.227	99.998	7.521	5.439	0.664	1785275806.239
158	100.000	0.484	100.001	6.134	6.087	0.664	1785275806.428
159	100.000	0.067	99.997	6.920	0.495	0.679	1785275806.618
160	100.000	0.011	100.002	9.519	0.917	0.682	1785275806.799
161	100.000	-0.026	100.006	11.436	1.189	0.685	1785275806.983
162	100.000	0.130	99.998	12.349	1.381	0.686	1785275807.170
163	100.000	-0.052	100.001	11.873	1.597	0.683	1785275807.359
164	100.000	0.224	99.999	9.917	1.834	0.685	1785275807.565
165	100.000	-0.031	99.999	7.435	2.231	0.682	1785275807.747
166	100.000	0.032	99.999	5.702	2.883	0.672	1785275807.954
167	100.000	0.274	100.005	6.248	3.693	0.664	1785275808.123
168	100.000	0.020	100.000	8.380	4.253	0.664	1785275808.320
169	100.000	0.204	100.000	10.014	4.513	0.664	1785275808.491
170	100.000	0.002	99.998	11.401	4.762	0.664	1785275808.708
171	100.000	0.204	100.001	10.644	4.968	0.664	1785275808.895
172	100.000	0.188	99.999	8.629	5.211	0.664	1785275809.068
173	100.000	0.014	100.001	6.792	5.666	0.664	1785275809.251
174	100.000	0.042	100.005	6.294	0.123	0.690	1785275809.432
175	100.000	0.033	99.999	8.241	0.726	0.681	1785275809.619
176	100.000	-0.281	100.001	10.763	1.064	0.680	1785275809.811
177	100.000	0.057	100.003	12.011	1.288	0.682	1785275810.022
178	100.000	-0.104	99.999	12.263	1.490	0.687	1785275810.203
179	100.000	0.267	99.999	10.943	1.738	0.683	1785275810.408
180	100.000	0.157	100.002	8.814	1.973	0.680	1785275810.586
181	100.000	0.462	100.001	6.077	2.520	0.670	1785275810.768
182	100.000	0.274	100.005	5.445	3.390	0.664	1785275810.980
183	100.000	0.080	100.001	7.578	4.086	0.664	1785275811.163
184	100.000	-0.386	99.998	9.699	4.430	0.664	1785275811.352
185	100.000	-0.127	99.996	11.300	4.622	0.664	1785275811.516
186	100.000	0.171	100.000	11.265	4.820	0.664	1785275811.710
187	100.000	0.259	99.995	10.090	5.049	0.664	1785275811.896
188	100.000	-0.000	100.001	7.719	5.424	0.664	1785275812.115
189	100.000	-0.084	99.998	6.141	6.094	0.664	1785275812.290
190	100.000	0.077	100.001	7.215	0.546	0.675	1785275812.493
191	100.000	-0.048	100.002	9.655	0.957	0.682	1785275812.680
192	100.000	0.054	100.002	11.557	1.207	0.681	1785275812.862
193	100.000	-0.042	100.003	12.331	1.382	0.680	1785275813.039
194	100.000	-0.443	99.999	11.964	1.577	0.682	1785275813.217
195	100.000	0.144	99.995	10.148	1.830	0.678	1785275813.410
196	100.000	0.172	100.001	7.472	2.197	0.691	1785275813.599
197	100.000	-0.158	100.000	5.471	2.878	0.697	1785275813.792
198	100.000	0.007	99.997	5.956	3.651	0.664	1785275813.973
199	100.000	0.066	99.999	7.743	4.119	0.664	1785275814.132
200	100.000	0.172	99.999	9.901	4.432	0.664	1785275814.320
201	100.000	0.295	100.001	11.088	4.663	0.664	1785275814.538
202	100.000	0.246	99.999	10.654	4.901	0.664	1785275814.701
203	100.000	-0.258	100.000	9.198	5.134	0.664	1785275814.926
204	100.000	-0.079	100.000	6.739	5.642	0.664	1785275815.103
205	100.000	0.068	100.000	5.870	0.017	0.676	1785275815.306
206	100.000	0.041	100.001	7.984	0.714	0.682	1785275815.498
207	100.000	0.099	99.998	9.996	1.007	0.688	1785275815.672
208	100.000	0.109	100.000	12.034	1.276	0.687	1785275815.880
209	100.000	-0.266	100.000	12.474	1.496	0.683	1785275816.084
210	100.000	0.218	100.002	10.760	1.734	0.684	1785275816.326
211	100.000	0.245	100.002	7.987	2.113	0.685	1785275816.550
212	100.000	-0.460	100.004	5.333	2.912	0.684	1785275816.738
213	100.000	0.212	99.998	5.953	3.792	0.664	1785275816.935
214	100.000	0.027	100.005	7.913	4.204	0.664	1785275817.089
215	100.000	-0.040	100.000	10.221	4.518	0.664	1785275817.294
216	100.000	0.060	99.998	11.220	4.725	0.664	1785275817.475
217	100.000	-0.162	100.004	10.966	4.931	0.664	1785275817.663
218	100.000	0.050	99.997	9.128	5.181	0.664	1785275817.874
219	100.000	0.007	100.003	6.660	5.710	0.664	1785275818.075
220	100.000	0.012	100.000	6.629	0.348	0.678	1785275818.301
221	100.000	-0.322	99.998	9.011	0.860	0.683	1785275818.471
222	100.000	-0.048	99.998	11.145	1.139	0.683	1785275818.671
223	100.000	0.490	100.004	12.359	1.329	0.682	1785275818.856
224	100.000	0.141	100.003	12.242	1.513	0.686	1785275819.032
225	100.000	0.288	100.000	11.077	1.736	0.678	1785275819.231
226	100.000	-0.088	100.002	8.363	2.052	0.684	1785275819.412
227	100.000	0.135	100.003	5.940	2.512	0.705	1785275819.596
228	100.000	-0.226	100.001	5.157	3.420	0.664	1785275819.816
229	100.000	-0.583	100.004	7.186	4.102	0.664	1785275819.969
230	100.000	0.007	100.000	9.145	4.456	0.664	1785275820.189
231	100.000	-0.022	100.001	10.812	4.723	0.664	1785275820.421
232	100.000	-0.169	99.996	10.883	4.924	0.664	1785275820.599
233	100.000	0.043	100.001	9.319	5.182	0.664	1785275820.790
234	100.000	-0.117	100.001	6.870	5.656	0.664	1785275820.955
235	100.000	-0.348	99.997	6.203	6.275	0.675	1785275821.181
236	100.000	-0.044	99.998	8.036	0.705	0.682	1785275821.372
237	100.000	0.103	100.002	10.676	1.054	0.680	1785275821.572
238	100.000	0.006	99.999	12.436	1.318	0.680	1785275821.811
239	100.000	0.225	99.995	12.245	1.520	0.686	1785275821.972
240	100.000	-0.134	99.999	10.736	1.706	0.685	1785275822.182
241	100.000	-0.247	100.002	8.007	2.092	0.679	1785275822.426
242	100.000	0.114	99.998	5.481	2.948	0.673	1785275822.616
243	100.000	-0.027	100.003	5.877	3.673	0.664	1785275822.810
244	100.000	0.110	99.997	8.148	4.230	0.664	1785275822.968
245	100.000	-0.140	100.000	10.313	4.506	0.664	1785275823.155
246	100.000	0.008	99.995	11.340	4.756	0.664	1785275823.387
247	100.000	0.074	100.001	10.215	4.973	0.664	1785275823.584
248	100.000	-0.083	100.004	8.202	5.313	0.664	1785275823.812
249	100.000	0.081	100.007	6.483	5.835	0.672	1785275823.981
250	100.000	0.082	99.997	6.702	0.312	0.693	1785275824.169
251	100.000	-0.285	100.002	9.462	0.888	0.680	1785275824.388
252	100.000	-0.125	99.999	11.665	1.157	0.685	1785275824.568
253	100.000	0.527	99.999	12.629	1.339	0.684	1785275824.756
254	100.000	0.007	100.001	12.287	1.539	0.681	1785275824.925
255	100.000	-0.056	99.999	10.331	1.755	0.687	1785275825.133
256	100.000	-0.153	99.999	7.977	2.088	0.688	1785275825.313
257	100.000	-0.281	99.999	5.674	2.640	0.708	1785275825.480
258	100.000	0.172	100.002	5.358	3.510	0.664	1785275825.686
259	100.000	-0.271	100.001	7.712	4.180	0.664	1785275825.849
260	100.000	-0.065	99.997	10.182	4.434	0.664	1785275826.066
261	100.000	0.080	100.003	11.206	4.683	0.664	1785275826.260
262	100.000	-0.205	100.001	11.196	4.853	0.664	1785275826.446
263	100.000	-0.033	100.003	9.272	5.107	0.664	1785275826.641
264	100.000	-0.117	100.003	7.307	5.469	0.664	1785275826.811
265	100.000	-0.557	100.000	5.867	6.135	0.695	1785275827.009
266	100.000	-0.059	99.996	7.560	0.634	0.683	1785275827.193
267	100.000	0.054	99.998	9.951	0.997	0.685	1785275827.379
268	100.000	0.130	100.003	12.061	1.243	0.679	1785275827.580
269	100.000	0.086	100.005	12.728	1.417	0.681	1785275827.762
270	100.000	-0.049	100.002	11.859	1.596	0.682	1785275827.955
271	100.000	0.003	99.999	9.295	1.882	0.686	1785275828.148
272	100.000	0.281	99.999	6.319	2.334	0.699	1785275828.337
273	100.000	-0.222	99.998	5.110	3.091	0.664	1785275828.534
274	100.000	0.127	100.002	6.374	3.938	0.664	1785275828.721
275	100.000	-0.243	100.003	9.219	4.418	0.664	1785275828.985
276	100.000	0.345	100.003	11.081	4.701	0.664	1785275829.200
277	100.000	-0.074	99.998	10.824	4.915	0.664	1785275829.396
278	100.000	-0.062	100.005	9.107	5.132	0.664	1785275829.591
279	100.000	-0.208	100.003	6.638	5.551	0.664	1785275829.756
280	100.000	0.405	100.001	5.658	0.026	0.679	1785275829.971
281	100.000	0.412	99.996	8.237	0.821	0.685	1785275830.206
282	100.000	0.448	100.000	11.381	1.178	0.681	1785275830.453
283	100.000	-0.079	100.002	12.624	1.401	0.680	1785275830.670
284	100.000	0.018	99.999	11.956	1.614	0.678	1785275830.891
285	100.000	-0.168	99.995	9.328	1.890	0.688	1785275831.062
286	100.000	0.266	100.000	6.950	2.246	0.683	1785275831.258
287	100.000	-0.016	100.001	4.893	3.066	0.686	1785275831.441
288	100.000	-0.004	100.001	5.954	3.888	0.664	1785275831.642
289	100.000	0.007	99.998	9.121	4.415	0.664	1785275831.907
290	100.000	0.022	100.001	11.201	4.713	0.664	1785275832.130
291	100.000	-0.072	99.999	11.092	4.926	0.664	1785275832.312
292	100.000	0.426	99.995	8.950	5.190	0.664	1785275832.556
293	100.000	0.193	100.002	6.025	5.849	0.664	1785275832.777
294	100.000	-0.163	99.998	6.196	0.388	0.683	1785275832.974
295	100.000	-0.346	100.001	8.909	0.919	0.681	1785275833.159
296	100.000	-0.232	100.001	11.317	1.189	0.682	1785275833.365
297	100.000	0.312	99.998	12.497	1.372	0.681	1785275833.566
298	100.000	0.055	100.005	11.590	1.588	0.686	1785275833.756
299	100.000	-0.011	99.999	9.837	1.814	0.687	1785275833.976
300	100.000	0.541	100.000	6.874	2.187	0.693	1785275834.177
301	100.000	0.127	100.002	4.907	3.171	0.688	1785275834.404
302	100.000	0.039	99.998	6.712	4.011	0.664	1785275834.573
303	100.000	0.281	100.001	8.840	4.352	0.664	1785275834.803
304	100.000	-0.131	100.000	11.048	4.661	0.664	1785275835.036
305	100.000	0.059	100.003	10.959	4.924	0.664	1785275835.239
306	100.000	0.472	100.003	8.848	5.184	0.664	1785275835.495
307	100.000	0.302	100.001	6.100	5.793	0.664	1785275835.707
308	100.000	-0.363	99.999	6.358	0.417	0.674	1785275835.911
309	100.000	0.001	100.002	9.161	0.941	0.680	1785275836.124
310	100.000	0.124	99.996	11.722	1.244	0.681	1785275836.369
311	100.000	-0.147	100.001	12.331	1.458	0.685	1785275836.597
312	100.000	-0.213	100.001	10.845	1.677	0.685	1785275836.793
313	100.000	-0.023	100.001	8.386	1.971	0.684	1785275836.970
314	100.000	0.142	100.001	5.786	2.453	0.684	1785275837.173
315	100.000	-0.116	100.002	5.017	3.516	0.666	1785275837.424
316	100.000	0.009	99.998	7.409	4.155	0.664	1785275837.592
317	100.000	0.299	100.003	10.079	4.509	0.664	1785275837.784
318	100.000	0.146	100.002	11.107	4.685	0.664	1785275837.968
319	100.000	0.147	100.001	11.299	4.836	0.664	1785275838.164
320	100.000	0.456	99.999	9.256	5.059	0.664	1785275838.346
321	100.000	0.190	100.002	6.683	5.477	0.664	1785275838.552
322	100.000	-0.294	99.998	5.674	0.142	0.672	1785275838.797
323	100.000	-0.429	100.002	8.209	0.829	0.683	1785275838.997
324	100.000	-0.337	99.999	10.840	1.151	0.687	1785275839.224
325	100.000	0.169	100.002	12.381	1.361	0.684	1785275839.417
326	100.000	0.241	99.997	11.813	1.523	0.684	1785275839.595
327	100.000	-0.324	100.000	10.144	1.743	0.683	1785275839.778
328	100.000	0.422	99.999	7.451	2.041	0.688	1785275839.949
329	100.000	0.012	99.995	4.992	2.593	0.675	1785275840.150
330	100.000	0.261	100.000	4.951	3.614	0.664	1785275840.339
331	100.000	0.053	100.001	7.380	4.211	0.664	1785275840.503
332	100.000	0.362	99.999	9.946	4.506	0.664	1785275840.746
333	100.000	-0.192	100.001	11.353	4.767	0.664	1785275840.964
334	100.000	0.086	99.997	10.564	4.990	0.664	1785275841.165
335	100.000	0.123	99.997	8.402	5.258	0.664	1785275841.336
336	100.000	0.019	100.000	6.030	5.738	0.664	1785275841.536
337	100.000	-0.179	100.000	6.165	0.395	0.689	1785275841.787
338	100.000	-0.226	100.000	8.773	0.963	0.684	1785275841.990
339	100.000	0.009	100.003	11.769	1.266	0.683	1785275842.221
340	100.000	-0.121	100.000	12.165	1.469	0.687	1785275842.486
341	100.000	-0.144	100.005	10.818	1.680	0.683	1785275842.672
342	100.000	-0.221	99.997	7.908	1.997	0.688	1785275842.854
343	100.000	-0.005	100.002	5.381	2.498	0.680	1785275843.049
344	100.000	0.206	99.999	5.067	3.618	0.664	1785275843.287
345	100.000	0.100	100.002	8.100	4.296	0.664	1785275843.469
346	100.000	-0.378	100.002	10.098	4.544	0.664	1785275843.656
347	100.000	-0.020	100.000	11.195	4.726	0.664	1785275843.842
348	100.000	0.259	100.002	10.937	4.918	0.664	1785275844.029
349	100.000	-0.066	99.998	9.121	5.125	0.664	1785275844.232
350	100.000	-0.352	100.001	5.942	5.694	0.664	1785275844.453
351	100.000	0.102	100.001	5.689	0.336	0.669	1785275844.655
352	100.000	0.120	99.998	8.285	0.905	0.680	1785275844.824
353	100.000	-0.134	100.001	10.610	1.147	0.684	1785275845.028
354	100.000	0.069	99.999	11.998	1.374	0.684	1785275845.218
355	100.000	-0.085	99.994	11.951	1.531	0.682	1785275845.417
356	100.000	0.351	100.005	10.576	1.718	0.680	1785275845.588
357	100.000	0.015	99.998	7.904	1.990	0.681	1785275845.778
358	100.000	-0.212	99.998	5.372	2.578	0.684	1785275845.987
359	100.000	0.153	100.000	5.360	3.713	0.664	1785275846.227
360	100.000	-0.056	99.998	8.591	4.351	0.664	1785275846.472
361	100.000	-0.212	100.005	10.874	4.614	0.664	1785275846.660
362	100.000	0.060	100.005	11.345	4.790	0.664	1785275846.855
363	100.000	-0.128	99.998	10.329	5.005	0.664	1785275847.040
364	100.000	0.154	99.999	7.913	5.280	0.664	1785275847.230
365	100.000	-0.319	99.998	5.678	5.868	0.664	1785275847.407
366	100.000	0.066	99.999	5.867	0.448	0.675	1785275847.609
367	100.000	0.459	99.998	8.869	0.969	0.683	1785275847.850
368	100.000	-0.277	99.999	11.451	1.246	0.684	1785275848.021
369	100.000	0.226	99.998	12.033	1.386	0.685	1785275848.227
370	100.000	-0.136	99.996	11.117	1.582	0.684	1785275848.418
371	100.000	0.010	99.998	9.026	1.835	0.687	1785275848.592
372	100.000	-0.031	100.002	6.660	2.153	0.684	1785275848.764
373	100.000	0.253	100.001	4.426	2.984	0.688	1785275848.970
374	100.000	-0.202	100.001	5.546	3.878	0.664	1785275849.144
375	100.000	0.104	100.000	8.335	4.325	0.664	1785275849.344
376	100.000	-0.045	100.001	10.543	4.604	0.664	1785275849.531
377	100.000	0.428	100.000	11.312	4.780	0.664	1785275849.717
378	100.000	0.120	100.002	10.376	4.954	0.664	1785275849.884
379	100.000	0.142	99.998	8.317	5.181	0.664	1785275850.128
380	100.000	-0.027	99.998	5.540	5.794	0.664	1785275850.318
381	100.000	0.133	100.001	5.994	0.531	0.676	1785275850.559
382	100.000	0.166	99.999	8.933	1.002	0.685	1785275850.719
383	100.000	-0.013	100.004	10.949	1.213	0.685	1785275850.922
384	100.000	0.083	100.001	12.134	1.389	0.681	1785275851.089
385	100.000	-0.039	99.999	11.260	1.531	0.688	1785275851.291
386	100.000	-0.159	99.995	9.297	1.757	0.688	1785275851.463
387	100.000	0.130	99.996	6.836	2.069	0.685	1785275851.680
388	100.000	0.183	100.004	4.505	2.742	0.664	1785275851.861
389	100.000	0.066	100.001	5.205	3.812	0.664	1785275852.044
390	100.000	-0.053	100.002	7.911	4.304	0.664	1785275852.235
391	100.000	0.415	99.998	10.255	4.566	0.664	1785275852.419
392	100.000	0.038	100.000	11.347	4.723	0.664	1785275852.619
393	100.000	0.099	100.000	10.653	4.907	0.664	1785275852.821
394	100.000	-0.241	99.998	8.377	5.157	0.664	1785275852.998
395	100.000	-0.368	100.000	5.971	5.554	0.664	1785275853.171
396	100.000	-0.193	100.000	4.813	6.255	0.683	1785275853.352
397	100.000	-0.262	99.997	7.018	0.785	0.678	1785275853.540
398	100.000	0.108	100.002	9.880	1.108	0.679	1785275853.733
399	100.000	0.317	100.000	11.595	1.306	0.683	1785275853.935
400	100.000	0.027	99.996	11.896	1.472	0.681	1785275854.129
401	100.000	0.035	99.999	10.347	1.684	0.685	1785275854.360
402	100.000	0.226	99.996	7.478	1.991	0.684	1785275854.550
403	100.000	-0.055	100.000	4.831	2.601	0.670	1785275854.737
404	100.000	-0.258	100.001	4.826	3.613	0.668	1785275854.909
405	100.000	-0.062	99.999	7.112	4.210	0.664	1785275855.084
406	100.000	-0.064	100.002	9.689	4.501	0.664	1785275855.264
407	100.000	0.003	99.998	11.185	4.687	0.664	1785275855.482
408	100.000	-0.082	99.999	11.433	4.866	0.664	1785275855.682
409	100.000	-0.151	99.999	9.299	5.068	0.664	1785275855.868
410	100.000	-0.209	100.004	6.855	5.434	0.664	1785275856.061
411	100.000	-0.392	99.999	5.245	6.168	0.677	1785275856.251
412	100.000	-0.201	99.996	6.652	0.695	0.675	1785275856.442
413	100.000	0.335	100.003	9.788	1.135	0.681	1785275856.678
414	100.000	-0.076	100.000	11.899	1.369	0.684	1785275856.918
415	100.000	-0.224	100.002	11.908	1.542	0.681	1785275857.109
416	100.000	0.022	100.001	10.131	1.723	0.686	1785275857.305
417	100.000	0.022	99.998	7.281	2.026	0.691	1785275857.488
418	100.000	-0.013	100.000	4.757	2.599	0.701	1785275857.677
419	100.000	0.163	99.997	4.494	3.560	0.664	1785275857.853
420	100.000	-0.095	100.002	7.040	4.165	0.664	1785275858.036
421	100.000	-0.087	100.000	9.245	4.449	0.664	1785275858.224
422	100.000	-0.244	99.999	10.934	4.662	0.664	1785275858.393
423	100.000	-0.098	100.000	11.020	4.864	0.664	1785275858.599
424	100.000	0.125	100.001	9.182	5.081	0.664	1785275858.774
425	100.000	-0.072	100.002	7.076	5.365	0.664	1785275858.998
426	100.000	-0.078	100.002	5.015	0.053	0.685	1785275859.242
427	100.000	0.044	99.998	7.842	0.875	0.682	1785275859.419
428	100.000	0.221	99.998	10.151	1.093	0.682	1785275859.595
429	100.000	-0.104	100.000	11.970	1.315	0.682	1785275859.800
430	100.000	0.102	100.003	11.814	1.512	0.686	1785275860.055
431	100.000	0.147	99.997	9.932	1.722	0.685	1785275860.244
432	100.000	-0.267	99.998	7.144	2.004	0.680	1785275860.429
433	100.000	-0.200	99.998	4.769	2.631	0.683	1785275860.618
434	100.000	0.110	100.001	4.875	3.624	0.664	1785275860.794
435	100.000	-0.290	99.994	7.419	4.255	0.664	1785275860.995
436	100.000	0.092	100.000	10.102	4.500	0.664	1785275861.173
437	100.000	0.205	100.001	11.189	4.683	0.664	1785275861.351
438	100.000	0.084	100.001	10.791	4.850	0.664	1785275861.528
439	100.000	-0.109	99.999	9.187	5.033	0.664	1785275861.728
440	100.000	0.102	99.999	6.383	5.442	0.664	1785275861.912
441	100.000	0.177	100.001	4.841	6.202	0.664	1785275862.105
442	100.000	0.059	100.001	6.414	0.699	0.690	1785275862.286
443	100.000	0.004	99.997	9.324	1.079	0.686	1785275862.473
444	100.000	-0.075	100.001	11.739	1.289	0.680	1785275862.668
445	100.000	-0.146	99.996	12.021	1.426	0.688	1785275862.870
446	100.000	0.354	100.001	10.964	1.615	0.687	1785275863.075
447	100.000	0.006	100.001	8.665	1.833	0.689	1785275863.234
448	100.000	-0.188	99.997	6.121	2.169	0.688	1785275863.435
449	100.000	0.005	100.001	4.160	3.124	0.672	1785275863.604
450	100.000	-0.140	100.001	5.295	3.925	0.664	1785275863.813
451	100.000	-0.132	100.001	8.765	4.444	0.664	1785275864.070
452	100.000	0.093	99.996	10.985	4.671	0.664	1785275864.241
453	100.000	0.041	99.999	11.089	4.801	0.664	1785275864.439
454	100.000	0.183	99.997	9.367	5.046	0.664	1785275864.620
455	100.000	-0.192	100.000	6.910	5.335	0.664	1785275864.797
456	100.000	0.213	100.002	4.902	6.035	0.664	1785275864.997
457	100.000	0.021	99.999	5.956	0.592	0.690	1785275865.177
458	100.000	0.211	100.000	8.659	1.025	0.686	1785275865.381
459	100.000	0.254	100.003	11.431	1.266	0.681	1785275865.578
460	100.000	0.074	100.001	12.233	1.407	0.684	1785275865.733
461	100.000	-0.035	100.004	11.883	1.561	0.683	1785275865.958
462	100.000	-0.442	100.002	9.318	1.780	0.684	1785275866.160
463	100.000	-0.196	100.000	6.305	2.139	0.683	1785275866.333
464	100.000	-0.290	100.007	4.090	2.998	0.678	1785275866.564
465	100.000	0.154	100.000	5.667	3.955	0.664	1785275866.742
466	100.000	-0.402	100.002	8.400	4.415	0.664	1785275866.919
467	100.000	0.016	99.996	10.501	4.603	0.664	1785275867.131
468	100.000	-0.272	100.002	10.883	4.809	0.664	1785275867.302
469	100.000	-0.083	100.001	10.174	4.937	0.664	1785275867.518
470	100.000	-0.179	100.003	6.953	5.308	0.664	1785275867.787
471	100.000	0.148	100.002	4.653	0.044	0.662	1785275868.000
472	100.000	-0.046	100.003	6.945	0.789	0.683	1785275868.180
473	100.000	0.122	99.999	10.160	1.135	0.682	1785275868.389
474	100.000	0.116	100.000	11.928	1.346	0.685	1785275868.596
475	100.000	0.118	100.002	12.205	1.519	0.683	1785275868.833
476	100.000	-0.326	99.999	10.078	1.742	0.683	1785275869.082
477	100.000	0.030	100.002	6.542	2.122	0.696	1785275869.251
478	100.000	-0.076	99.996	4.493	2.837	0.664	1785275869.442
479	100.000	-0.186	100.000	4.922	3.796	0.664	1785275869.630
480	100.000	0.217	100.001	7.621	4.259	0.664	1785275869.819
481	100.000	-0.067	99.999	9.965	4.558	0.664	1785275870.020
482	100.000	0.137	100.005	11.266	4.729	0.664	1785275870.190
483	100.000	0.332	99.999	10.213	4.913	0.664	1785275870.400
484	100.000	0.237	99.996	7.530	5.205	0.664	1785275870.640
485	100.000	-0.159	100.000	4.924	5.801	0.664	1785275870.834
486	100.000	0.054	99.997	5.909	0.655	0.683	1785275871.076
487	100.000	-0.079	100.001	8.937	1.080	0.690	1785275871.253
488	100.000	-0.078	100.001	11.220	1.270	0.682	1785275871.438
489	100.000	-0.042	100.004	12.173	1.404	0.688	1785275871.617
490	100.000	0.067	100.001	11.478	1.567	0.685	1785275871.824
491	100.000	-0.126	100.002	9.483	1.775	0.683	1785275872.034
492	100.000	0.137	99.999	6.012	2.212	0.691	1785275872.262
493	100.000	0.181	100.004	4.099	3.256	0.664	1785275872.449
494	100.000	-0.035	99.997	5.931	4.082	0.664	1785275872.639
495	100.000	0.379	100.003	8.830	4.470	0.664	1785275872.866
496	100.000	0.090	99.999	10.525	4.708	0.664	1785275873.060
497	100.000	-0.264	99.999	10.475	4.859	0.664	1785275873.256
498	100.000	-0.202	100.003	8.981	5.048	0.664	1785275873.445
499	100.000	0.390	100.002	6.706	5.390	0.664	1785275873.626
500	100.000	-0.278	100.001	4.776	6.097	0.668	1785275873.815
501	100.000	0.185	100.000	6.359	0.744	0.673	1785275874.014
502	100.000	-0.025	99.998	9.011	1.081	0.694	1785275874.193
503	100.000	0.159	99.998	11.213	1.289	0.685	1785275874.380
504	100.000	0.053	99.998	12.185	1.434	0.683	1785275874.563
505	100.000	0.177	100.004	11.751	1.594	0.682	1785275874.740
506	100.000	-0.020	100.002	9.666	1.776	0.681	1785275874.932
507	100.000	0.233	100.002	6.242	2.147	0.695	1785275875.106
508	100.000	-0.031	99.998	4.050	2.785	0.664	1785275875.331
509	100.000	0.129	99.997	5.452	4.035	0.664	1785275875.586
510	100.000	0.184	99.996	9.188	4.510	0.664	1785275875.812
511	100.000	-0.078	100.000	10.701	4.721	0.664	1785275875.996
512	100.000	0.256	100.000	10.459	4.861	0.664	1785275876.187
513	100.000	0.031	99.999	9.141	5.063	0.664	1785275876.376
514	100.000	0.209	100.004	6.569	5.377	0.664	1785275876.571
515	100.000	-0.103	99.999	4.765	6.260	0.664	1785275876.757
516	100.000	0.275	100.002	6.404	0.734	0.683	1785275876.946
517	100.000	-0.310	100.005	9.276	1.114	0.684	1785275877.126
518	100.000	0.163	99.998	11.574	1.292	0.684	1785275877.323
519	100.000	-0.245	100.002	12.357	1.449	0.686	1785275877.508
520	100.000	0.209	100.000	11.503	1.597	0.681	1785275877.687
521	100.000	0.206	100.003	9.572	1.780	0.680	1785275877.879
522	100.000	0.130	99.996	6.218	2.130	0.688	1785275878.044
523	100.000	-0.568	99.996	3.969	2.832	0.664	1785275878.241
524	100.000	0.047	100.000	4.827	3.899	0.664	1785275878.412
525	100.000	0.217	100.002	7.451	4.392	0.664	1785275878.636
526	100.000	0.095	100.001	10.185	4.619	0.664	1785275878.833
527	100.000	-0.162	99.999	10.990	4.785	0.664	1785275878.989
528	100.000	-0.078	100.001	10.314	4.926	0.664	1785275879.183
529	100.000	-0.100	100.005	8.001	5.171	0.664	1785275879.372
530	100.000	0.059	99.997	5.249	5.685	0.664	1785275879.568
531	100.000	0.128	100.000	5.003	0.301	0.682	1785275879.745
532	100.000	-0.182	100.002	7.244	0.901	0.687	1785275879.941
533	100.000	0.050	100.000	10.308	1.193	0.681	1785275880.119
534	100.000	-0.015	99.997	11.987	1.355	0.686	1785275880.326
535	100.000	0.087	99.999	11.848	1.513	0.684	1785275880.570
536	100.000	-0.071	99.996	9.983	1.718	0.688	1785275880.777
537	100.000	-0.082	99.998	6.205	2.094	0.685	1785275880.994
538	100.000	-0.237	100.001	3.918	3.018	0.664	1785275881.181
539	100.000	-0.148	100.002	5.363	3.964	0.664	1785275881.379
540	100.000	0.207	99.999	7.927	4.407	0.664	1785275881.555
541	100.000	0.135	100.003	9.993	4.594	0.664	1785275881.731
542	100.000	-0.293	99.998	10.833	4.769	0.664	1785275881.934
543	100.000	-0.001	100.004	10.271	4.949	0.664	1785275882.135
544	100.000	-0.001	100.000	7.977	5.204	0.664	1785275882.310
545	100.000	-0.090	99.999	5.211	5.739	0.664	1785275882.503
546	100.000	0.114	99.996	4.900	0.332	0.693	1785275882.696
547	100.000	-0.156	99.997	7.648	0.961	0.677	1785275882.878
548	100.000	0.343	100.003	10.278	1.205	0.678	1785275883.076
549	100.000	0.115	100.002	11.809	1.380	0.686	1785275883.256
550	100.000	-0.143	99.997	11.971	1.522	0.683	1785275883.461
551	100.000	-0.064	100.005	9.863	1.718	0.683	1785275883.704
552	100.000	0.188	100.003	6.316	2.028	0.695	1785275883.900
553	100.000	0.210	99.998	3.713	3.115	0.665	1785275884.159
554	100.000	0.004	100.001	6.319	4.181	0.664	1785275884.368
555	100.000	-0.060	99.999	9.456	4.513	0.664	1785275884.547
556	100.000	0.035	99.998	10.960	4.711	0.664	1785275884.744
557	100.000	-0.094	99.997	11.084	4.835	0.664	1785275884.926
558	100.000	0.076	99.998	9.473	5.052	0.664	1785275885.131
559	100.000	0.454	99.998	6.930	5.332	0.664	1785275885.320
560	100.000	0.061	99.998	4.774	6.035	0.664	1785275885.506
561	100.000	0.095	100.002	5.870	0.731	0.688	1785275885.696
562	100.000	0.134	100.005	8.818	1.087	0.684	1785275885.876
563	100.000	-0.109	99.998	11.281	1.296	0.682	1785275886.081
564	100.000	0.203	99.998	12.325	1.468	0.684	1785275886.311
565	100.000	0.252	100.000	11.316	1.634	0.685	1785275886.511
566	100.000	-0.084	100.003	8.453	1.838	0.680	1785275886.710
567	100.000	-0.124	100.000	4.662	2.438	0.682	1785275886.930
568	100.000	-0.258	100.000	3.924	3.564	0.664	1785275887.135
569	100.000	0.017	100.001	7.088	4.255	0.664	1785275887.306
570	100.000	-0.151	99.997	9.801	4.485	0.664	1785275887.488
571	100.000	-0.056	100.000	10.950	4.684	0.664	1785275887.679
572	100.000	0.230	100.002	10.756	4.838	0.664	1785275887.929
573	100.000	0.089	100.001	8.483	5.054	0.664	1785275888.126
574	100.000	-0.060	100.005	5.520	5.505	0.664	1785275888.313
575	100.000	-0.061	100.001	4.543	0.257	0.672	1785275888.516
576	100.000	0.277	99.996	7.257	0.947	0.686	1785275888.759
577	100.000	0.130	100.001	10.480	1.232	0.684	1785275888.958
578	100.000	0.017	99.997	12.051	1.410	0.682	1785275889.195
579	100.000	-0.054	100.003	11.396	1.595	0.682	1785275889.381
580	100.000	0.267	100.003	8.950	1.758	0.684	1785275889.595
581	100.000	0.136	99.998	5.518	2.198	0.686	1785275889.800
582	100.000	-0.075	99.999	3.664	3.392	0.664	1785275890.009
583	100.000	-0.136	100.001	5.991	4.153	0.664	1785275890.196
584	100.000	-0.011	100.002	9.836	4.514	0.664	1785275890.457
585	100.000	-0.135	99.998	11.310	4.713	0.664	1785275890.702
586	100.000	-0.230	99.999	9.782	4.918	0.664	1785275890.934
587	100.000	-0.008	99.995	7.029	5.218	0.664	1785275891.136
588	100.000	-0.230	99.999	4.447	5.939	0.664	1785275891.324
589	100.000	-0.085	100.003	5.471	0.559	0.689	1785275891.502
590	100.000	-0.404	99.999	8.147	1.015	0.683	1785275891.680
591	100.000	0.047	99.998	10.579	1.241	0.678	1785275891.849
592	100.000	-0.152	100.002	11.845	1.397	0.685	1785275892.055
593	100.000	0.056	100.002	11.649	1.555	0.688	1785275892.248
594	100.000	0.065	100.003	9.609	1.696	0.686	1785275892.429
595	100.000	-0.048	100.002	6.594	1.978	0.687	1785275892.647
596	100.000	0.004	100.003	3.642	2.938	0.664	1785275892.871
597	100.000	-0.156	99.999	5.756	4.076	0.664	1785275893.068
598	100.000	-0.012	100.000	8.487	4.389	0.664	1785275893.247
599	100.000	0.309	100.001	10.363	4.593	0.664	1785275893.422
600	100.000	0.250	100.003	11.062	4.712	0.664	1785275893.604
601	100.000	-0.069	100.001	10.135	4.878	0.664	1785275893.788
602	100.000	-0.135	100.000	7.929	5.113	0.664	1785275894.003
603	100.000	0.348	99.998	4.894	5.539	0.664	1785275894.195
604	100.000	-0.020	99.997	4.185	0.337	0.679	1785275894.371
605	100.000	-0.004	100.002	7.077	0.972	0.687	1785275894.587
606	100.000	0.217	100.004	10.456	1.258	0.683	1785275894.810
607	100.000	-0.024	100.002	11.711	1.408	0.686	1785275894.983
608	100.000	0.010	100.004	11.478	1.541	0.684	1785275895.195
609	100.000	0.165	100.001	9.326	1.738	0.686	1785275895.376
610	100.000	-0.269	100.002	6.470	2.037	0.674	1785275895.575
611	100.000	-0.093	100.002	3.616	2.818	0.688	1785275895.757
612	100.000	0.068	100.002	4.711	3.893	0.664	1785275895.949
613	100.000	0.351	100.000	7.722	4.372	0.664	1785275896.146
614	100.000	-0.065	100.002	10.557	4.591	0.664	1785275896.374
615	100.000	0.012	100.006	11.309	4.740	0.664	1785275896.560
616	100.000	0.070	99.995	9.994	4.909	0.664	1785275896.732
617	100.000	0.108	100.000	7.553	5.109	0.664	1785275896.935
618	100.000	-0.413	100.002	4.886	5.672	0.664	1785275897.143
619	100.000	0.160	100.000	5.098	0.608	0.691	1785275897.385
620	100.000	-0.232	100.008	8.513	1.096	0.683	1785275897.563
621	100.000	0.033	99.997	11.005	1.308	0.687	1785275897.766
622	100.000	0.274	100.004	11.959	1.435	0.684	1785275897.938
623	100.000	0.276	99.995	11.139	1.568	0.688	1785275898.126
624	100.000	0.286	100.004	8.658	1.759	0.683	1785275898.379
625	100.000	0.073	99.998	5.179	2.187	0.695	1785275898.571
626	100.000	0.199	100.000	3.420	3.282	0.664	1785275898.753
627	100.000	0.103	99.997	5.720	4.111	0.664	1785275898.935
628	100.000	-0.318	99.998	8.614	4.421	0.664	1785275899.119
629	100.000	0.013	100.000	10.711	4.637	0.664	1785275899.323
630	100.000	0.102	100.000	10.897	4.775	0.664	1785275899.484
631	100.000	0.005	100.002	9.792	4.926	0.664	1785275899.686
632	100.000	-0.158	100.002	7.206	5.153	0.664	1785275899.842
633	100.000	0.164	100.000	4.628	5.590	0.664	1785275900.039
634	100.000	0.005	100.000	4.611	0.555	0.663	1785275900.242
635	100.000	0.289	99.997	7.724	1.059	0.679	1785275900.441
636	100.000	-0.215	100.002	10.501	1.291	0.685	1785275900.632
637	100.000	-0.072	99.999	11.677	1.430	0.684	1785275900.828
638	100.000	-0.109	99.997	11.685	1.527	0.685	1785275901.009
639	100.000	0.056	100.001	9.909	1.685	0.684	1785275901.199
640	100.000	-0.009	100.003	6.822	1.907	0.681	1785275901.385
641	100.000	-0.019	99.998	3.752	2.612	0.709	1785275901.565
642	100.000	-0.111	100.005	4.351	3.822	0.664	1785275901.765
643	100.000	-0.103	99.999	7.597	4.380	0.664	1785275901.998
644	100.000	-0.153	100.001	10.409	4.619	0.664	1785275902.181
645	100.000	-0.165	100.003	11.235	4.744	0.664	1785275902.378
646	100.000	0.105	100.001	10.309	4.859	0.664	1785275902.564
647	100.000	-0.242	99.995	7.770	5.120	0.664	1785275902.753
648	100.000	-0.247	100.003	5.112	5.489	0.664	1785275902.941
649	100.000	-0.074	99.996	3.975	0.249	0.675	1785275903.125
650	100.000	-0.142	100.003	6.883	0.978	0.682	1785275903.335
651	100.000	-0.108	99.999	10.063	1.272	0.683	1785275903.514
652	100.000	0.102	100.002	11.670	1.418	0.684	1785275903.683
653	100.000	-0.320	100.002	11.952	1.518	0.683	1785275903.865
654	100.000	0.192	100.001	11.104	1.663	0.677	1785275904.049
655	100.000	-0.147	99.998	8.090	1.842	0.686	1785275904.235
656	100.000	0.131	100.001	4.886	2.215	0.693	1785275904.431
657	100.000	-0.066	100.000	3.438	3.471	0.664	1785275904.622
658	100.000	-0.330	100.000	5.958	4.230	0.664	1785275904.805
659	100.000	-0.286	99.998	8.717	4.495	0.664	1785275905.005
660	100.000	-0.214	100.004	10.921	4.665	0.664	1785275905.200
661	100.000	0.062	100.000	11.024	4.845	0.664	1785275905.371
662	100.000	-0.102	100.000	9.612	4.945	0.664	1785275905.559
663	100.000	-0.231	100.004	7.037	5.181	0.664	1785275905.747
664	100.000	0.051	99.997	4.221	5.928	0.664	1785275905.958
665	100.000	-0.141	100.001	5.799	0.806	0.681	1785275906.201
666	100.000	0.035	99.997	9.817	1.223	0.683	1785275906.440
667	100.000	0.354	99.999	12.149	1.416	0.681	1785275906.624
668	100.000	-0.083	99.999	12.024	1.532	0.684	1785275906.806
669	100.000	-0.158	99.998	10.558	1.673	0.685	1785275906.995
670	100.000	0.357	100.000	7.731	1.877	0.690	1785275907.208
671	100.000	-0.311	100.005	4.048	2.478	0.680	1785275907.449
672	100.000	0.161	99.996	4.250	3.856	0.664	1785275907.636
673	100.000	0.014	99.998	7.504	4.347	0.664	1785275907.827
674	100.000	0.010	100.001	10.398	4.600	0.664	1785275908.064
675	100.000	-0.067	99.999	11.573	4.712	0.664	1785275908.243
676	100.000	0.416	99.999	10.253	4.906	0.664	1785275908.425
677	100.000	-0.154	100.000	8.009	5.106	0.664	1785275908.609
678	100.000	-0.002	100.000	5.191	5.461	0.664	1785275908.793
679	100.000	0.116	100.002	4.111	0.205	0.664	1785275909.000
680	100.000	0.065	100.004	6.980	0.967	0.682	1785275909.200
681	100.000	-0.033	100.006	9.782	1.256	0.687	1785275909.393
682	100.000	-0.129	100.001	11.807	1.440	0.685	1785275909.627
683	100.000	-0.264	100.002	11.933	1.557	0.680	1785275909.802
684	100.000	-0.009	99.998	9.768	1.726	0.682	1785275909.986
685	100.000	-0.123	100.001	6.832	1.989	0.686	1785275910.183
686	100.000	-0.009	100.003	3.683	2.631	0.713	1785275910.360
687	100.000	0.007	100.002	4.379	3.917	0.664	1785275910.580
688	100.000	0.181	99.999	8.132	4.441	0.664	1785275910.821
689	100.000	-0.004	99.998	10.612	4.655	0.664	1785275910.990
690	100.000	0.087	99.999	11.484	4.784	0.664	1785275911.188
691	100.000	0.253	100.003	10.061	4.932	0.664	1785275911.363
692	100.000	0.099	100.000	8.126	5.071	0.664	1785275911.542
693	100.000	-0.007	99.999	4.804	5.559	0.664	1785275911.752
694	100.000	-0.233	100.003	4.260	0.411	0.665	1785275911.931
695	100.000	-0.073	100.000	6.865	1.019	0.683	1785275912.160
696	100.000	-0.370	100.000	10.448	1.314	0.683	1785275912.392
697	100.000	0.301	99.997	11.767	1.465	0.683	1785275912.575
698	100.000	-0.019	99.995	11.086	1.598	0.686	1785275912.766
699	100.000	0.349	99.999	9.009	1.777	0.679	1785275912.968
700	100.000	0.115	100.003	5.701	2.060	0.695	1785275913.168
701	100.000	-0.153	99.999	3.334	3.053	0.660	1785275913.360
702	100.000	0.278	100.000	5.715	4.146	0.664	1785275913.587
703	100.000	-0.039	99.999	8.675	4.539	0.664	1785275913.795
704	100.000	0.148	99.998	10.737	4.666	0.664	1785275913.970
705	100.000	-0.180	99.998	11.323	4.808	0.664	1785275914.159
706	100.000	-0.069	100.003	9.933	4.904	0.664	1785275914.333
707	100.000	0.221	100.000	7.414	5.166	0.664	1785275914.534
708	100.000	0.060	100.002	4.047	5.895	0.664	1785275914.795
709	100.000	0.249	100.002	5.878	0.893	0.686	1785275915.023
710	100.000	0.203	100.001	9.391	1.243	0.681	1785275915.227
711	100.000	0.034	100.001	11.771	1.441	0.682	1785275915.472
712	100.000	0.157	100.001	11.764	1.568	0.684	1785275915.675
713	100.000	0.029	100.001	9.159	1.748	0.682	1785275915.907
714	100.000	0.561	100.002	5.585	2.094	0.693	1785275916.089
715	100.000	0.217	99.999	2.991	2.930	0.693	1785275916.282
716	100.000	-0.012	100.004	5.037	4.111	0.664	1785275916.482
717	100.000	-0.094	100.001	8.734	4.514	0.664	1785275916.741
718	100.000	0.231	100.001	11.203	4.710	0.664	1785275916.965
719	100.000	-0.119	100.001	11.268	4.850	0.664	1785275917.148
720	100.000	-0.025	100.001	9.215	4.997	0.664	1785275917.357
721	100.000	-0.028	100.005	6.011	5.346	0.664	1785275917.546
722	100.000	0.191	99.999	3.817	0.095	0.664	1785275917.790
723	100.000	0.175	99.999	6.630	0.975	0.689	1785275917.999
724	100.000	-0.008	99.999	10.099	1.284	0.682	1785275918.246
725	100.000	0.057	100.001	11.641	1.462	0.684	1785275918.470
726	100.000	0.067	99.999	11.010	1.626	0.682	1785275918.667
727	100.000	-0.359	99.998	8.661	1.786	0.687	1785275918.848
728	100.000	0.048	99.999	5.252	2.102	0.685	1785275919.038
729	100.000	0.153	99.997	2.982	3.031	0.664	1785275919.215
730	100.000	0.060	100.003	4.976	4.117	0.664	1785275919.381
731	100.000	0.020	99.998	8.520	4.443	0.664	1785275919.574
732	100.000	0.035	99.999	10.551	4.593	0.664	1785275919.783
733	100.000	-0.273	99.998	11.725	4.746	0.664	1785275919.984
734	100.000	0.018	99.996	10.175	4.892	0.664	1785275920.236
735	100.000	-0.452	100.002	7.027	5.195	0.664	1785275920.404
736	100.000	0.265	100.001	4.515	5.623	0.664	1785275920.597
737	100.000	0.132	99.999	4.239	0.588	0.671	1785275920.771
738	100.000	0.138	99.997	7.259	1.093	0.679	1785275920.981
739	100.000	-0.316	99.999	10.427	1.362	0.681	1785275921.250
740	100.000	-0.032	99.995	11.429	1.531	0.683	1785275921.483
741	100.000	-0.057	99.998	9.671	1.705	0.681	1785275921.729
742	100.000	-0.010	99.999	6.134	1.991	0.691	1785275921.930
743	100.000	-0.338	100.001	2.877	2.944	0.665	1785275922.159
744	100.000	0.167	100.001	4.992	4.182	0.664	1785275922.320
745	100.000	0.224	99.999	8.354	4.496	0.664	1785275922.514
746	100.000	0.581	100.000	10.379	4.670	0.664	1785275922.714
747	100.000	-0.366	100.001	11.839	4.765	0.664	1785275922.881
748	100.000	-0.108	100.000	10.709	4.892	0.664	1785275923.085
749	100.000	-0.291	99.999	8.356	5.076	0.664	1785275923.272
750	100.000	0.330	99.999	5.101	5.473	0.664	1785275923.467
751	100.000	-0.231	100.001	4.021	0.161	0.705	1785275923.657
752	100.000	-0.157	100.000	6.580	0.976	0.676	1785275923.878
753	100.000	0.269	100.003	9.742	1.277	0.683	1785275924.065
754	100.000	-0.074	100.003	11.451	1.432	0.681	1785275924.234
755	100.000	-0.018	100.002	11.225	1.544	0.685	1785275924.419
756	100.000	0.025	100.001	9.765	1.691	0.687	1785275924.625
757	100.000	0.171	99.998	6.420	1.943	0.687	1785275924.842
758	100.000	0.249	100.001	3.134	2.791	0.703	1785275925.034
759	100.000	0.058	100.000	4.701	4.077	0.664	1785275925.246
760	100.000	0.137	100.001	8.104	4.451	0.664	1785275925.415
761	100.000	0.284	99.999	10.569	4.614	0.664	1785275925.618
762	100.000	0.128	99.999	11.682	4.758	0.664	1785275925.825
763	100.000	0.001	99.998	10.662	4.884	0.664	1785275926.075
764	100.000	0.156	100.002	6.974	5.159	0.664	1785275926.301
765	100.000	-0.005	99.999	3.913	5.855	0.664	1785275926.499
766	100.000	-0.062	100.000	4.934	0.712	0.682	1785275926.684
767	100.000	-0.085	99.995	7.995	1.157	0.683	1785275926.865
768	100.000	0.068	99.998	10.391	1.331	0.683	1785275927.047
769	100.000	0.268	99.998	11.462	1.469	0.685	1785275927.214
770	100.000	-0.022	100.001	10.906	1.601	0.687	1785275927.417
771	100.000	0.017	99.999	8.928	1.775	0.680	1785275927.604
772	100.000	-0.304	100.003	5.865	2.006	0.685	1785275927.819
773	100.000	-0.156	100.005	2.902	3.185	0.664	1785275928.041
774	100.000	0.043	100.003	5.869	4.301	0.664	1785275928.230
775	100.000	-0.301	100.000	9.125	4.550	0.664	1785275928.439
776	100.000	-0.133	100.005	11.028	4.700	0.664	1785275928.598
777	100.000	-0.190	100.002	11.288	4.804	0.664	1785275928.799
778	100.000	0.463	100.001	10.044	4.962	0.664	1785275929.072
779	100.000	-0.152	99.998	5.802	5.344	0.664	1785275929.289
780	100.000	0.555	100.004	3.750	0.068	0.664	1785275929.485
781	100.000	0.114	99.996	6.291	0.918	0.683	1785275929.664
782	100.000	0.079	100.002	8.857	1.226	0.680	1785275929.852
783	100.000	0.208	99.998	10.970	1.407	0.682	1785275930.064
784	100.000	0.150	99.999	11.422	1.555	0.683	1785275930.307
785	100.000	-0.068	100.002	9.348	1.724	0.690	1785275930.495
786	100.000	-0.055	100.000	6.607	1.936	0.680	1785275930.678
787	100.000	0.149	100.002	3.500	2.546	0.680	1785275930.859
788	100.000	-0.011	99.999	3.567	3.766	0.664	1785275931.038
789	100.000	0.344	100.004	7.004	4.349	0.664	1785275931.207
790	100.000	-0.410	100.000	9.726	4.566	0.664	1785275931.410
791	100.000	0.022	99.996	11.416	4.673	0.664	1785275931.609
792	100.000	0.010	100.005	11.132	4.810	0.664	1785275931.797
793	100.000	-0.043	100.000	9.346	4.947	0.664	1785275931.998
794	100.000	-0.160	99.997	5.484	5.320	0.664	1785275932.237
795	100.000	0.189	99.998	3.613	0.179	0.675	1785275932.428
796	100.000	-0.008	100.004	5.818	0.947	0.687	1785275932.604
797	100.000	0.559	99.997	9.067	1.255	0.679	1785275932.785
798	100.000	0.075	100.001	11.036	1.403	0.683	1785275932.976
799	100.000	-0.124	99.998	11.568	1.528	0.683	1785275933.143
800	100.000	-0.370	100.000	10.382	1.647	0.686	1785275933.342
801	100.000	-0.321	100.001	7.690	1.850	0.681	1785275933.521
802	100.000	0.077	99.995	4.656	2.221	0.675	1785275933.748
803	100.000	-0.169	99.997	3.735	3.840	0.664	1785275934.008
804	100.000	0.121	100.002	7.766	4.456	0.664	1785275934.250
805	100.000	0.052	99.995	10.845	4.660	0.664	1785275934.483
806	100.000	-0.085	100.002	11.454	4.790	0.664	1785275934.681
807	100.000	0.034	100.003	9.418	4.924	0.664	1785275934.885
808	100.000	0.151	100.000	6.761	5.167	0.664	1785275935.094
809	100.000	-0.013	100.003	3.776	5.944	0.664	1785275935.307
810	100.000	-0.065	100.001	5.324	0.817	0.678	1785275935.492
811	100.000	-0.397	100.001	8.203	1.170	0.683	1785275935.684
812	100.000	-0.154	100.000	10.539	1.353	0.682	1785275935.875
813	100.000	0.052	99.997	11.669	1.509	0.685	1785275936.053
814	100.000	0.245	99.996	10.953	1.589	0.681	1785275936.242
815	100.000	0.285	99.996	8.373	1.748	0.683	1785275936.406
816	100.000	-0.122	99.997	5.254	2.013	0.682	1785275936.621
817	100.000	-0.134	100.004	2.768	3.390	0.664	1785275936.865
818	100.000	0.123	100.000	6.335	4.333	0.664	1785275937.053
819	100.000	0.037	100.003	9.361	4.562	0.664	1785275937.253
820	100.000	-0.131	99.999	11.567	4.684	0.664	1785275937.481
821	100.000	0.148	100.002	10.936	4.817	0.664	1785275937.656
822	100.000	-0.452	99.996	9.126	4.923	0.664	1785275937.866
823	100.000	0.341	100.008	6.314	5.169	0.664	1785275938.025
824	100.000	0.079	100.006	3.545	5.984	0.664	1785275938.232
825	100.000	0.045	99.998	5.405	0.837	0.678	1785275938.433
826	100.000	-0.012	99.999	8.265	1.192	0.679	1785275938.622
827	100.000	0.016	100.001	10.487	1.360	0.680	1785275938.796
828	100.000	0.149	100.003	11.375	1.494	0.685	1785275938.995
829	100.000	-0.064	99.998	10.605	1.625	0.685	1785275939.192
830	100.000	0.690	100.006	7.385	1.829	0.684	1785275939.420
831	100.000	0.082	100.002	3.687	2.356	0.703	1785275939.607
832	100.000	-0.370	99.997	3.162	3.625	0.664	1785275939.808
833	100.000	0.045	99.999	6.761	4.376	0.664	1785275940.007
834	100.000	-0.017	99.999	9.641	4.584	0.664	1785275940.191
835	100.000	-0.349	100.001	11.360	4.741	0.664	1785275940.439
836	100.000	-0.260	99.997	10.531	4.879	0.664	1785275940.684
837	100.000	0.112	100.000	6.720	5.116	0.664	1785275940.936
838	100.000	0.164	100.003	3.771	5.781	0.664	1785275941.126
839	100.000	-0.274	100.004	4.482	0.707	0.677	1785275941.291
840	100.000	-0.179	99.999	7.263	1.148	0.690	1785275941.496
841	100.000	0.114	100.002	10.290	1.355	0.682	1785275941.689
842	100.000	-0.145	100.004	11.461	1.494	0.681	1785275941.877
843	100.000	-0.085	100.002	10.927	1.596	0.680	1785275942.060
844	100.000	0.150	99.999	8.651	1.763	0.681	1785275942.287
845	100.000	0.233	99.996	4.347	2.205	0.684	1785275942.525
846	100.000	-0.085	100.002	3.425	3.908	0.664	1785275942.773
847	100.000	-0.148	100.000	7.201	4.453	0.664	1785275942.960
848	100.000	0.144	100.003	10.067	4.630	0.664	1785275943.156
849	100.000	-0.060	100.001	11.753	4.715	0.664	1785275943.317
850	100.000	0.115	100.002	11.205	4.823	0.664	1785275943.538
851	100.000	0.153	99.996	8.441	4.978	0.664	1785275943.769
852	100.000	0.016	99.999	5.240	5.327	0.664	1785275943.941
853	100.000	-0.023	100.000	3.214	0.186	0.695	1785275944.155
854	100.000	0.112	99.999	6.322	1.058	0.687	1785275944.346
855	100.000	-0.065	99.997	9.351	1.317	0.683	1785275944.587
856	100.000	0.147	99.996	11.282	1.473	0.681	1785275944.774
857	100.000	0.073	100.000	10.873	1.623	0.683	1785275944.936
858	100.000	-0.285	100.000	9.309	1.721	0.683	1785275945.144
859	100.000	0.231	99.997	5.578	2.021	0.686	1785275945.401
860	100.000	-0.178	100.000	2.869	3.321	0.664	1785275945.591
861	100.000	0.315	99.999	5.556	4.268	0.664	1785275945.765
862	100.000	-0.044	99.996	8.414	4.519	0.664	1785275945.939
863	100.000	-0.272	99.999	10.813	4.681	0.664	1785275946.142
864	100.000	-0.291	100.005	11.561	4.803	0.664	1785275946.350
865	100.000	-0.015	100.000	10.160	4.901	0.664	1785275946.591
866	100.000	-0.031	100.000	6.412	5.180	0.664	1785275946.827
867	100.000	0.209	100.001	3.326	6.023	0.664	1785275947.018
868	100.000	-0.451	100.000	4.918	0.878	0.692	1785275947.198
869	100.000	0.238	99.997	8.215	1.241	0.684	1785275947.405
870	100.000	-0.226	99.998	10.654	1.418	0.683	1785275947.569
871	100.000	0.077	99.997	11.459	1.548	0.684	1785275947.753
872	100.000	0.190	100.000	10.669	1.668	0.682	1785275947.936
873	100.000	0.080	99.999	8.309	1.827	0.686	1785275948.107
874	100.000	-0.124	100.002	5.677	2.046	0.684	1785275948.329
875	100.000	-0.214	99.997	2.813	3.278	0.664	1785275948.516
876	100.000	-0.239	99.998	5.623	4.247	0.664	1785275948.717
877	100.000	0.114	100.000	9.406	4.570	0.664	1785275948.963
878	100.000	0.243	100.003	11.614	4.715	0.664	1785275949.135
879	100.000	-0.166	99.998	11.440	4.780	0.664	1785275949.320
880	100.000	0.423	100.002	10.012	4.900	0.664	1785275949.501
881	100.000	-0.132	99.997	6.796	5.092	0.664	1785275949.701
882	100.000	0.253	100.005	3.588	5.716	0.664	1785275949.887
883	100.000	0.046	100.000	4.555	0.820	0.681	1785275950.099
884	100.000	0.003	100.000	7.885	1.254	0.686	1785275950.299
885	100.000	0.254	99.998	10.181	1.390	0.685	1785275950.497
886	100.000	0.031	100.000	11.063	1.538	0.684	1785275950.685
887	100.000	-0.056	99.997	10.387	1.667	0.686	1785275950.856
888	100.000	0.244	99.998	8.436	1.839	0.686	1785275951.059
889	100.000	-0.232	100.001	5.080	2.160	0.692	1785275951.233
890	100.000	-0.312	100.000	2.875	3.180	0.664	1785275951.431
891	100.000	0.015	99.996	5.457	4.244	0.664	1785275951.639
892	100.000	-0.193	99.999	9.507	4.541	0.664	1785275951.889
893	100.000	0.167	100.001	11.453	4.703	0.664	1785275952.071
894	100.000	0.010	99.998	11.399	4.776	0.664	1785275952.272
895	100.000	-0.034	100.003	9.162	4.902	0.664	1785275952.514
896	100.000	0.235	100.000	4.958	5.270	0.664	1785275952.752
897	100.000	0.078	99.997	3.171	0.288	0.695	1785275952.938
898	100.000	0.022	100.002	6.025	1.087	0.681	1785275953.140
899	100.000	0.335	99.997	9.279	1.346	0.687	1785275953.317
900	100.000	0.166	100.004	10.928	1.465	0.687	1785275953.491
901	100.000	-0.137	100.005	10.997	1.554	0.688	1785275953.676
902	100.000	-0.095	100.001	9.872	1.677	0.686	1785275953.856
903	100.000	-0.013	99.999	6.972	1.903	0.686	1785275954.059
904	100.000	-0.066	100.003	3.766	2.476	0.694	1785275954.258
905	100.000	-0.028	100.000	3.442	3.792	0.664	1785275954.442
906	100.000	0.035	99.999	6.333	4.370	0.664	1785275954.629
907	100.000	-0.150	99.995	9.303	4.581	0.664	1785275954.804
908	100.000	0.209	99.999	10.976	4.689	0.664	1785275954.994
909	100.000	0.315	100.001	11.186	4.783	0.664	1785275955.184
910	100.000	-0.077	100.002	9.418	4.902	0.664	1785275955.388
911	100.000	0.019	100.000	6.482	5.104	0.664	1785275955.568
912	100.000	-0.153	100.002	3.175	5.776	0.664	1785275955.750
913	100.000	-0.059	99.999	3.952	0.750	0.688	1785275955.924
914	100.000	-0.134	99.998	7.189	1.197	0.679	1785275956.131
915	100.000	-0.019	100.001	10.295	1.428	0.685	1785275956.387
916	100.000	-0.119	99.999	11.390	1.558	0.687	1785275956.586
917	100.000	0.116	99.997	9.904	1.733	0.684	1785275956.815
918	100.000	0.003	99.999	6.188	1.966	0.680	1785275957.093
919	100.000	0.073	100.000	2.665	3.298	0.664	1785275957.322
920	100.000	-0.120	100.005	5.533	4.308	0.664	1785275957.503
921	100.000	0.008	100.004	8.620	4.549	0.664	1785275957.677
922	100.000	-0.305	100.004	10.744	4.693	0.664	1785275957.878
923	100.000	-0.004	100.004	11.446	4.746	0.664	1785275958.055
924	100.000	0.026	99.998	10.253	4.852	0.664	1785275958.253
925	100.000	-0.078	100.001	7.594	5.024	0.664	1785275958.448
926	100.000	-0.024	100.001	3.768	5.480	0.664	1785275958.638
927	100.000	-0.152	99.996	3.497	0.566	0.675	1785275958.833
928	100.000	0.021	100.000	6.945	1.201	0.683	1785275959.063
929	100.000	-0.216	100.004	10.487	1.403	0.682	1785275959.247
930	100.000	0.271	99.999	11.497	1.527	0.682	1785275959.436
931	100.000	0.486	100.002	11.164	1.636	0.686	1785275959.613
932	100.000	0.539	99.999	9.082	1.753	0.684	1785275959.808
933	100.000	-0.222	100.002	6.083	1.977	0.691	1785275960.004
934	100.000	-0.100	100.002	2.767	2.681	0.698	1785275960.196
935	100.000	0.281	100.003	4.087	4.165	0.664	1785275960.389
936	100.000	0.351	100.005	7.829	4.535	0.664	1785275960.574
937	100.000	0.282	100.002	10.055	4.653	0.664	1785275960.749
938	100.000	-0.171	100.000	10.985	4.731	0.664	1785275960.946
939	100.000	-0.088	100.002	10.374	4.837	0.664	1785275961.123
940	100.000	-0.129	100.002	7.896	4.985	0.664	1785275961.327
941	100.000	-0.081	100.002	4.136	5.426	0.664	1785275961.578
942	100.000	-0.312	99.999	3.320	0.517	0.662	1785275961.756
943	100.000	0.122	99.999	6.439	1.170	0.689	1785275961.949
944	100.000	0.181	99.998	9.525	1.372	0.681	1785275962.142
945	100.000	-0.075	99.998	11.326	1.499	0.684	1785275962.382
946	100.000	-0.159	99.999	10.987	1.622	0.688	1785275962.565
947	100.000	0.092	99.999	9.041	1.763	0.686	1785275962.749
948	100.000	-0.255	100.001	5.725	2.001	0.686	1785275962.932
949	100.000	0.236	100.001	2.650	2.686	0.663	1785275963.117
950	100.000	0.077	100.002	3.598	4.171	0.664	1785275963.306
951	100.000	0.045	99.997	7.362	4.524	0.664	1785275963.496
952	100.000	-0.204	99.999	9.964	4.677	0.664	1785275963.681
953	100.000	-0.274	99.999	10.805	4.774	0.664	1785275963.870
954	100.000	0.203	100.002	10.344	4.883	0.664	1785275964.074
955	100.000	-0.099	99.997	8.263	5.020	0.664	1785275964.242
956	100.000	0.158	99.999	5.110	5.323	0.664	1785275964.450
957	100.000	-0.092	99.999	3.317	0.314	0.694	1785275964.667
958	100.000	0.040	99.998	6.429	1.138	0.682	1785275964.890
959	100.000	-0.022	99.996	9.841	1.388	0.684	1785275965.082
960	100.000	0.129	99.998	11.308	1.540	0.685	1785275965.342
961	100.000	-0.457	99.999	10.839	1.664	0.682	1785275965.566
962	100.000	0.359	99.999	7.987	1.835	0.690	1785275965.763
963	100.000	-0.009	100.004	4.658	2.166	0.685	1785275965.966
964	100.000	0.208	100.002	2.825	3.744	0.664	1785275966.197
965	100.000	-0.186	100.003	6.646	4.463	0.664	1785275966.439
966	100.000	0.350	100.004	9.626	4.669	0.664	1785275966.622
967	100.000	-0.027	99.998	10.789	4.744	0.664	1785275966.814
968	100.000	-0.230	99.999	10.561	4.845	0.664	1785275967.013
969	100.000	0.152	99.995	7.877	4.978	0.664	1785275967.200
970	100.000	-0.122	100.002	4.921	5.275	0.664	1785275967.378
971	100.000	-0.058	100.000	3.264	0.259	0.666	1785275967.572
972	100.000	-0.041	100.000	5.578	0.991	0.688	1785275967.745
973	100.000	0.355	99.996	8.817	1.301	0.680	1785275967.954
974	100.000	0.368	99.999	11.081	1.458	0.686	1785275968.201
975	100.000	0.217	100.001	11.399	1.611	0.687	1785275968.383
976	100.000	-0.216	100.000	10.106	1.737	0.688	1785275968.565
977	100.000	-0.136	100.003	7.270	1.906	0.685	1785275968.760
978	100.000	-0.477	100.001	3.561	2.383	0.701	1785275968.949
979	100.000	0.198	99.998	3.237	3.928	0.664	1785275969.134
980	100.000	0.031	100.000	6.459	4.456	0.664	1785275969.316
981	100.000	0.045	100.001	9.364	4.647	0.664	1785275969.501
982	100.000	-0.093	100.001	10.632	4.767	0.664	1785275969.701
983	100.000	0.225	100.003	10.290	4.862	0.664	1785275969.943
984	100.000	-0.006	99.998	7.701	5.028	0.664	1785275970.132
985	100.000	0.044	99.999	4.581	5.420	0.664	1785275970.319
986	100.000	-0.346	99.998	3.339	0.153	0.661	1785275970.501
987	100.000	0.389	99.999	5.888	1.031	0.678	1785275970.685
988	100.000	-0.282	99.999	9.035	1.295	0.683	1785275970.884
989	100.000	-0.071	99.999	11.409	1.437	0.679	1785275971.062
990	100.000	-0.085	99.996	11.578	1.570	0.686	1785275971.266
991	100.000	-0.151	100.002	9.813	1.712	0.687	1785275971.538
992	100.000	-0.082	100.001	6.469	1.968	0.680	1785275971.707
993	100.000	-0.308	99.999	3.001	2.628	0.706	1785275971.924
994	100.000	-0.097	99.996	4.171	4.173	0.664	1785275972.155
995	100.000	-0.200	100.002	8.411	4.580	0.664	1785275972.408
996	100.000	-0.063	99.999	10.856	4.722	0.664	1785275972.633
997	100.000	0.283	100.003	10.829	4.840	0.664	1785275972.844
998	100.000	0.361	100.004	8.105	5.022	0.664	1785275973.095
999	100.000	0.051	99.997	4.532	5.446	0.664	1785275973.285
1000	100.000	-0.076	99.998	3.504	0.531	0.683	1785275973.501
1001	100.000	-0.174	100.001	6.965	1.179	0.683	1785275973.703
1002	100.000	0.182	99.999	10.300	1.403	0.686	1785275973.963
1003	100.000	-0.064	100.001	11.638	1.553	0.685	1785275974.162
1004	100.000	-0.234	99.996	10.494	1.690	0.683	1785275974.389
1005	100.000	-0.090	99.999	7.524	1.867	0.685	1785275974.566
1006	100.000	0.296	99.995	4.641	2.154	0.681	1785275974.760
1007	100.000	-0.141	100.000	2.759	3.630	0.664	1785275974.938
1008	100.000	0.040	99.999	5.358	4.340	0.664	1785275975.123
1009	100.000	-0.131	100.000	8.744	4.590	0.664	1785275975.310
1010	100.000	0.306	100.000	10.732	4.692	0.664	1785275975.519
1011	100.000	0.008	99.999	11.218	4.789	0.664	1785275975.706
1012	100.000	0.049	100.000	9.644	4.897	0.664	1785275975.894
1013	100.000	-0.156	99.997	6.681	5.117	0.664	1785275976.088
1014	100.000	-0.010	100.003	3.439	5.650	0.664	1785275976.261
1015	100.000	0.097	100.002	3.883	0.727	0.674	1785275976.453
1016	100.000	-0.047	100.000	7.177	1.206	0.677	1785275976.657
1017	100.000	0.057	100.005	10.373	1.420	0.684	1785275976.900
1018	100.000	-0.326	99.999	11.423	1.563	0.685	1785275977.097
1019	100.000	0.053	99.997	10.433	1.680	0.684	1785275977.330
1020	100.000	0.485	100.003	7.674	1.856	0.684	1785275977.499
1021	100.000	-0.034	100.000	4.548	2.163	0.684	1785275977.710
1022	100.000	-0.102	99.999	2.478	3.568	0.667	1785275977.875
1023	100.000	-0.004	100.003	5.595	4.406	0.664	1785275978.093
1024	100.000	-0.004	100.000	9.255	4.661	0.664	1785275978.353
1025	100.000	0.236	100.002	11.063	4.759	0.664	1785275978.582
1026	100.000	0.345	100.001	9.818	4.906	0.664	1785275978.832
1027	100.000	0.073	99.998	6.591	5.073	0.664	1785275979.018
1028	100.000	0.178	100.001	3.642	5.615	0.664	1785275979.201
1029	100.000	-0.011	99.999	4.083	0.775	0.674	1785275979.387
1030	100.000	-0.058	99.998	6.969	1.199	0.685	1785275979.587
1031	100.000	0.063	100.000	10.159	1.394	0.682	1785275979.775
1032	100.000	0.286	100.000	11.178	1.521	0.686	1785275979.960
1033	100.000	-0.014	99.999	10.696	1.628	0.689	1785275980.136
1034	100.000	0.113	99.997	9.313	1.720	0.685	1785275980.322
1035	100.000	-0.099	99.997	6.180	1.908	0.693	1785275980.527
1036	100.000	-0.099	100.000	2.746	2.532	0.663	1785275980.720
1037	100.000	0.009	100.000	4.295	4.257	0.664	1785275980.965
1038	100.000	0.221	99.999	7.934	4.589	0.664	1785275981.144
1039	100.000	-0.080	100.000	10.232	4.725	0.664	1785275981.333
1040	100.000	-0.173	100.004	10.916	4.786	0.664	1785275981.506
1041	100.000	-0.042	100.006	10.104	4.864	0.664	1785275981.689
1042	100.000	0.280	99.999	7.667	4.983	0.664	1785275981.889
1043	100.000	-0.257	100.004	3.867	5.503	0.664	1785275982.144
1044	100.000	-0.138	100.000	3.653	0.675	0.678	1785275982.322
1045	100.000	0.177	99.998	6.363	1.172	0.686	1785275982.511
1046	100.000	-0.434	99.998	9.740	1.415	0.685	1785275982.716
1047	100.000	-0.000	99.999	10.924	1.536	0.685	1785275982.891
1048	100.000	0.052	99.997	10.644	1.619	0.685	1785275983.073
1049	100.000	-0.348	100.003	9.448	1.742	0.683	1785275983.259
1050	100.000	0.294	99.998	6.434	1.912	0.688	1785275983.444
1051	100.000	0.160	100.002	2.586	2.526	0.690	1785275983.657
1052	100.000	0.214	100.001	4.002	4.259	0.664	1785275983.901
1053	100.000	0.027	99.996	7.975	4.621	0.664	1785275984.085
1054	100.000	0.029	100.000	10.369	4.732	0.664	1785275984.267
1055	100.000	-0.156	100.000	10.918	4.803	0.664	1785275984.471
1056	100.000	0.036	100.000	9.353	4.931	0.664	1785275984.717
1057	100.000	-0.238	100.000	5.356	5.223	0.664	1785275984.970
1058	100.000	-0.004	99.999	2.881	0.061	0.657	1785275985.140
1059	100.000	0.370	100.000	5.058	1.015	0.685	1785275985.329
1060	100.000	0.023	100.002	8.447	1.314	0.681	1785275985.532
1061	100.000	0.242	100.001	10.359	1.478	0.685	1785275985.707
1062	100.000	0.036	100.001	11.238	1.568	0.684	1785275985.895
1063	100.000	-0.072	100.003	9.903	1.701	0.687	1785275986.164
1064	100.000	-0.306	100.002	6.363	1.927	0.684	1785275986.396
1065	100.000	-0.099	99.996	2.678	2.667	0.724	1785275986.571
1066	100.000	0.080	100.004	4.139	4.147	0.664	1785275986.748
1067	100.000	-0.058	99.999	6.924	4.532	0.664	1785275986.965
1068	100.000	0.228	100.001	10.320	4.700	0.664	1785275987.201
1069	100.000	-0.000	100.000	11.250	4.811	0.664	1785275987.392
1070	100.000	-0.081	99.994	10.021	4.872	0.664	1785275987.586
1071	100.000	0.087	100.000	6.871	5.081	0.664	1785275987.818
1072	100.000	-0.037	100.000	3.215	5.756	0.664	1785275988.003
1073	100.000	-0.107	100.003	3.757	0.727	0.692	1785275988.211
1074	100.000	0.015	99.997	7.229	1.242	0.682	1785275988.397
1075	100.000	0.365	99.998	9.758	1.430	0.686	1785275988.591
1076	100.000	-0.113	100.000	10.677	1.545	0.688	1785275988.777
1077	100.000	-0.225	100.000	10.601	1.641	0.684	1785275988.948
1078	100.000	0.104	99.999	8.545	1.781	0.682	1785275989.145
1079	100.000	-0.161	100.004	5.384	2.007	0.682	1785275989.330
1080	100.000	0.078	99.999	2.177	2.953	0.669	1785275989.529
1081	100.000	0.398	99.997	4.179	4.248	0.664	1785275989.705
1082	100.000	-0.265	100.001	7.496	4.593	0.664	1785275989.872
1083	100.000	0.003	100.002	9.974	4.708	0.664	1785275990.122
1084	100.000	0.176	100.001	10.981	4.834	0.664	1785275990.366
1085	100.000	0.171	100.004	9.353	4.951	0.664	1785275990.554
1086	100.000	0.105	99.998	6.144	5.159	0.664	1785275990.761
1087	100.000	0.198	99.999	3.407	5.755	0.664	1785275990.938
1088	100.000	0.169	100.002	3.358	0.673	0.682	1785275991.108
1089	100.000	-0.051	100.002	6.472	1.221	0.690	1785275991.290
1090	100.000	-0.035	99.998	9.425	1.413	0.682	1785275991.502
1091	100.000	-0.072	100.000	10.937	1.567	0.684	1785275991.762
1092	100.000	-0.111	99.997	9.797	1.725	0.683	1785275991.993
1093	100.000	-0.342	100.001	6.201	1.945	0.685	1785275992.248
1094	100.000	-0.158	100.000	2.506	2.759	0.684	1785275992.448
1095	100.000	0.097	100.003	4.533	4.368	0.664	1785275992.671
1096	100.000	0.167	100.006	8.228	4.616	0.664	1785275992.837
1097	100.000	-0.259	100.001	10.284	4.742	0.664	1785275993.045
1098	100.000	0.412	100.001	11.374	4.811	0.664	1785275993.224
1099	100.000	0.103	99.999	10.300	4.895	0.664	1785275993.444
1100	100.000	-0.058	100.000	7.026	5.085	0.664	1785275993.687
1101	100.000	-0.278	100.001	3.075	5.791	0.664	1785275993.917
1102	100.000	-0.152	99.998	4.415	0.948	0.687	1785275994.113
1103	100.000	0.020	99.999	7.689	1.326	0.681	1785275994.304
1104	100.000	0.033	99.998	9.720	1.463	0.689	1785275994.498
1105	100.000	0.018	100.000	10.680	1.585	0.686	1785275994.695
1106	100.000	0.000	99.999	9.591	1.711	0.684	1785275994.925
1107	100.000	0.275	100.002	6.863	1.884	0.679	1785275995.091
1108	100.000	-0.138	99.999	3.740	2.244	0.680	1785275995.287
1109	100.000	0.055	100.001	2.588	3.730	0.664	1785275995.489
1110	100.000	-0.622	100.003	6.035	4.486	0.664	1785275995.693
1111	100.000	0.117	99.999	9.434	4.685	0.664	1785275995.880
1112	100.000	0.158	100.002	11.120	4.758	0.664	1785275996.051
1113	100.000	0.005	99.996	11.392	4.815	0.664	1785275996.240
1114	100.000	0.405	99.997	9.532	4.886	0.664	1785275996.433
1115	100.000	-0.080	99.999	6.698	5.070	0.664	1785275996.624
1116	100.000	0.016	100.004	2.901	5.709	0.668	1785275996.852
1117	100.000	-0.093	100.005	4.038	0.917	0.672	1785275997.028
1118	100.000	0.047	99.999	7.367	1.315	0.685	1785275997.220
1119	100.000	0.301	100.000	9.847	1.463	0.682	1785275997.432
1120	100.000	-0.074	100.003	10.814	1.583	0.680	1785275997.634
1121	100.000	-0.204	100.001	9.652	1.706	0.686	1785275997.871
1122	100.000	0.121	100.000	6.342	1.921	0.681	1785275998.088
1123	100.000	0.223	99.999	2.686	2.618	0.664	1785275998.304
1124	100.000	-0.036	100.004	3.641	4.183	0.664	1785275998.491
1125	100.000	0.400	99.998	6.864	4.565	0.664	1785275998.677
1126	100.000	-0.096	99.997	9.737	4.700	0.664	1785275998.863
1127	100.000	-0.026	100.003	11.041	4.750	0.664	1785275999.025
1128	100.000	0.290	99.999	10.640	4.867	0.664	1785275999.261
1129	100.000	-0.061	100.002	8.272	5.005	0.664	1785275999.470
1130	100.000	0.357	99.999	4.632	5.301	0.664	1785275999.660
1131	100.000	0.115	100.001	2.403	0.097	0.659	1785275999.859
1132	100.000	0.095	100.000	5.056	1.116	0.678	1785276000.035
1133	100.000	-0.281	99.997	8.222	1.381	0.679	1785276000.259
1134	100.000	0.370	100.001	10.481	1.538	0.685	1785276000.487
1135	100.000	0.114	99.999	10.471	1.656	0.681	1785276000.667
1136	100.000	-0.036	99.999	8.647	1.763	0.687	1785276000.856
1137	100.000	-0.075	100.003	6.044	1.974	0.678	1785276001.036
1138	100.000	0.099	100.000	2.900	2.483	0.663	1785276001.223
1139	100.000	-0.015	99.997	3.292	4.066	0.664	1785276001.417
1140	100.000	0.520	100.002	6.864	4.539	0.664	1785276001.620
1141	100.000	-0.097	99.997	9.804	4.714	0.664	1785276001.818
1142	100.000	-0.042	99.999	10.901	4.766	0.664	1785276001.995
1143	100.000	-0.265	100.001	10.729	4.847	0.664	1785276002.191
1144	100.000	-0.029	100.002	8.388	4.948	0.664	1785276002.372
1145	100.000	0.380	100.003	5.092	5.209	0.664	1785276002.577
1146	100.000	0.060	100.000	2.420	6.123	0.664	1785276002.748
1147	100.000	0.097	99.998	3.961	0.962	0.682	1785276002.915
1148	100.000	-0.187	99.998	7.053	1.299	0.683	1785276003.114
1149	100.000	-0.056	100.002	9.813	1.490	0.686	1785276003.300
1150	100.000	0.004	99.998	10.764	1.598	0.685	1785276003.492
1151	100.000	0.012	100.000	10.025	1.693	0.683	1785276003.691
1152	100.000	-0.283	100.002	7.683	1.844	0.683	1785276003.872
1153	100.000	0.096	100.004	4.655	2.049	0.680	1785276004.064
1154	100.000	-0.088	99.998	2.038	3.108	0.664	1785276004.253
1155	100.000	0.102	100.003	4.429	4.359	0.664	1785276004.454
1156	100.000	-0.117	100.003	8.551	4.640	0.664	1785276004.689
1157	100.000	-0.021	100.000	10.987	4.774	0.664	1785276004.925
1158	100.000	-0.021	100.001	10.609	4.852	0.664	1785276005.146
1159	100.000	-0.112	100.008	8.178	4.988	0.664	1785276005.373
1160	100.000	-0.205	99.999	4.532	5.311	0.664	1785276005.554
1161	100.000	0.125	99.998	2.469	0.118	0.659	1785276005.767
1162	100.000	0.124	99.997	4.737	1.052	0.682	1785276005.903
1163	100.000	-0.065	100.003	7.776	1.373	0.687	1785276006.146
1164	100.000	0.008	100.001	10.494	1.554	0.682	1785276006.386
1165	100.000	-0.326	99.999	10.665	1.689	0.680	1785276006.569
1166	100.000	-0.017	100.002	8.737	1.788	0.684	1785276006.765
1167	100.000	-0.154	100.003	5.694	2.028	0.682	1785276006.932
1168	100.000	0.258	100.001	2.916	2.523	0.682	1785276007.120
1169	100.000	0.125	100.004	2.896	4.020	0.664	1785276007.297
1170	100.000	0.135	99.996	6.710	4.551	0.664	1785276007.516
1171	100.000	0.214	99.998	9.841	4.715	0.664	1785276007.760
1172	100.000	0.326	100.002	10.884	4.796	0.664	1785276007.941
1173	100.000	-0.075	100.000	9.787	4.879	0.664	1785276008.135
1174	100.000	0.214	100.003	8.070	4.960	0.664	1785276008.309
1175	100.000	0.138	99.999	4.889	5.182	0.664	1785276008.478
1176	100.000	-0.170	100.002	2.368	0.046	0.664	1785276008.689
1177	100.000	-0.016	99.995	5.148	1.153	0.680	1785276008.930
1178	100.000	-0.207	100.002	8.660	1.437	0.690	1785276009.132
1179	100.000	0.291	99.998	10.727	1.574	0.678	1785276009.326
1180	100.000	0.258	100.002	10.419	1.674	0.684	1785276009.501
1181	100.000	-0.418	100.002	8.906	1.765	0.681	1785276009.710
1182	100.000	0.317	100.004	5.985	1.977	0.682	1785276009.875
1183	100.000	0.302	100.003	2.601	2.485	0.728	1785276010.074
1184	100.000	-0.125	100.001	3.555	4.325	0.664	1785276010.321
1185	100.000	0.004	100.001	7.395	4.652	0.664	1785276010.509
1186	100.000	-0.015	99.997	9.953	4.757	0.664	1785276010.705
1187	100.000	-0.071	99.998	10.883	4.842	0.664	1785276010.928
1188	100.000	0.151	100.001	9.922	4.882	0.664	1785276011.087
1189	100.000	-0.041	99.999	7.312	4.989	0.664	1785276011.256
1190	100.000	0.519	100.006	4.334	5.260	0.664	1785276011.472
1191	100.000	0.098	100.004	2.285	0.379	0.678	1785276011.675
1192	100.000	-0.248	100.002	5.690	1.294	0.679	1785276011.894
1193	100.000	0.059	100.000	8.874	1.471	0.679	1785276012.064
1194	100.000	-0.037	100.002	10.516	1.566	0.682	1785276012.270
1195	100.000	-0.162	100.000	10.364	1.684	0.684	1785276012.490
1196	100.000	-0.407	100.001	8.104	1.806	0.690	1785276012.675
1197	100.000	-0.039	99.996	5.661	1.989	0.675	1785276012.858
1198	100.000	-0.022	100.000	2.185	2.914	0.664	1785276013.043
1199	100.000	-0.026	100.005	4.432	4.433	0.664	1785276013.268
1200	100.000	-0.085	100.003	8.139	4.713	0.664	1785276013.513
1201	100.000	0.070	99.997	10.682	4.793	0.664	1785276013.696
1202	100.000	0.042	100.001	10.995	4.843	0.664	1785276013.873
1203	100.000	0.428	100.000	9.562	4.927	0.664	1785276014.050
1204	100.000	0.193	100.002	7.062	5.038	0.664	1785276014.258
1205	100.000	-0.207	100.002	2.982	5.608	0.664	1785276014.510
1206	100.000	0.047	99.998	4.219	1.085	0.680	1785276014.730
1207	100.000	-0.106	100.001	7.913	1.389	0.674	1785276014.943
1208	100.000	0.139	100.000	10.158	1.567	0.678	1785276015.175
1209	100.000	-0.027	100.004	10.513	1.676	0.681	1785276015.400
1210	100.000	0.203	99.996	8.188	1.834	0.685	1785276015.632
1211	100.000	0.131	100.003	4.620	2.113	0.689	1785276015.814
1212	100.000	-0.034	100.003	2.119	3.140	0.664	1785276015.977
1213	100.000	0.112	99.998	3.783	4.291	0.664	1785276016.192
1214	100.000	-0.020	99.999	7.551	4.608	0.664	1785276016.380
1215	100.000	0.224	99.998	10.022	4.730	0.664	1785276016.584
1216	100.000	-0.246	100.001	10.963	4.824	0.664	1785276016.812
1217	100.000	0.074	100.000	9.254	4.898	0.664	1785276016.999
1218	100.000	-0.014	99.998	6.864	5.018	0.664	1785276017.172
1219	100.000	0.114	99.999	3.426	5.418	0.664	1785276017.365
1220	100.000	-0.021	100.001	2.736	0.700	0.682	1785276017.568
1221	100.000	0.031	99.994	6.466	1.335	0.686	1785276017.743
1222	100.000	0.198	99.999	9.269	1.506	0.678	1785276017.939
1223	100.000	0.364	100.001	10.474	1.595	0.684	1785276018.128
1224	100.000	0.068	99.999	10.381	1.675	0.688	1785276018.318
1225	100.000	0.241	99.997	9.020	1.788	0.684	1785276018.519
1226	100.000	-0.314	100.000	5.014	2.059	0.686	1785276018.764
1227	100.000	0.134	99.999	2.053	3.335	0.664	1785276018.952
1228	100.000	0.408	99.998	4.708	4.455	0.664	1785276019.168
1229	100.000	-0.169	100.002	8.533	4.700	0.664	1785276019.387
1230	100.000	0.065	99.998	10.459	4.791	0.664	1785276019.614
1231	100.000	-0.315	99.995	10.203	4.857	0.664	1785276019.797
1232	100.000	-0.328	100.000	8.315	4.946	0.664	1785276019.967
1233	100.000	0.143	100.001	5.341	5.105	0.664	1785276020.162
1234	100.000	-0.104	100.002	2.120	5.945	0.664	1785276020.351
1235	100.000	0.085	100.001	3.985	1.110	0.670	1785276020.547
1236	100.000	0.221	99.998	7.426	1.380	0.678	1785276020.737
1237	100.000	0.017	99.997	9.739	1.537	0.685	1785276020.937
1238	100.000	-0.322	99.998	10.914	1.621	0.681	1785276021.132
1239	100.000	0.008	100.002	10.007	1.755	0.684	1785276021.311
1240	100.000	-0.184	99.996	7.820	1.873	0.693	1785276021.516
1241	100.000	0.174	99.998	4.342	2.150	0.674	1785276021.675
1242	100.000	0.219	99.998	1.974	3.173	0.664	1785276021.885
1243	100.000	0.009	100.001	5.058	4.473	0.664	1785276022.104
1244	100.000	-0.103	99.996	8.186	4.702	0.664	1785276022.290
1245	100.000	-0.019	99.999	10.166	4.801	0.664	1785276022.510
1246	100.000	-0.053	100.001	10.428	4.849	0.664	1785276022.697
1247	100.000	-0.112	100.003	9.024	4.946	0.664	1785276022.885
1248	100.000	0.291	100.003	6.067	5.044	0.664	1785276023.089
1249	100.000	-0.131	100.000	2.477	5.906	0.664	1785276023.285
1250	100.000	0.043	99.996	3.620	0.977	0.684	1785276023.445
1251	100.000	0.192	100.000	6.669	1.349	0.681	1785276023.636
1252	100.000	-0.208	99.998	9.545	1.490	0.681	1785276023.826
1253	100.000	-0.337	99.999	10.826	1.588	0.685	1785276024.055
1254	100.000	-0.176	100.001	9.980	1.727	0.685	1785276024.282
1255	100.000	0.188	100.001	7.102	1.877	0.681	1785276024.488
1256	100.000	-0.119	99.998	3.891	2.222	0.681	1785276024.652
1257	100.000	0.041	100.004	2.281	3.633	0.664	1785276024.850
1258	100.000	-0.169	100.001	5.521	4.527	0.664	1785276025.104
1259	100.000	-0.311	99.999	8.863	4.711	0.664	1785276025.313
1260	100.000	0.016	99.997	10.574	4.807	0.664	1785276025.545
1261	100.000	0.098	100.003	9.865	4.872	0.664	1785276025.718
1262	100.000	0.235	100.000	7.860	4.965	0.664	1785276025.889
1263	100.000	0.151	99.999	4.454	5.235	0.664	1785276026.093
1264	100.000	-0.113	100.001	2.271	0.311	0.672	1785276026.273
1265	100.000	-0.303	100.001	4.591	1.207	0.679	1785276026.440
1266	100.000	-0.244	100.000	7.668	1.403	0.684	1785276026.672
1267	100.000	-0.172	100.003	10.239	1.572	0.683	1785276026.894
1268	100.000	-0.006	100.000	10.519	1.674	0.685	1785276027.108
1269	100.000	-0.353	100.003	8.679	1.824	0.689	1785276027.346
1270	100.000	0.100	99.999	5.286	2.089	0.683	1785276027.530
1271	100.000	0.263	100.004	2.519	2.888	0.664	1785276027.719
1272	100.000	0.032	100.002	4.220	4.257	0.664	1785276027.917
1273	100.000	-0.069	100.001	7.657	4.641	0.664	1785276028.152
1274	100.000	-0.091	99.999	9.911	4.782	0.664	1785276028.350
1275	100.000	0.019	99.999	10.176	4.845	0.664	1785276028.531
1276	100.000	0.428	100.004	9.096	4.894	0.664	1785276028.711
1277	100.000	0.202	100.001	6.608	4.962	0.664	1785276028.905
1278	100.000	-0.022	100.001	3.172	5.414	0.664	1785276029.091
1279	100.000	-0.096	100.001	2.279	0.621	0.699	1785276029.286
1280	100.000	0.131	99.999	5.768	1.320	0.679	1785276029.478
1281	100.000	0.192	99.997	8.975	1.481	0.679	1785276029.675
1282	100.000	0.087	100.003	10.599	1.617	0.684	1785276029.911
1283	100.000	-0.079	99.996	9.997	1.733	0.682	1785276030.099
1284	100.000	0.053	99.997	7.724	1.876	0.687	1785276030.279
1285	100.000	-0.321	100.000	5.043	2.106	0.678	1785276030.465
1286	100.000	-0.124	99.998	2.231	3.179	0.667	1785276030.650
1287	100.000	-0.191	100.002	4.138	4.286	0.664	1785276030.845
1288	100.000	0.196	99.999	7.608	4.612	0.664	1785276031.031
1289	100.000	-0.328	100.002	9.537	4.701	0.664	1785276031.215
1290	100.000	0.029	100.003	10.654	4.800	0.664	1785276031.407
1291	100.000	-0.114	99.998	9.801	4.862	0.664	1785276031.601
1292	100.000	0.274	99.999	7.330	4.947	0.664	1785276031.801
1293	100.000	0.417	100.001	3.096	5.391	0.664	1785276032.049
1294	100.000	0.017	99.997	3.486	1.048	0.683	1785276032.289
1295	100.000	-0.111	99.999	7.305	1.417	0.688	1785276032.475
1296	100.000	-0.000	99.999	9.697	1.554	0.681	1785276032.679
1297	100.000	-0.066	99.999	10.529	1.655	0.686	1785276032.926
1298	100.000	-0.108	99.999	8.752	1.790	0.684	1785276033.180
1299	100.000	0.353	100.000	5.016	2.054	0.686	1785276033.398
1300	100.000	-0.094	100.000	1.927	3.362	0.664	1785276033.588
1301	100.000	0.082	99.998	4.684	4.501	0.664	1785276033.791
1302	100.000	-0.358	100.001	7.700	4.711	0.664	1785276033.969
1303	100.000	-0.109	100.001	9.887	4.770	0.664	1785276034.148
1304	100.000	-0.069	100.002	10.556	4.830	0.664	1785276034.350
1305	100.000	0.169	100.000	9.318	4.896	0.664	1785276034.545
1306	100.000	0.232	100.000	6.571	5.022	0.664	1785276034.783
1307	100.000	-0.096	100.004	2.589	5.557	0.664	1785276034.964
1308	100.000	0.054	100.003	2.818	0.918	0.676	1785276035.173
1309	100.000	0.007	100.004	7.043	1.453	0.682	1785276035.420
1310	100.000	0.093	99.998	9.936	1.583	0.683	1785276035.621
1311	100.000	-0.185	100.000	10.717	1.689	0.681	1785276035.816
1312	100.000	-0.131	100.000	9.537	1.790	0.681	1785276036.021
1313	100.000	-0.046	100.002	6.717	1.959	0.679	1785276036.209
1314	100.000	-0.038	100.004	3.478	2.300	0.683	1785276036.400
1315	100.000	-0.067	100.004	2.465	3.859	0.664	1785276036.582
1316	100.000	-0.252	100.001	5.128	4.524	0.664	1785276036.770
1317	100.000	0.159	100.003	8.521	4.710	0.664	1785276036.959
1318	100.000	-0.029	99.999	10.098	4.787	0.664	1785276037.141
1319	100.000	-0.155	100.002	10.136	4.852	0.664	1785276037.333
1320	100.000	-0.033	100.000	8.650	4.918	0.664	1785276037.531
1321	100.000	-0.042	99.998	5.955	5.040	0.664	1785276037.715
1322	100.000	-0.015	99.998	2.709	5.444	0.664	1785276037.897
1323	100.000	0.001	100.001	2.862	0.951	0.667	1785276038.085
1324	100.000	-0.084	100.003	6.416	1.438	0.679	1785276038.261
1325	100.000	-0.146	99.994	9.351	1.550	0.682	1785276038.466
1326	100.000	-0.038	100.001	10.666	1.643	0.682	1785276038.657
1327	100.000	-0.119	100.002	10.193	1.755	0.685	1785276038.889
1328	100.000	-0.180	100.001	8.050	1.877	0.683	1785276039.093
1329	100.000	0.155	100.002	4.350	2.169	0.693	1785276039.298
1330	100.000	-0.066	100.001	1.939	3.510	0.664	1785276039.488
1331	100.000	-0.326	99.999	4.962	4.511	0.664	1785276039.691
1332	100.000	0.220	99.999	7.793	4.711	0.664	1785276039.910
1333	100.000	-0.361	100.003	9.949	4.797	0.664	1785276040.142
1334	100.000	-0.587	100.001	9.867	4.863	0.664	1785276040.327
1335	100.000	-0.061	100.000	8.271	4.921	0.664	1785276040.500
1336	100.000	0.102	100.001	4.919	5.090	0.664	1785276040.707
1337	100.000	0.203	99.999	1.539	0.137	0.677	1785276040.975
1338	100.000	-0.042	99.997	5.726	1.400	0.685	1785276041.207
1339	100.000	-0.271	100.001	8.923	1.586	0.684	1785276041.372
1340	100.000	-0.210	99.999	10.405	1.641	0.685	1785276041.576
1341	100.000	-0.231	99.997	10.173	1.754	0.686	1785276041.829
1342	100.000	0.118	100.000	7.846	1.888	0.694	1785276042.036
1343	100.000	0.107	99.998	4.306	2.199	0.689	1785276042.269
1344	100.000	0.521	100.005	2.154	3.530	0.664	1785276042.447
1345	100.000	0.060	99.999	5.006	4.452	0.664	1785276042.640
1346	100.000	-0.112	100.008	8.191	4.685	0.664	1785276042.903
1347	100.000	0.207	100.002	10.104	4.802	0.664	1785276043.133
1348	100.000	-0.116	99.999	9.521	4.859	0.664	1785276043.308
1349	100.000	-0.033	99.999	7.510	4.968	0.664	1785276043.496
1350	100.000	-0.040	100.001	3.841	5.210	0.664	1785276043.712
1351	100.000	0.148	99.998	1.794	0.459	0.664	1785276043.938
1352	100.000	0.158	100.000	5.943	1.401	0.687	1785276044.167
1353	100.000	0.059	99.999	8.763	1.550	0.687	1785276044.352
1354	100.000	-0.206	99.998	10.303	1.667	0.682	1785276044.646
1355	100.000	-0.231	100.001	9.026	1.807	0.684	1785276044.876
1356	100.000	0.296	99.997	6.043	2.008	0.683	1785276045.126
1357	100.000	-0.206	99.999	2.441	2.723	0.685	1785276045.310
1358	100.000	0.479	100.004	3.461	4.264	0.664	1785276045.508
1359	100.000	0.247	100.000	7.085	4.644	0.664	1785276045.709
1360	100.000	0.110	100.001	9.482	4.754	0.664	1785276045.916
1361	100.000	-0.217	100.001	10.239	4.792	0.664	1785276046.098
1362	100.000	0.216	99.998	9.380	4.848	0.664	1785276046.304
1363	100.000	-0.153	100.001	6.966	4.904	0.664	1785276046.493
1364	100.000	0.057	100.002	3.200	5.195	0.664	1785276046.687
1365	100.000	0.134	99.997	2.292	0.973	0.685	1785276046.943
1366	100.000	0.188	100.001	6.461	1.473	0.682	1785276047.194
1367	100.000	-0.038	100.001	9.662	1.599	0.686	1785276047.438
1368	100.000	-0.069	100.003	10.471	1.712	0.680	1785276047.626
1369	100.000	-0.126	100.001	8.861	1.806	0.688	1785276047.871
1370	100.000	0.065	100.002	5.038	2.046	0.681	1785276048.128
1371	100.000	0.017	99.999	1.947	3.589	0.664	1785276048.345
1372	100.000	-0.067	99.999	4.950	4.514	0.664	1785276048.532
1373	100.000	0.173	100.000	8.020	4.709	0.664	1785276048.744
1374	100.000	0.007	100.000	9.762	4.770	0.664	1785276048.930
1375	100.000	0.425	100.000	10.277	4.818	0.664	1785276049.121
1376	100.000	-0.261	100.004	9.084	4.877	0.664	1785276049.309
1377	100.000	-0.274	100.001	6.618	4.980	0.664	1785276049.487
1378	100.000	-0.051	99.998	2.980	5.322	0.664	1785276049.689
1379	100.000	-0.085	100.000	2.359	0.948	0.679	1785276049.914
1380	100.000	0.097	99.999	6.319	1.421	0.686	1785276050.105
1381	100.000	0.165	100.000	8.814	1.542	0.685	1785276050.288
1382	100.000	0.018	99.999	10.099	1.654	0.686	1785276050.500
1383	100.000	-0.099	100.000	9.772	1.771	0.687	1785276050.682
1384	100.000	-0.111	100.000	7.929	1.893	0.683	1785276050.878
1385	100.000	-0.288	99.994	4.158	2.191	0.684	1785276051.117
1386	100.000	0.127	100.002	2.281	3.837	0.668	1785276051.286
1387	100.000	-0.241	99.997	4.776	4.471	0.664	1785276051.486
1388	100.000	-0.156	99.997	8.515	4.712	0.664	1785276051.751
1389	100.000	0.070	100.000	9.918	4.798	0.664	1785276051.910
1390	100.000	-0.162	100.000	9.871	4.812	0.664	1785276052.113
1391	100.000	0.543	99.999	8.263	4.864	0.664	1785276052.300
1392	100.000	0.239	100.001	4.977	5.069	0.664	1785276052.503
1393	100.000	-0.112	100.002	1.509	0.052	0.679	1785276052.734
1394	100.000	0.257	100.001	4.703	1.343	0.682	1785276052.934
1395	100.000	-0.200	99.998	7.670	1.474	0.686	1785276053.126
1396	100.000	-0.281	100.001	10.006	1.620	0.683	1785276053.313
1397	100.000	-0.219	100.002	10.415	1.707	0.682	1785276053.502
1398	100.000	0.064	100.001	9.110	1.824	0.685	1785276053.743
1399	100.000	0.272	99.996	6.381	1.990	0.680	1785276053.914
1400	100.000	-0.133	99.998	2.676	2.589	0.717	1785276054.112
1401	100.000	0.192	99.999	3.149	4.170	0.664	1785276054.293
1402	100.000	-0.073	100.008	5.815	4.569	0.664	1785276054.481
1403	100.000	-0.029	100.001	8.457	4.723	0.664	1785276054.681
1404	100.000	-0.055	99.999	9.864	4.794	0.664	1785276054.875
1405	100.000	0.144	99.996	9.359	4.829	0.664	1785276055.112
1406	100.000	0.114	100.006	7.149	4.929	0.664	1785276055.310
1407	100.000	0.015	100.002	3.458	5.201	0.664	1785276055.559
1408	100.000	-0.273	99.998	2.614	0.935	0.700	1785276055.749
1409	100.000	0.085	99.998	6.493	1.445	0.683	1785276055.996
1410	100.000	-0.057	100.002	9.394	1.583	0.689	1785276056.154
1411	100.000	-0.180	100.002	10.598	1.677	0.683	1785276056.364
1412	100.000	-0.061	99.998	9.903	1.807	0.682	1785276056.554
1413	100.000	0.179	100.003	7.445	1.946	0.688	1785276056.812
1414	100.000	0.253	100.004	3.334	2.466	0.707	1785276057.046
1415	100.000	0.114	100.007	2.938	4.002	0.664	1785276057.226
1416	100.000	-0.419	100.000	6.563	4.593	0.664	1785276057.503
1417	100.000	-0.175	100.003	9.500	4.789	0.664	1785276057.731
1418	100.000	-0.138	99.998	9.992	4.828	0.664	1785276057.914
1419	100.000	-0.329	100.002	8.481	4.894	0.664	1785276058.080
1420	100.000	-0.171	99.999	6.438	4.994	0.664	1785276058.283
1421	100.000	-0.014	100.002	2.273	5.459	0.664	1785276058.555
1422	100.000	-0.157	100.006	4.044	1.308	0.680	1785276058.784
1423	100.000	0.075	99.999	7.407	1.539	0.688	1785276058.977
1424	100.000	-0.208	99.999	10.037	1.648	0.683	1785276059.150
1425	100.000	-0.059	99.999	10.507	1.740	0.681	1785276059.351
1426	100.000	0.057	99.997	9.656	1.840	0.686	1785276059.548
1427	100.000	0.443	99.998	7.116	1.999	0.694	1785276059.742
1428	100.000	0.341	99.998	4.231	2.327	0.692	1785276059.937
1429	100.000	0.056	99.999	2.803	3.905	0.664	1785276060.163
1430	100.000	-0.020	100.001	6.235	4.514	0.664	1785276060.341
1431	100.000	0.093	99.997	8.848	4.686	0.664	1785276060.551
1432	100.000	-0.265	99.997	10.020	4.793	0.664	1785276060.798
1433	100.000	-0.076	100.001	9.204	4.828	0.664	1785276060.986
1434	100.000	0.068	100.000	6.848	4.918	0.664	1785276061.163
1435	100.000	-0.137	99.997	3.226	5.142	0.664	1785276061.367
1436	100.000	-0.087	99.997	1.441	0.401	0.689	1785276061.544
1437	100.000	0.136	100.001	4.599	1.374	0.684	1785276061.698
1438	100.000	0.396	99.998	7.535	1.531	0.687	1785276061.928
1439	100.000	0.131	99.998	10.137	1.675	0.680	1785276062.196
1440	100.000	0.164	99.998	9.631	1.805	0.683	1785276062.426
1441	100.000	-0.081	99.999	7.428	1.952	0.691	1785276062.605
1442	100.000	-0.054	100.003	4.504	2.240	0.690	1785276062.782
1443	100.000	0.101	100.000	2.488	3.208	0.664	1785276062.965
1444	100.000	-0.288	99.994	4.505	4.314	0.664	1785276063.186
1445	100.000	0.244	100.002	7.849	4.629	0.664	1785276063.425
1446	100.000	0.062	100.001	9.448	4.740	0.664	1785276063.603
1447	100.000	-0.193	100.003	9.719	4.800	0.664	1785276063.792
1448	100.000	0.161	99.999	8.239	4.834	0.664	1785276063.977
1449	100.000	-0.018	99.997	5.554	4.943	0.664	1785276064.190
1450	100.000	-0.096	99.998	1.658	5.719	0.664	1785276064.418
1451	100.000	0.225	100.001	3.532	1.243	0.690	1785276064.600
1452	100.000	-0.243	100.002	6.609	1.513	0.691	1785276064.801
1453	100.000	-0.032	99.999	9.220	1.629	0.681	1785276064.969
1454	100.000	0.162	100.002	10.068	1.728	0.685	1785276065.197
1455	100.000	0.126	100.001	8.789	1.844	0.684	1785276065.431
1456	100.000	-0.294	100.002	5.588	2.125	0.692	1785276065.696
1457	100.000	0.024	100.001	2.536	3.393	0.664	1785276065.914
1458	100.000	-0.041	99.997	5.183	4.404	0.664	1785276066.118
1459	100.000	-0.195	99.997	8.393	4.647	0.664	1785276066.368
1460	100.000	-0.135	99.998	9.941	4.732	0.664	1785276066.554
1461	100.000	0.020	100.003	9.727	4.789	0.664	1785276066.756
1462	100.000	0.330	99.999	7.701	4.898	0.664	1785276066.967
1463	100.000	-0.252	100.001	4.004	5.073	0.664	1785276067.186
1464	100.000	0.185	100.002	1.378	0.083	0.664	1785276067.368
1465	100.000	-0.238	99.998	4.918	1.358	0.683	1785276067.630
1466	100.000	0.246	99.996	8.422	1.549	0.685	1785276067.858
1467	100.000	-0.107	100.003	9.864	1.683	0.687	1785276068.060
1468	100.000	0.454	100.003	9.299	1.769	0.684	1785276068.254
1469	100.000	-0.262	100.001	6.633	1.968	0.687	1785276068.498
1470	100.000	-0.007	100.000	3.459	2.450	0.676	1785276068.675
1471	100.000	-0.287	100.000	2.856	3.841	0.664	1785276068.874
1472	100.000	-0.257	100.002	5.800	4.485	0.664	1785276069.042
1473	100.000	-0.032	100.001	8.212	4.622	0.664	1785276069.221
1474	100.000	0.112	100.004	10.002	4.700	0.664	1785276069.422
1475	100.000	0.208	99.993	9.616	4.775	0.664	1785276069.591
1476	100.000	-0.331	99.999	8.608	4.796	0.664	1785276069.780
1477	100.000	0.086	99.997	5.736	4.921	0.664	1785276069.995
1478	100.000	-0.022	100.003	2.301	5.406	0.664	1785276070.179
1479	100.000	0.024	99.998	2.640	1.161	0.698	1785276070.369
1480	100.000	0.124	100.000	5.837	1.425	0.689	1785276070.563
1481	100.000	0.031	100.001	8.088	1.556	0.694	1785276070.750
1482	100.000	-0.050	100.000	9.565	1.641	0.683	1785276070.903
1483	100.000	-0.198	99.999	9.728	1.750	0.684	1785276071.109
1484	100.000	-0.064	100.001	8.170	1.859	0.684	1785276071.299
1485	100.000	-0.093	100.000	5.190	2.089	0.684	1785276071.483
1486	100.000	-0.114	100.001	2.309	2.987	0.668	1785276071.663
1487	100.000	-0.152	100.005	3.661	4.199	0.664	1785276071.836
1488	100.000	-0.040	99.999	6.783	4.572	0.664	1785276072.051
1489	100.000	-0.030	100.001	8.998	4.695	0.664	1785276072.251
1490	100.000	0.097	99.999	10.390	4.771	0.664	1785276072.489
1491	100.000	-0.502	99.997	9.209	4.822	0.664	1785276072.684
1492	100.000	-0.016	99.997	6.123	4.954	0.664	1785276072.917
1493	100.000	0.421	100.003	2.372	5.373	0.664	1785276073.113
1494	100.000	0.062	100.000	2.441	0.966	0.700	1785276073.301
1495	100.000	-0.202	100.004	5.637	1.417	0.689	1785276073.474
1496	100.000	-0.113	99.995	8.131	1.563	0.682	1785276073.690
1497	100.000	0.209	99.999	9.659	1.679	0.684	1785276073.915
1498	100.000	-0.377	100.004	9.005	1.818	0.682	1785276074.087
1499	100.000	-0.256	99.999	7.006	1.958	0.687	1785276074.301
1500	100.000	0.326	100.003	3.791	2.365	0.682	1785276074.487
1501	100.000	0.060	99.998	2.525	3.565	0.664	1785276074.682
1502	100.000	0.003	99.998	5.677	4.436	0.664	1785276074.859
1503	100.000	0.005	99.998	7.990	4.620	0.664	1785276075.048
1504	100.000	-0.073	100.002	9.930	4.731	0.664	1785276075.231
1505	100.000	-0.232	99.998	10.022	4.782	0.664	1785276075.423
1506	100.000	0.170	100.002	8.998	4.816	0.664	1785276075.615
1507	100.000	-0.033	100.001	6.183	4.936	0.664	1785276075.802
1508	100.000	0.423	100.002	3.128	5.244	0.664	1785276076.007
1509	100.000	0.300	100.000	2.001	0.724	0.694	1785276076.178
1510	100.000	-0.172	100.001	5.286	1.384	0.685	1785276076.357
1511	100.000	-0.092	100.001	7.440	1.499	0.692	1785276076.543
1512	100.000	0.005	99.999	9.559	1.607	0.686	1785276076.733
1513	100.000	0.117	99.999	9.528	1.711	0.685	1785276076.917
1514	100.000	0.046	99.996	8.206	1.828	0.687	1785276077.139
1515	100.000	-0.089	100.000	4.657	2.118	0.684	1785276077.359
1516	100.000	0.116	99.998	2.061	3.312	0.664	1785276077.568
1517	100.000	0.066	100.000	5.051	4.457	0.664	1785276077.793
1518	100.000	-0.207	100.002	8.112	4.643	0.664	1785276077.981
1519	100.000	0.032	99.998	10.103	4.724	0.664	1785276078.198
1520	100.000	0.134	99.997	10.158	4.766	0.664	1785276078.430
1521	100.000	0.020	100.003	8.327	4.853	0.664	1785276078.602
1522	100.000	0.039	100.002	5.908	4.953	0.664	1785276078.766
1523	100.000	-0.320	100.002	2.595	5.310	0.664	1785276078.967
1524	100.000	-0.034	100.001	2.177	0.848	0.678	1785276079.174
1525	100.000	0.238	100.004	5.364	1.382	0.685	1785276079.342
1526	100.000	0.036	99.997	8.227	1.526	0.686	1785276079.561
1527	100.000	-0.398	100.001	9.633	1.646	0.681	1785276079.736
1528	100.000	-0.064	100.001	9.406	1.729	0.688	1785276079.918
1529	100.000	-0.215	100.004	8.085	1.825	0.686	1785276080.115
1530	100.000	0.056	100.002	5.307	2.034	0.674	1785276080.307
1531	100.000	-0.020	100.003	2.051	3.168	0.664	1785276080.548
1532	100.000	0.373	100.001	5.404	4.516	0.664	1785276080.801
1533	100.000	0.327	100.005	8.676	4.708	0.664	1785276080.998
1534	100.000	-0.339	100.007	10.519	4.768	0.664	1785276081.196
1535	100.000	0.399	100.001	10.061	4.804	0.664	1785276081.361
1536	100.000	-0.111	100.002	8.637	4.850	0.664	1785276081.558
1537	100.000	0.258	100.001	6.262	4.960	0.664	1785276081.719
1538	100.000	0.028	100.002	2.728	5.401	0.664	1785276081.927
1539	100.000	0.049	99.999	1.994	0.725	0.709	1785276082.115
1540	100.000	0.094	100.000	6.014	1.390	0.681	1785276082.352
1541	100.000	0.166	99.998	8.533	1.555	0.687	1785276082.576
1542	100.000	-0.137	100.000	9.535	1.686	0.682	1785276082.802
1543	100.000	-0.333	100.002	8.374	1.830	0.680	1785276083.006
1544	100.000	0.033	99.995	5.662	1.955	0.691	1785276083.210
1545	100.000	-0.046	99.997	2.538	2.504	0.701	1785276083.395
1546	100.000	0.051	99.996	2.932	4.098	0.664	1785276083.589
1547	100.000	0.231	100.001	6.161	4.587	0.664	1785276083.784
1548	100.000	-0.331	100.003	8.882	4.694	0.664	1785276083.950
1549	100.000	-0.121	99.999	10.249	4.759	0.664	1785276084.156
1550	100.000	-0.133	99.997	9.765	4.796	0.664	1785276084.380
1551	100.000	-0.125	100.003	7.740	4.855	0.664	1785276084.565
1552	100.000	-0.112	99.998	4.702	5.018	0.664	1785276084.764
1553	100.000	0.027	100.001	1.388	6.172	0.664	1785276084.947
1554	100.000	0.333	100.000	3.334	1.154	0.700	1785276085.162
1555	100.000	-0.051	99.999	7.281	1.488	0.689	1785276085.417
1556	100.000	-0.091	99.998	9.421	1.623	0.683	1785276085.661
1557	100.000	-0.031	99.999	9.000	1.701	0.696	1785276085.836
1558	100.000	-0.061	99.998	7.485	1.824	0.684	1785276086.027
1559	100.000	-0.210	100.002	4.820	2.071	0.679	1785276086.227
1560	100.000	0.220	100.002	1.706	3.244	0.664	1785276086.458
1561	100.000	0.139	99.998	4.903	4.503	0.664	1785276086.635
1562	100.000	-0.186	100.004	7.931	4.694	0.664	1785276086.827
1563	100.000	0.236	100.002	9.923	4.733	0.664	1785276087.010
1564	100.000	0.057	100.001	10.222	4.810	0.664	1785276087.297
1565	100.000	0.011	99.996	7.981	4.899	0.664	1785276087.502
1566	100.000	0.134	99.998	4.906	5.091	0.664	1785276087.705
1567	100.000	-0.203	99.999	1.975	5.888	0.664	1785276087.887
1568	100.000	0.218	100.001	3.857	1.172	0.681	1785276088.142
1569	100.000	-0.130	99.999	6.952	1.462	0.685	1785276088.337
1570	100.000	0.083	100.002	8.987	1.589	0.682	1785276088.532
1571	100.000	-0.175	99.998	9.049	1.708	0.686	1785276088.715
1572	100.000	-0.155	100.003	8.110	1.825	0.682	1785276088.891
1573	100.000	0.044	100.002	5.409	1.992	0.684	1785276089.101
1574	100.000	0.210	99.998	2.377	2.601	0.719	1785276089.350
1575	100.000	0.162	99.998	4.177	4.448	0.664	1785276089.579
1576	100.000	-0.568	100.001	7.621	4.662	0.664	1785276089.779
1577	100.000	0.001	99.996	9.997	4.758	0.664	1785276090.003
1578	100.000	0.127	100.001	10.184	4.767	0.664	1785276090.204
1579	100.000	-0.200	100.000	8.557	4.832	0.664	1785276090.394
1580	100.000	0.141	100.002	5.894	4.971	0.664	1785276090.577
1581	100.000	-0.210	99.997	2.994	5.333	0.664	1785276090.770
1582	100.000	0.062	99.998	2.386	0.798	0.686	1785276090.966
1583	100.000	-0.257	100.001	5.427	1.296	0.673	1785276091.143
1584	100.000	-0.019	100.002	7.615	1.473	0.686	1785276091.332
1585	100.000	-0.036	99.998	8.964	1.606	0.685	1785276091.529
1586	100.000	0.140	100.003	8.950	1.716	0.681	1785276091.703
1587	100.000	0.024	99.996	7.364	1.836	0.680	1785276091.878
1588	100.000	0.070	99.999	4.909	1.999	0.694	1785276092.066
1589	100.000	0.178	100.003	1.969	2.660	0.664	1785276092.260
1590	100.000	0.205	100.002	3.823	4.370	0.664	1785276092.444
1591	100.000	-0.149	100.002	6.910	4.661	0.664	1785276092.620
1592	100.000	-0.015	100.002	9.400	4.738	0.664	1785276092.839
1593	100.000	-0.196	100.003	10.498	4.812	0.664	1785276093.093
1594	100.000	0.145	100.002	8.879	4.853	0.664	1785276093.312
1595	100.000	-0.113	100.004	6.328	4.950	0.664	1785276093.491
1596	100.000	-0.239	100.000	2.791	5.365	0.664	1785276093.701
1597	100.000	0.280	99.998	2.333	0.864	0.693	1785276093.900
1598	100.000	-0.280	100.001	5.179	1.360	0.680	1785276094.091
1599	100.000	0.191	99.999	7.573	1.513	0.683	1785276094.281
1600	100.000	-0.032	100.003	9.003	1.633	0.688	1785276094.459
1601	100.000	0.127	100.000	8.928	1.735	0.684	1785276094.645
1602	100.000	-0.622	99.995	7.046	1.887	0.680	1785276094.845
1603	100.000	0.168	100.000	3.724	2.160	0.685	1785276095.080
1604	100.000	0.028	100.000	1.845	3.524	0.664	1785276095.267
1605	100.000	0.051	100.002	4.689	4.535	0.664	1785276095.460
1606	100.000	0.178	99.995	8.056	4.702	0.664	1785276095.633
1607	100.000	-0.286	100.004	9.818	4.751	0.664	1785276095.832
1608	100.000	-0.166	100.001	9.944	4.808	0.664	1785276096.015
1609	100.000	0.343	99.996	8.732	4.866	0.664	1785276096.210
1610	100.000	-0.140	99.998	6.171	4.971	0.664	1785276096.407
1611	100.000	0.565	99.999	3.338	5.273	0.664	1785276096.581
1612	100.000	-0.035	99.999	1.931	0.536	0.698	1785276096.786
1613	100.000	-0.123	100.003	5.245	1.274	0.679	1785276097.032
1614	100.000	0.070	100.001	8.000	1.530	0.680	1785276097.252
1615	100.000	-0.181	100.001	8.704	1.652	0.685	1785276097.463
1616	100.000	-0.047	100.000	7.876	1.773	0.689	1785276097.638
1617	100.000	-0.037	99.999	6.072	1.908	0.688	1785276097.821
1618	100.000	-0.064	99.996	3.134	2.336	0.689	1785276098.004
1619	100.000	0.157	100.003	1.985	3.700	0.664	1785276098.195
1620	100.000	-0.297	100.000	5.040	4.508	0.664	1785276098.385
1621	100.000	0.013	100.001	8.326	4.677	0.664	1785276098.571
1622	100.000	-0.656	100.002	10.056	4.726	0.664	1785276098.772
1623	100.000	0.044	99.999	10.440	4.790	0.664	1785276098.957
1624	100.000	-0.150	100.000	9.289	4.828	0.664	1785276099.144
1625	100.000	0.222	100.002	7.090	4.893	0.664	1785276099.336
1626	100.000	-0.290	100.007	3.524	5.268	0.664	1785276099.501
1627	100.000	0.183	100.002	1.939	0.121	0.690	1785276099.709
1628	100.000	0.098	99.996	4.569	1.208	0.684	1785276099.891
1629	100.000	0.143	99.995	6.989	1.443	0.685	1785276100.078
1630	100.000	-0.243	99.996	8.460	1.592	0.683	1785276100.256
1631	100.000	-0.319	99.996	8.752	1.687	0.690	1785276100.425
1632	100.000	-0.209	100.003	7.600	1.792	0.690	1785276100.614
1633	100.000	0.304	100.000	5.047	2.005	0.696	1785276100.826
1634	100.000	-0.031	99.994	2.023	2.614	0.697	1785276101.030
1635	100.000	-0.142	100.005	3.252	4.258	0.664	1785276101.216
1636	100.000	0.090	100.001	6.571	4.646	0.664	1785276101.395
1637	100.000	0.119	99.995	9.024	4.726	0.664	1785276101.586
1638	100.000	0.212	100.003	10.327	4.774	0.664	1785276101.814
1639	100.000	0.102	100.000	10.056	4.809	0.664	1785276102.017
1640	100.000	0.255	99.997	7.052	4.919	0.664	1785276102.263
1641	100.000	-0.163	100.000	3.288	5.321	0.664	1785276102.460
1642	100.000	0.053	100.000	2.116	0.389	0.672	1785276102.645
1643	100.000	0.134	100.004	4.624	1.163	0.677	1785276102.815
1644	100.000	-0.233	99.999	7.040	1.395	0.682	1785276103.025
1645	100.000	0.065	100.006	8.413	1.547	0.685	1785276103.211
1646	100.000	0.143	99.998	8.652	1.664	0.686	1785276103.368
1647	100.000	0.045	100.003	7.316	1.774	0.686	1785276103.579
1648	100.000	0.279	99.999	4.785	1.973	0.683	1785276103.760
1649	100.000	-0.238	100.004	2.095	2.706	0.749	1785276103.944
1650	100.000	0.116	100.001	3.121	4.249	0.664	1785276104.120
1651	100.000	0.151	99.998	6.092	4.583	0.664	1785276104.325
1652	100.000	0.024	100.005	9.301	4.731	0.664	1785276104.514
1653	100.000	-0.317	99.997	10.452	4.770	0.664	1785276104.699
1654	100.000	0.058	100.001	10.355	4.819	0.664	1785276104.888
1655	100.000	0.188	100.002	8.192	4.853	0.664	1785276105.079
1656	100.000	0.167	99.997	5.736	4.986	0.664	1785276105.267
1657	100.000	0.159	100.000	2.550	5.572	0.664	1785276105.467
1658	100.000	0.027	100.002	3.364	0.951	0.686	1785276105.679
1659	100.000	0.412	99.997	6.352	1.359	0.683	1785276105.886
1660	100.000	-0.224	100.001	8.186	1.512	0.689	1785276106.074
1661	100.000	0.143	99.999	9.021	1.601	0.682	1785276106.275
1662	100.000	0.119	99.994	7.633	1.728	0.681	1785276106.533
1663	100.000	-0.194	100.004	4.534	1.927	0.684	1785276106.713
1664	100.000	0.074	100.002	1.691	2.749	0.644	1785276106.897
1665	100.000	0.123	100.005	4.109	4.488	0.664	1785276107.151
1666	100.000	0.089	99.998	8.110	4.740	0.664	1785276107.387
1667	100.000	0.169	100.001	10.148	4.806	0.664	1785276107.588
1668	100.000	0.242	99.995	10.486	4.829	0.664	1785276107.763
1669	100.000	-0.119	99.999	9.199	4.912	0.664	1785276107.951
1670	100.000	-0.127	100.001	6.360	4.980	0.664	1785276108.135
1671	100.000	-0.133	99.997	2.888	5.417	0.664	1785276108.344
1672	100.000	-0.191	99.995	2.450	0.610	0.665	1785276108.536
1673	100.000	-0.053	100.003	5.102	1.195	0.681	1785276108.713
1674	100.000	-0.124	100.000	7.670	1.432	0.681	1785276108.942
1675	100.000	0.003	99.999	8.802	1.566	0.679	1785276109.178
1676	100.000	0.174	99.998	7.821	1.712	0.685	1785276109.423
1677	100.000	-0.248	100.006	5.145	1.904	0.682	1785276109.611
1678	100.000	-0.247	99.999	1.925	2.571	0.670	1785276109.850
1679	100.000	0.064	100.002	3.340	4.411	0.664	1785276110.023
1680	100.000	0.238	100.002	6.898	4.698	0.664	1785276110.221
1681	100.000	0.005	100.001	9.291	4.764	0.664	1785276110.402
1682	100.000	0.142	99.994	10.446	4.802	0.664	1785276110.567
1683	100.000	-0.205	99.997	10.176	4.838	0.664	1785276110.780
1684	100.000	-0.174	99.998	8.426	4.892	0.664	1785276110.966
1685	100.000	0.330	100.000	5.270	5.033	0.664	1785276111.167
1686	100.000	0.047	100.005	2.544	5.654	0.664	1785276111.352
1687	100.000	0.403	100.004	2.964	0.863	0.682	1785276111.546
1688	100.000	0.158	99.998	5.687	1.276	0.684	1785276111.785
1689	100.000	-0.192	99.997	8.148	1.469	0.684	1785276112.038
1690	100.000	-0.176	100.001	8.774	1.595	0.679	1785276112.219
1691	100.000	-0.035	100.002	7.548	1.693	0.685	1785276112.428
1692	100.000	-0.178	100.001	3.604	1.964	0.687	1785276112.661
1693	100.000	0.146	99.999	1.010	3.705	0.664	1785276112.832
1694	100.000	-0.166	99.997	3.650	4.601	0.664	1785276113.016
1695	100.000	0.081	100.001	7.799	4.758	0.664	1785276113.217
1696	100.000	0.011	100.003	9.923	4.808	0.664	1785276113.407
1697	100.000	-0.251	99.999	10.074	4.838	0.664	1785276113.595
1698	100.000	-0.175	100.000	9.255	4.852	0.664	1785276113.791
1699	100.000	0.082	100.003	7.196	4.920	0.664	1785276113.978
1700	100.000	0.175	100.000	3.903	5.208	0.664	1785276114.177
1701	100.000	0.197	99.999	2.239	0.399	0.663	1785276114.397
1702	100.000	0.080	100.002	5.112	1.210	0.680	1785276114.577
1703	100.000	-0.321	99.999	7.832	1.420	0.681	1785276114.773
1704	100.000	0.313	100.003	8.862	1.528	0.684	1785276114.955
1705	100.000	0.279	100.003	8.863	1.614	0.685	1785276115.141
1706	100.000	0.210	99.999	7.214	1.695	0.683	1785276115.347
1707	100.000	-0.019	99.998	4.719	1.842	0.685	1785276115.542
1708	100.000	-0.175	100.002	1.289	2.871	0.715	1785276115.723
1709	100.000	0.044	99.994	3.069	4.487	0.664	1785276115.917
1710	100.000	-0.320	99.997	6.794	4.715	0.664	1785276116.106
1711	100.000	0.128	99.999	9.251	4.778	0.664	1785276116.303
1712	100.000	0.428	99.999	10.025	4.810	0.664	1785276116.481
1713	100.000	-0.056	100.001	8.922	4.826	0.664	1785276116.703
1714	100.000	-0.202	100.001	6.831	4.926	0.664	1785276116.877
1715	100.000	0.120	100.006	3.788	5.133	0.664	1785276117.068
1716	100.000	0.068	100.001	1.818	6.243	0.719	1785276117.244
1717	100.000	-0.046	99.998	4.263	1.110	0.672	1785276117.441
1718	100.000	-0.450	100.000	7.179	1.333	0.680	1785276117.640
1719	100.000	0.267	100.001	8.866	1.482	0.684	1785276117.828
1720	100.000	-0.024	99.999	9.055	1.578	0.686	1785276118.017
1721	100.000	0.432	100.004	8.144	1.702	0.686	1785276118.186
1722	100.000	-0.059	100.000	5.834	1.818	0.685	1785276118.375
1723	100.000	0.217	100.002	3.005	2.038	0.680	1785276118.533
1724	100.000	0.210	99.999	1.274	3.791	0.664	1785276118.733
1725	100.000	0.508	99.999	4.923	4.663	0.664	1785276118.941
1726	100.000	0.253	100.000	8.118	4.746	0.664	1785276119.126
1727	100.000	0.036	99.999	9.364	4.799	0.664	1785276119.329
1728	100.000	0.137	99.998	9.762	4.808	0.664	1785276119.517
1729	100.000	0.410	100.000	7.690	4.872	0.664	1785276119.756
1730	100.000	-0.156	100.001	4.683	5.025	0.664	1785276119.947
1731	100.000	0.143	99.999	1.715	5.968	0.664	1785276120.105
1732	100.000	-0.030	99.999	3.203	0.966	0.694	1785276120.308
1733	100.000	-0.286	100.001	6.246	1.286	0.684	1785276120.489
1734	100.000	0.026	100.003	8.456	1.446	0.680	1785276120.680
1735	100.000	0.047	99.999	9.284	1.555	0.684	1785276120.886
1736	100.000	0.087	100.000	8.925	1.620	0.688	1785276121.089
1737	100.000	0.154	99.997	6.383	1.768	0.688	1785276121.315
1738	100.000	0.245	100.001	3.192	2.040	0.680	1785276121.521
1739	100.000	-0.294	99.998	2.145	4.224	0.664	1785276121.768
1740	100.000	-0.239	99.999	6.402	4.695	0.664	1785276121.986
1741	100.000	-0.229	99.998	8.736	4.791	0.664	1785276122.191
1742	100.000	0.198	100.001	9.833	4.811	0.664	1785276122.379
1743	100.000	0.324	99.996	8.652	4.837	0.664	1785276122.559
1744	100.000	-0.413	99.999	6.712	4.921	0.664	1785276122.735
1745	100.000	0.003	99.997	3.293	5.183	0.664	1785276122.938
1746	100.000	0.256	100.000	1.978	0.551	0.676	1785276123.186
1747	100.000	0.368	99.999	5.087	1.246	0.683	1785276123.373
1748	100.000	-0.173	99.997	7.942	1.420	0.678	1785276123.579
1749	100.000	0.115	100.003	9.245	1.488	0.682	1785276123.756
1750	100.000	0.161	99.999	9.122	1.593	0.683	1785276123.956
1751	100.000	0.135	100.001	7.462	1.709	0.687	1785276124.194
1752	100.000	-0.106	100.001	3.872	1.932	0.678	1785276124.370
1753	100.000	0.305	100.002	1.167	3.387	0.664	1785276124.592
1754	100.000	-0.023	99.998	4.520	4.596	0.664	1785276124.826
1755	100.000	0.023	99.999	7.531	4.693	0.664	1785276125.001
1756	100.000	0.287	100.004	9.146	4.760	0.664	1785276125.180
1757	100.000	0.208	100.002	9.375	4.786	0.664	1785276125.358
1758	100.000	-0.211	100.001	8.180	4.807	0.664	1785276125.556
1759	100.000	-0.262	99.998	5.993	4.907	0.664	1785276125.745
1760	100.000	0.261	99.997	2.473	5.346	0.664	1785276125.936
1761	100.000	0.011	99.997	2.365	0.830	0.664	1785276126.124
1762	100.000	-0.299	100.001	5.332	1.300	0.680	1785276126.325
1763	100.000	0.169	99.998	8.024	1.433	0.684	1785276126.570
1764	100.000	0.045	100.003	9.469	1.546	0.679	1785276126.747
1765	100.000	-0.165	99.999	8.951	1.613	0.684	1785276126.925
1766	100.000	-0.131	100.002	7.468	1.695	0.690	1785276127.123
1767	100.000	0.388	99.998	4.620	1.869	0.687	1785276127.307
1768	100.000	0.040	99.997	1.568	2.497	0.665	1785276127.503
1769	100.000	-0.175	100.000	3.859	4.564	0.664	1785276127.754
1770	100.000	-0.009	100.005	7.415	4.774	0.664	1785276127.932
1771	100.000	0.059	100.001	9.086	4.791	0.664	1785276128.139
1772	100.000	0.203	99.998	9.476	4.794	0.664	1785276128.309
1773	100.000	0.220	100.000	8.569	4.808	0.664	1785276128.479
1774	100.000	0.049	100.002	6.100	4.890	0.664	1785276128.678
1775	100.000	0.282	99.997	2.453	5.267	0.664	1785276128.893
1776	100.000	-0.062	100.002	2.278	0.861	0.685	1785276129.077
1777	100.000	-0.212	100.006	5.528	1.312	0.682	1785276129.252
1778	100.000	0.080	99.998	7.774	1.437	0.682	1785276129.462
1779	100.000	0.069	99.998	9.385	1.540	0.684	1785276129.690
1780	100.000	0.067	99.998	9.001	1.647	0.684	1785276129.898
1781	100.000	-0.215	100.002	6.554	1.772	0.679	1785276130.155
1782	100.000	0.162	99.997	3.527	1.956	0.683	1785276130.331
1783	100.000	-0.329	100.002	1.179	3.853	0.664	1785276130.507
1784	100.000	0.016	99.997	4.045	4.605	0.664	1785276130.700
1785	100.000	-0.122	99.996	7.096	4.705	0.664	1785276130.904
1786	100.000	-0.046	100.000	8.762	4.759	0.664	1785276131.067
1787	100.000	-0.220	99.999	9.327	4.776	0.664	1785276131.264
1788	100.000	-0.059	99.998	8.072	4.792	0.664	1785276131.466
1789	100.000	0.092	100.003	5.802	4.849	0.664	1785276131.690
1790	100.000	-0.378	100.001	2.280	5.126	0.664	1785276131.862
1791	100.000	-0.313	100.000	1.540	0.909	0.675	1785276132.063
1792	100.000	-0.021	100.000	5.426	1.360	0.686	1785276132.304
1793	100.000	0.022	100.002	8.474	1.490	0.682	1785276132.484
1794	100.000	-0.233	100.003	9.307	1.577	0.686	1785276132.661
1795	100.000	-0.199	100.001	9.180	1.632	0.684	1785276132.858
1796	100.000	-0.152	99.999	7.742	1.749	0.683	1785276133.063
1797	100.000	0.049	99.997	4.083	1.920	0.689	1785276133.325
1798	100.000	-0.071	99.999	1.785	4.167	0.664	1785276133.532
1799	100.000	0.100	100.001	4.544	4.654	0.664	1785276133.723
1800	100.000	-0.074	99.998	7.664	4.757	0.664	1785276133.904
1801	100.000	-0.148	99.999	9.355	4.759	0.664	1785276134.113
1802	100.000	0.087	100.002	9.396	4.749	0.664	1785276134.307
1803	100.000	0.068	100.003	7.704	4.783	0.664	1785276134.494
1804	100.000	-0.124	99.999	4.978	4.886	0.664	1785276134.688
1805	100.000	0.004	100.002	1.485	5.528	0.664	1785276134.903
1806	100.000	-0.300	99.998	3.935	1.257	0.676	1785276135.109
1807	100.000	0.124	100.002	6.409	1.415	0.684	1785276135.296
1808	100.000	0.196	100.003	8.911	1.519	0.683	1785276135.545
1809	100.000	0.231	99.996	9.382	1.624	0.684	1785276135.741
1810	100.000	-0.247	100.001	8.284	1.720	0.686	1785276135.935
1811	100.000	0.213	100.002	4.638	1.928	0.691	1785276136.121
1812	100.000	0.085	100.000	1.357	2.924	0.664	1785276136.303
1813	100.000	-0.197	99.995	2.633	4.441	0.664	1785276136.473
1814	100.000	0.000	100.000	6.399	4.715	0.664	1785276136.674
1815	100.000	0.049	100.000	8.671	4.751	0.664	1785276136.845
1816	100.000	-0.188	99.999	9.475	4.771	0.664	1785276137.046
1817	100.000	0.111	100.001	8.921	4.760	0.664	1785276137.249
1818	100.000	-0.083	100.000	6.303	4.822	0.664	1785276137.438
1819	100.000	0.127	100.000	2.276	5.131	0.664	1785276137.680
1820	100.000	-0.280	99.999	2.336	1.006	0.684	1785276137.858
1821	100.000	0.246	99.998	5.064	1.327	0.689	1785276138.036
1822	100.000	-0.043	99.996	7.472	1.420	0.685	1785276138.231
1823	100.000	-0.094	100.003	9.472	1.499	0.683	1785276138.408
1824	100.000	0.277	99.997	9.603	1.600	0.680	1785276138.619
1825	100.000	0.103	99.999	8.294	1.687	0.684	1785276138.797
1826	100.000	0.271	99.999	5.946	1.781	0.678	1785276138.982
1827	100.000	-0.056	100.000	2.849	2.102	0.691	1785276139.187
1828	100.000	0.058	100.001	1.718	4.063	0.664	1785276139.364
1829	100.000	-0.298	99.999	4.379	4.650	0.664	1785276139.565
1830	100.000	0.060	99.997	7.960	4.718	0.664	1785276139.733
1831	100.000	0.155	99.996	8.871	4.757	0.664	1785276139.925
1832	100.000	-0.309	100.000	9.162	4.763	0.664	1785276140.111
1833	100.000	-0.088	99.999	8.149	4.735	0.664	1785276140.311
1834	100.000	0.244	99.998	4.193	4.853	0.664	1785276140.567
1835	100.000	-0.014	99.995	0.884	5.806	0.664	1785276140.786
1836	100.000	-0.022	99.999	4.021	1.272	0.687	1785276140.995
1837	100.000	-0.119	100.002	6.740	1.421	0.684	1785276141.175
1838	100.000	0.072	99.998	8.987	1.504	0.685	1785276141.353
1839	100.000	0.273	100.002	9.498	1.593	0.683	1785276141.559
1840	100.000	-0.054	99.996	8.345	1.674	0.685	1785276141.808
1841	100.000	-0.093	100.004	5.049	1.840	0.687	1785276141.993
1842	100.000	-0.156	99.999	2.790	2.092	0.668	1785276142.194
1843	100.000	-0.280	99.998	1.714	4.047	0.664	1785276142.424
1844	100.000	0.053	99.999	6.645	4.683	0.664	1785276142.673
1845	100.000	-0.032	100.002	9.157	4.740	0.664	1785276142.886
1846	100.000	0.040	99.999	8.619	4.745	0.664	1785276143.107
1847	100.000	0.162	100.003	6.692	4.790	0.664	1785276143.283
1848	100.000	-0.137	99.998	3.824	4.892	0.664	1785276143.476
1849	100.000	-0.102	99.993	1.112	0.313	0.656	1785276143.665
1850	100.000	-0.085	100.003	4.007	1.242	0.686	1785276143.842
1851	100.000	0.203	100.002	7.208	1.407	0.680	1785276144.068
1852	100.000	-0.223	99.999	9.184	1.521	0.683	1785276144.307
1853	100.000	0.650	99.998	9.452	1.600	0.681	1785276144.470
1854	100.000	0.108	99.999	8.277	1.668	0.681	1785276144.675
1855	100.000	0.002	99.998	5.082	1.837	0.688	1785276144.937
1856	100.000	-0.365	100.001	1.156	2.541	0.728	1785276145.104
1857	100.000	-0.169	99.997	3.076	4.476	0.664	1785276145.296
1858	100.000	-0.082	100.001	5.947	4.673	0.664	1785276145.503
1859	100.000	-0.082	100.001	8.852	4.783	0.664	1785276145.721
1860	100.000	-0.172	99.997	9.899	4.776	0.664	1785276145.903
1861	100.000	-0.200	99.997	8.880	4.751	0.664	1785276146.118
1862	100.000	0.258	99.996	6.372	4.779	0.664	1785276146.313
1863	100.000	-0.274	99.998	2.574	4.974	0.664	1785276146.543
1864	100.000	0.020	99.999	1.893	1.072	0.696	1785276146.731
1865	100.000	0.087	99.996	5.167	1.326	0.680	1785276146.916
1866	100.000	0.086	99.997	7.641	1.428	0.681	1785276147.101
1867	100.000	0.270	100.000	9.043	1.514	0.688	1785276147.285
1868	100.000	-0.106	100.000	9.253	1.575	0.686	1785276147.470
1869	100.000	-0.088	99.999	8.089	1.660	0.686	1785276147.668
1870	100.000	-0.159	99.999	5.217	1.761	0.691	1785276147.848
1871	100.000	-0.132	99.996	2.717	1.903	0.677	1785276148.033
1872	100.000	0.119	99.999	1.801	4.319	0.664	1785276148.235
1873	100.000	-0.135	99.999	4.774	4.677	0.664	1785276148.424
1874	100.000	-0.113	100.001	7.632	4.741	0.664	1785276148.614
1875	100.000	0.259	100.003	9.072	4.743	0.664	1785276148.817
1876	100.000	0.134	100.000	8.526	4.775	0.664	1785276149.032
1877	100.000	0.130	100.001	5.120	4.842	0.664	1785276149.242
1878	100.000	-0.156	100.001	1.805	5.148	0.664	1785276149.419
1879	100.000	-0.044	100.000	1.983	1.006	0.660	1785276149.605
1880	100.000	0.132	100.000	5.152	1.342	0.683	1785276149.798
1881	100.000	0.174	99.995	7.849	1.421	0.684	1785276149.995
1882	100.000	0.132	100.002	9.470	1.505	0.682	1785276150.187
1883	100.000	-0.033	100.001	9.257	1.588	0.685	1785276150.416
1884	100.000	-0.280	100.000	7.284	1.654	0.687	1785276150.591
1885	100.000	0.184	100.001	4.028	1.781	0.687	1785276150.798
1886	100.000	0.159	100.002	0.856	4.134	0.664	1785276150.975
1887	100.000	0.078	100.006	4.237	4.728	0.664	1785276151.147
1888	100.000	-0.117	100.000	7.126	4.789	0.664	1785276151.366
1889	100.000	-0.057	100.000	9.105	4.798	0.664	1785276151.553
1890	100.000	0.109	100.000	9.079	4.803	0.664	1785276151.738
1891	100.000	0.060	100.002	7.648	4.822	0.664	1785276151.913
1892	100.000	0.061	100.001	5.826	4.808	0.664	1785276152.112
1893	100.000	0.064	100.001	3.844	4.854	0.664	1785276152.311
1894	100.000	0.049	100.000	0.953	0.273	0.579	1785276152.472
1895	100.000	0.369	100.003	3.267	1.225	0.690	1785276152.666
1896	100.000	0.340	99.999	7.025	1.397	0.683	1785276152.876
1897	100.000	-0.290	100.002	9.497	1.488	0.682	1785276153.120
1898	100.000	0.114	99.995	9.552	1.589	0.680	1785276153.335
1899	100.000	-0.210	99.996	7.520	1.665	0.684	1785276153.559
1900	100.000	-0.259	99.997	3.949	1.841	0.682	1785276153.825
1901	100.000	-0.045	100.000	1.187	4.111	0.664	1785276154.043
1902	100.000	0.047	99.996	4.899	4.703	0.664	1785276154.254
1903	100.000	-0.237	100.001	7.651	4.728	0.664	1785276154.439
1904	100.000	0.131	99.998	9.096	4.719	0.664	1785276154.662
1905	100.000	-0.117	99.999	8.721	4.720	0.664	1785276154.884
1906	100.000	-0.326	100.002	5.993	4.759	0.664	1785276155.084
1907	100.000	-0.179	99.999	2.760	4.895	0.664	1785276155.260
1908	100.000	0.026	100.001	1.119	0.405	0.752	1785276155.440
1909	100.000	-0.069	100.000	4.475	1.299	0.685	1785276155.631
1910	100.000	-0.408	100.000	7.148	1.411	0.684	1785276155.810
1911	100.000	-0.220	100.000	9.081	1.501	0.680	1785276155.992
1912	100.000	0.095	99.995	9.385	1.542	0.687	1785276156.206
1913	100.000	-0.266	99.999	8.919	1.625	0.685	1785276156.370
1914	100.000	0.013	99.997	6.757	1.681	0.681	1785276156.577
1915	100.000	0.030	100.001	3.846	1.781	0.688	1785276156.772
1916	100.000	0.095	99.996	0.994	4.056	0.664	1785276157.008
1917	100.000	-0.030	100.003	4.484	4.704	0.664	1785276157.193
1918	100.000	0.283	100.002	7.660	4.761	0.664	1785276157.371
1919	100.000	0.348	100.003	9.074	4.798	0.664	1785276157.536
1920	100.000	0.096	100.007	9.179	4.775	0.664	1785276157.738
1921	100.000	-0.041	100.001	7.585	4.791	0.664	1785276157.925
1922	100.000	-0.156	100.000	4.202	4.895	0.664	1785276158.113
1923	100.000	-0.084	100.004	1.041	6.129	0.664	1785276158.303
1924	100.000	-0.193	100.001	3.920	1.290	0.682	1785276158.501
1925	100.000	0.557	99.996	6.793	1.406	0.689	1785276158.692
1926	100.000	0.161	100.000	9.114	1.497	0.682	1785276158.874
1927	100.000	-0.299	100.002	9.815	1.547	0.679	1785276159.071
1928	100.000	0.000	100.002	8.971	1.613	0.687	1785276159.258
1929	100.000	0.048	100.002	7.005	1.698	0.684	1785276159.463
1930	100.000	-0.072	100.000	3.366	1.860	0.686	1785276159.702
1931	100.000	0.137	99.999	1.691	4.418	0.664	1785276159.929
1932	100.000	-0.187	100.000	4.953	4.689	0.664	1785276160.141
1933	100.000	0.086	99.996	7.907	4.762	0.664	1785276160.366
1934	100.000	-0.111	99.994	9.467	4.733	0.664	1785276160.631
1935	100.000	0.431	100.001	8.684	4.722	0.664	1785276160.812
1936	100.000	0.218	99.999	6.526	4.750	0.664	1785276161.014
1937	100.000	-0.018	99.999	2.276	4.947	0.664	1785276161.209
1938	100.000	0.203	100.006	1.457	1.103	0.710	1785276161.386
1939	100.000	0.219	99.998	4.917	1.340	0.688	1785276161.562
1940	100.000	-0.027	99.997	8.491	1.463	0.684	1785276161.747
1941	100.000	-0.073	100.005	9.786	1.559	0.690	1785276161.927
1942	100.000	-0.139	100.000	9.474	1.630	0.682	1785276162.116
1943	100.000	0.199	100.000	7.844	1.692	0.676	1785276162.300
1944	100.000	0.119	100.005	4.510	1.807	0.675	1785276162.519
1945	100.000	-0.246	99.996	1.120	4.191	0.664	1785276162.760
1946	100.000	0.090	99.997	4.498	4.690	0.664	1785276162.935
1947	100.000	0.019	100.002	7.333	4.774	0.664	1785276163.122
1948	100.000	-0.075	99.994	9.236	4.783	0.664	1785276163.300
1949	100.000	-0.129	100.004	9.389	4.783	0.664	1785276163.493
1950	100.000	0.069	99.997	7.784	4.786	0.664	1785276163.679
1951	100.000	-0.035	100.001	5.015	4.808	0.664	1785276163.873
1952	100.000	0.203	100.005	1.805	5.023	0.664	1785276164.072
1953	100.000	-0.026	100.000	2.681	1.316	0.683	1785276164.263
1954	100.000	-0.144	99.998	6.396	1.424	0.676	1785276164.455
1955	100.000	0.033	100.000	8.755	1.478	0.677	1785276164.648
1956	100.000	0.024	99.994	9.486	1.557	0.683	1785276164.820
1957	100.000	0.005	100.001	9.553	1.601	0.679	1785276165.017
1958	100.000	-0.192	99.997	8.162	1.647	0.683	1785276165.197
1959	100.000	-0.086	100.000	5.900	1.730	0.684	1785276165.361
1960	100.000	-0.110	100.002	2.919	1.870	0.681	1785276165.552
1961	100.000	0.021	99.997	0.685	4.119	0.664	1785276165.740
1962	100.000	0.097	100.001	4.828	4.748	0.664	1785276165.956
1963	100.000	0.141	100.001	8.728	4.787	0.664	1785276166.198
1964	100.000	0.001	99.998	9.426	4.768	0.664	1785276166.377
1965	100.000	0.078	100.001	8.335	4.765	0.664	1785276166.575
1966	100.000	0.130	100.001	4.944	4.804	0.664	1785276166.811
1967	100.000	0.114	100.006	1.126	5.313	0.664	1785276166.991
1968	100.000	0.526	100.003	2.535	1.274	0.666	1785276167.185
1969	100.000	0.508	99.998	6.016	1.424	0.677	1785276167.363
1970	100.000	-0.021	99.996	8.503	1.482	0.686	1785276167.587
1971	100.000	-0.122	99.995	9.845	1.543	0.682	1785276167.821
1972	100.000	-0.395	99.998	8.873	1.615	0.685	1785276167.997
1973	100.000	0.132	100.000	6.758	1.708	0.687	1785276168.176
1974	100.000	0.158	100.001	3.823	1.794	0.687	1785276168.351
1975	100.000	0.209	99.998	0.532	2.408	0.531	1785276168.569
1976	100.000	-0.013	100.004	3.413	4.795	0.664	1785276168.757
1977	100.000	-0.169	99.995	6.098	4.781	0.664	1785276168.955
1978	100.000	0.132	99.997	8.222	4.789	0.664	1785276169.195
1979	100.000	0.414	100.002	9.165	4.769	0.664	1785276169.367
1980	100.000	0.215	99.999	7.383	4.762	0.664	1785276169.556
1981	100.000	0.045	100.001	4.544	4.802	0.664	1785276169.742
1982	100.000	-0.316	100.000	0.737	5.672	0.664	1785276169.948
1983	100.000	0.105	100.001	4.063	1.359	0.693	1785276170.207
1984	100.000	-0.032	99.998	7.466	1.475	0.693	1785276170.378
1985	100.000	-0.247	100.000	9.321	1.531	0.683	1785276170.584
1986	100.000	0.072	100.004	9.328	1.602	0.686	1785276170.824
1987	100.000	0.054	99.997	7.349	1.673	0.685	1785276171.073
1988	100.000	0.125	99.997	3.973	1.767	0.682	1785276171.252
1989	100.000	0.366	100.003	1.511	1.967	0.686	1785276171.453
1990	100.000	0.014	100.000	0.626	4.337	0.664	1785276171.672
1991	100.000	-0.130	100.001	3.718	4.768	0.664	1785276171.887
1992	100.000	-0.071	100.002	4.551	4.781	0.664	1785276172.139
1993	100.000	-0.041	99.999	4.599	4.790	0.664	1785276172.306
1994	100.000	0.220	99.999	4.290	4.784	0.664	1785276172.516
1995	100.000	0.084	100.001	4.461	4.782	0.664	1785276172.759
1996	100.000	0.150	99.998	4.694	4.785	0.664	1785276172.955
1997	100.000	0.018	100.001	4.547	4.778	0.664	1785276173.185
1998	100.000	0.190	100.001	4.356	4.798	0.664	1785276173.391
1999	100.000	0.178	99.997	4.556	4.780	0.664	1785276173.620
2000	100.000	0.210	99.998	4.658	4.832	0.664	1785276173.826
2001	100.000	-0.079	100.002	4.412	4.864	0.664	1785276173.995
2002	100.000	0.208	99.998	4.490	4.813	0.664	1785276174.194
2003	100.000	0.301	100.001	4.513	4.816	0.664	1785276174.370
2004	100.000	0.299	100.002	4.472	4.807	0.664	1785276174.560
2005	100.000	-0.131	100.000	4.570	4.764	0.664	1785276174.767
2006	100.000	0.048	99.998	4.424	4.750	0.664	1785276175.021
2007	100.000	0.252	100.003	4.497	4.758	0.664	1785276175.251
2008	100.000	0.193	99.999	4.688	4.791	0.664	1785276175.444
2009	100.000	-0.142	100.002	4.298	4.790	0.664	1785276175.624
2010	100.000	0.265	99.999	4.483	4.790	0.664	1785276175.820
2011	100.000	-0.261	100.005	4.273	4.790	0.664	1785276176.025
2012	100.000	-0.101	99.998	4.371	4.751	0.664	1785276176.202
2013	100.000	0.038	99.998	4.402	4.781	0.664	1785276176.438
2014	100.000	0.077	100.000	4.576	4.751	0.664	1785276176.666
2015	100.000	0.169	99.999	4.467	4.779	0.664	1785276176.868
2016	100.000	-0.222	99.997	4.361	4.824	0.664	1785276177.057
2017	100.000	-0.233	100.002	4.352	4.818	0.664	1785276177.243
2018	100.000	-0.035	100.000	4.713	4.782	0.664	1785276177.422
2019	100.000	0.043	100.001	4.495	4.790	0.664	1785276177.608
2020	100.000	-0.059	100.001	4.687	4.763	0.664	1785276177.801
2021	100.000	-0.142	99.995	4.410	4.752	0.664	1785276177.979
2022	100.000	-0.005	99.992	4.349	4.757	0.664	1785276178.179
2023	100.000	0.306	100.006	4.667	4.796	0.664	1785276178.372
2024	100.000	0.209	99.999	4.294	4.765	0.664	1785276178.567
2025	100.000	0.038	99.998	4.516	4.718	0.664	1785276178.744
2026	100.000	0.218	100.000	4.393	4.774	0.664	1785276178.926
2027	100.000	-0.224	100.002	4.259	4.793	0.664	1785276179.122
2028	100.000	0.036	99.999	4.624	4.760	0.664	1785276179.297
2029	100.000	-0.153	99.997	4.564	4.804	0.664	1785276179.476
2030	100.000	0.176	100.000	4.560	4.789	0.664	1785276179.669
2031	100.000	-0.225	99.998	4.431	4.784	0.664	1785276179.844
2032	100.000	0.006	99.998	4.616	4.758	0.664	1785276180.039
2033	100.000	-0.055	100.001	4.511	4.768	0.664	1785276180.235
2034	100.000	0.088	99.995	4.362	4.798	0.664	1785276180.425
2035	100.000	0.215	100.004	4.288	4.788	0.664	1785276180.628
2036	100.000	0.313	99.996	4.491	4.802	0.664	1785276180.860
2037	100.000	0.213	100.003	4.654	4.780	0.664	1785276181.030
2038	100.000	0.003	100.001	4.472	4.764	0.664	1785276181.232
2039	100.000	-0.371	100.001	4.701	4.805	0.664	1785276181.420
2040	100.000	0.145	100.002	4.525	4.788	0.664	1785276181.603
2041	100.000	0.032	100.003	4.889	4.742	0.664	1785276181.787
2042	100.000	-0.175	99.998	4.654	4.753	0.664	1785276181.987
2043	100.000	0.136	100.003	4.550	4.778	0.664	1785276182.166
2044	100.000	-0.013	100.001	4.669	4.782	0.664	1785276182.363
2045	100.000	-0.043	100.000	4.471	4.785	0.664	1785276182.550
2046	100.000	-0.135	100.002	4.689	4.774	0.664	1785276182.786
2047	100.000	-0.024	99.999	4.368	4.827	0.664	1785276182.972
2048	100.000	0.060	99.998	4.643	4.817	0.664	1785276183.156
2049	100.000	0.238	99.999	4.470	4.792	0.664	1785276183.342
2050	100.000	0.045	100.003	4.330	4.743	0.664	1785276183.542
2051	100.000	0.076	100.002	4.463	4.793	0.664	1785276183.741
2052	100.000	-0.353	100.001	4.439	4.790	0.664	1785276183.924
2053	100.000	-0.181	100.000	4.328	4.800	0.664	1785276184.113
2054	100.000	-0.068	100.004	4.329	4.790	0.664	1785276184.311
2055	100.000	0.099	99.998	4.730	4.748	0.664	1785276184.486
2056	100.000	-0.088	100.002	4.790	4.784	0.664	1785276184.668
2057	100.000	-0.269	100.001	4.591	4.787	0.664	1785276184.877
2058	100.000	0.192	100.005	4.534	4.775	0.664	1785276185.107
2059	100.000	-0.048	99.998	4.742	4.764	0.664	1785276185.307
2060	100.000	0.279	99.999	4.209	4.807	0.664	1785276185.513
2061	100.000	-0.085	100.003	4.472	4.784	0.664	1785276185.723
