Point No.	Frequency Set (GHz)	THz Photocurrent (nA)	Frequency Act (GHz)	Amplitude (via StrMod)	Phase (via StrMod)	Frequency Fit	Timestamp (s)
1	100.000	-0.134	99.999	9.124	1.989	0.681	1785285494.402
2	100.000	-0.392	99.996	9.005	2.339	0.681	1785285494.586
3	100.000	0.098	100.003	8.577	2.810	0.697	1785285494.780
4	100.000	-0.449	99.999	8.649	3.209	0.664	1785285494.988
5	100.000	-0.115	100.001	8.653	3.593	0.664	1785285495.167
6	100.000	0.221	99.999	8.346	4.035	0.664	1785285495.378
7	100.000	0.218	100.000	8.026	4.550	0.664	1785285495.555
8	100.000	0.257	99.999	8.204	5.048	0.664	1785285495.744
9	100.000	-0.024	99.995	8.585	5.480	0.664	1785285495.936
10	100.000	-0.147	99.997	9.048	5.906	0.664	1785285496.115
11	100.000	-0.198	99.999	9.398	0.028	0.664	1785285496.304
12	100.000	-0.043	100.003	9.902	0.403	0.672	1785285496.491
13	100.000	0.285	100.001	9.823	0.743	0.671	1785285496.671
14	100.000	-0.075	100.003	9.813	1.070	0.681	1785285496.881
15	100.000	0.339	100.001	9.621	1.447	0.686	1785285497.064
16	100.000	-0.009	100.000	9.449	1.857	0.683	1785285497.273
17	100.000	-0.180	100.001	9.152	2.256	0.683	1785285497.456
18	100.000	-0.111	100.000	8.895	2.666	0.686	1785285497.647
19	100.000	-0.015	100.000	8.688	3.056	0.691	1785285497.839
20	100.000	-0.261	100.002	8.539	3.466	0.664	1785285498.008
21	100.000	0.085	100.000	8.312	3.849	0.664	1785285498.180
22	100.000	0.158	99.997	8.122	4.335	0.664	1785285498.372
23	100.000	0.265	99.997	8.338	4.785	0.664	1785285498.579
24	100.000	0.037	100.000	8.299	5.261	0.664	1785285498.766
25	100.000	0.082	100.001	8.907	5.720	0.664	1785285498.944
26	100.000	-0.001	100.002	9.105	6.114	0.664	1785285499.114
27	100.000	-0.197	100.002	9.446	0.140	0.676	1785285499.335
28	100.000	0.163	100.001	9.850	0.540	0.676	1785285499.532
29	100.000	-0.231	100.000	9.743	0.884	0.686	1785285499.706
30	100.000	0.257	99.999	9.660	1.268	0.685	1785285499.886
31	100.000	-0.288	100.002	9.542	1.649	0.688	1785285500.083
32	100.000	-0.083	99.997	9.036	1.993	0.691	1785285500.261
33	100.000	-0.037	99.998	8.940	2.427	0.684	1785285500.451
34	100.000	-0.080	100.000	8.531	2.872	0.680	1785285500.633
35	100.000	-0.029	99.996	8.438	3.283	0.664	1785285500.826
36	100.000	0.243	100.000	8.243	3.640	0.664	1785285500.988
37	100.000	-0.081	100.003	8.025	4.016	0.664	1785285501.147
38	100.000	0.338	100.006	7.930	4.452	0.664	1785285501.335
39	100.000	-0.220	99.997	8.025	4.903	0.664	1785285501.539
40	100.000	-0.044	100.000	8.417	5.413	0.664	1785285501.700
41	100.000	0.061	100.003	8.941	5.797	0.664	1785285501.899
42	100.000	0.322	100.001	9.376	6.164	0.664	1785285502.073
43	100.000	-0.204	100.003	9.618	0.252	0.673	1785285502.282
44	100.000	-0.543	100.001	9.838	0.641	0.673	1785285502.456
45	100.000	-0.088	100.001	9.769	0.943	0.685	1785285502.672
46	100.000	-0.182	99.999	9.842	1.314	0.683	1785285502.874
47	100.000	-0.060	100.002	9.435	1.758	0.683	1785285503.050
48	100.000	0.248	99.998	9.227	2.119	0.683	1785285503.260
49	100.000	-0.122	100.001	8.600	2.631	0.687	1785285503.485
50	100.000	-0.285	99.998	8.479	3.090	0.680	1785285503.652
51	100.000	-0.016	100.002	8.396	3.482	0.664	1785285503.844
52	100.000	0.284	100.002	8.064	3.921	0.664	1785285504.007
53	100.000	-0.323	100.001	8.116	4.376	0.664	1785285504.216
54	100.000	-0.105	100.000	8.093	4.846	0.664	1785285504.418
55	100.000	0.317	100.000	8.243	5.331	0.664	1785285504.586
56	100.000	-0.065	99.999	8.684	5.690	0.664	1785285504.790
57	100.000	0.111	100.001	9.198	6.160	0.664	1785285504.970
58	100.000	0.092	100.002	9.680	0.257	0.664	1785285505.160
59	100.000	-0.144	99.998	9.922	0.609	0.685	1785285505.353
60	100.000	0.517	100.000	9.876	0.959	0.685	1785285505.542
61	100.000	-0.184	100.001	9.930	1.267	0.683	1785285505.707
62	100.000	0.321	100.001	9.857	1.596	0.684	1785285505.890
63	100.000	-0.099	99.998	9.467	1.972	0.689	1785285506.080
64	100.000	0.072	99.997	8.980	2.372	0.681	1785285506.287
65	100.000	0.166	100.000	8.559	2.821	0.687	1785285506.482
66	100.000	-0.012	100.000	8.517	3.197	0.672	1785285506.664
67	100.000	0.256	99.997	8.268	3.656	0.664	1785285506.840
68	100.000	-0.066	99.996	7.814	4.080	0.664	1785285507.042
69	100.000	-0.102	100.002	7.837	4.533	0.664	1785285507.229
70	100.000	0.028	99.998	8.029	5.081	0.664	1785285507.446
71	100.000	-0.184	100.000	8.459	5.578	0.664	1785285507.668
72	100.000	0.149	100.005	8.968	6.090	0.664	1785285507.881
73	100.000	-0.197	99.998	9.558	0.186	0.682	1785285508.078
74	100.000	0.076	100.000	9.740	0.566	0.679	1785285508.267
75	100.000	0.154	100.004	9.850	0.914	0.684	1785285508.455
76	100.000	-0.076	99.997	9.754	1.256	0.681	1785285508.643
77	100.000	-0.151	99.998	9.580	1.619	0.685	1785285508.831
78	100.000	0.143	100.000	9.448	2.004	0.682	1785285509.016
79	100.000	0.075	100.000	9.029	2.390	0.685	1785285509.208
80	100.000	0.214	99.998	8.465	2.826	0.697	1785285509.395
81	100.000	0.261	99.999	8.373	3.278	0.664	1785285509.564
82	100.000	-0.027	99.998	8.270	3.638	0.664	1785285509.772
83	100.000	-0.027	99.998	7.828	4.110	0.664	1785285509.951
84	100.000	-0.263	100.004	7.620	4.562	0.664	1785285510.152
85	100.000	0.200	99.999	7.935	5.055	0.664	1785285510.329
86	100.000	0.212	99.998	8.316	5.505	0.664	1785285510.523
87	100.000	-0.231	100.001	8.650	5.920	0.664	1785285510.707
88	100.000	0.454	100.002	9.043	0.025	0.664	1785285510.887
89	100.000	0.137	100.001	9.449	0.379	0.675	1785285511.094
90	100.000	-0.126	99.998	9.778	0.738	0.680	1785285511.260
91	100.000	-0.168	99.998	9.887	1.078	0.680	1785285511.440
92	100.000	0.370	99.997	9.838	1.413	0.682	1785285511.629
93	100.000	0.251	100.001	9.614	1.771	0.685	1785285511.813
94	100.000	-0.009	100.000	9.193	2.164	0.681	1785285512.002
95	100.000	-0.017	100.000	8.844	2.592	0.694	1785285512.202
96	100.000	0.069	100.004	8.412	3.023	0.693	1785285512.398
97	100.000	-0.432	99.999	8.267	3.451	0.664	1785285512.583
98	100.000	0.032	100.002	7.832	3.846	0.664	1785285512.762
99	100.000	-0.013	99.999	7.852	4.330	0.664	1785285512.958
100	100.000	-0.175	99.999	7.712	4.803	0.664	1785285513.149
101	100.000	-0.467	99.997	7.892	5.270	0.664	1785285513.330
102	100.000	0.041	99.999	8.486	5.661	0.664	1785285513.509
103	100.000	-0.269	100.000	8.898	6.113	0.664	1785285513.715
104	100.000	0.229	100.004	9.271	0.192	0.668	1785285513.903
105	100.000	-0.166	100.000	9.564	0.533	0.680	1785285514.082
106	100.000	0.238	100.000	9.679	0.870	0.681	1785285514.264
107	100.000	-0.287	99.993	9.513	1.249	0.685	1785285514.463
108	100.000	-0.242	100.002	9.740	1.639	0.683	1785285514.661
109	100.000	0.240	100.003	9.362	2.042	0.686	1785285514.865
110	100.000	0.257	100.002	9.097	2.391	0.686	1785285515.035
111	100.000	0.246	99.998	8.534	2.846	0.689	1785285515.226
112	100.000	-0.199	99.998	8.250	3.236	0.664	1785285515.412
113	100.000	0.001	100.000	8.109	3.680	0.664	1785285515.599
114	100.000	0.194	99.999	8.044	4.084	0.664	1785285515.775
115	100.000	-0.305	99.997	7.814	4.522	0.664	1785285515.958
116	100.000	0.045	99.997	7.746	4.917	0.664	1785285516.099
117	100.000	-0.282	99.999	8.157	5.396	0.664	1785285516.304
118	100.000	-0.164	99.998	8.566	5.788	0.664	1785285516.497
119	100.000	-0.071	100.004	8.981	6.204	0.664	1785285516.649
120	100.000	-0.115	99.997	9.084	0.203	0.674	1785285516.843
121	100.000	0.005	99.999	9.482	0.609	0.679	1785285517.024
122	100.000	0.019	100.002	9.613	0.962	0.680	1785285517.228
123	100.000	0.052	99.997	9.425	1.319	0.682	1785285517.400
124	100.000	0.182	100.000	9.731	1.700	0.682	1785285517.612
125	100.000	0.046	99.997	9.242	2.090	0.686	1785285517.820
126	100.000	0.046	100.000	9.089	2.512	0.678	1785285517.997
127	100.000	-0.023	100.006	8.739	2.923	0.678	1785285518.178
128	100.000	0.052	100.005	8.742	3.271	0.666	1785285518.367
129	100.000	0.038	99.998	8.157	3.756	0.664	1785285518.546
130	100.000	-0.033	100.001	7.812	4.200	0.664	1785285518.722
131	100.000	0.012	100.001	7.795	4.618	0.664	1785285518.915
132	100.000	-0.085	100.001	7.899	5.056	0.664	1785285519.099
133	100.000	-0.005	100.002	8.154	5.506	0.664	1785285519.283
134	100.000	0.025	99.996	8.742	5.920	0.664	1785285519.501
135	100.000	-0.033	99.999	8.965	0.035	0.669	1785285519.681
136	100.000	0.031	100.000	9.401	0.436	0.677	1785285519.877
137	100.000	0.018	99.999	9.648	0.820	0.688	1785285520.084
138	100.000	-0.122	100.002	9.907	1.190	0.682	1785285520.251
139	100.000	0.124	100.005	9.753	1.516	0.685	1785285520.443
140	100.000	0.099	100.000	9.336	1.957	0.688	1785285520.657
141	100.000	0.050	100.002	9.104	2.328	0.683	1785285520.824
142	100.000	0.256	99.995	8.836	2.714	0.675	1785285521.005
143	100.000	-0.209	99.995	8.559	3.116	0.664	1785285521.182
144	100.000	0.159	99.996	8.246	3.454	0.664	1785285521.365
145	100.000	-0.014	99.996	7.815	3.889	0.664	1785285521.547
146	100.000	-0.220	99.999	7.900	4.334	0.664	1785285521.742
147	100.000	-0.102	100.004	7.740	4.852	0.664	1785285521.944
148	100.000	-0.065	100.002	8.068	5.307	0.664	1785285522.141
149	100.000	-0.188	99.998	8.322	5.742	0.664	1785285522.331
150	100.000	-0.117	100.005	8.968	6.168	0.664	1785285522.518
151	100.000	-0.217	99.998	9.313	0.274	0.674	1785285522.749
152	100.000	-0.162	99.996	9.494	0.656	0.682	1785285522.929
153	100.000	-0.124	99.997	9.511	1.012	0.685	1785285523.112
154	100.000	-0.098	99.998	9.557	1.417	0.683	1785285523.313
155	100.000	0.179	100.001	9.269	1.789	0.687	1785285523.495
156	100.000	0.004	100.001	9.141	2.173	0.687	1785285523.704
157	100.000	-0.312	99.998	8.707	2.591	0.682	1785285523.895
158	100.000	-0.087	100.002	8.389	3.122	0.678	1785285524.149
159	100.000	-0.237	99.999	8.045	3.708	0.664	1785285524.393
160	100.000	-0.105	99.999	7.766	4.267	0.664	1785285524.636
161	100.000	-0.289	99.999	7.515	4.804	0.664	1785285524.818
162	100.000	-0.039	99.999	7.961	5.294	0.664	1785285525.011
163	100.000	0.047	100.002	8.472	5.657	0.664	1785285525.188
164	100.000	-0.319	100.000	8.935	6.031	0.664	1785285525.371
165	100.000	0.093	99.999	9.160	0.108	0.677	1785285525.549
166	100.000	0.257	99.999	9.416	0.449	0.681	1785285525.752
167	100.000	0.174	100.002	9.813	0.812	0.681	1785285525.913
168	100.000	0.255	100.003	9.658	1.141	0.685	1785285526.108
169	100.000	-0.035	99.996	9.569	1.536	0.684	1785285526.326
170	100.000	-0.079	100.001	9.501	1.907	0.683	1785285526.499
171	100.000	0.343	100.001	9.098	2.315	0.686	1785285526.703
172	100.000	-0.385	100.002	8.668	2.739	0.696	1785285526.881
173	100.000	0.346	100.001	8.466	3.141	0.664	1785285527.065
174	100.000	0.348	100.001	8.236	3.544	0.664	1785285527.257
175	100.000	-0.488	99.999	7.626	3.977	0.664	1785285527.435
176	100.000	0.146	99.999	7.610	4.490	0.664	1785285527.640
177	100.000	-0.019	99.999	7.870	4.959	0.664	1785285527.812
178	100.000	0.107	100.000	8.140	5.357	0.664	1785285527.979
179	100.000	0.130	99.998	8.457	5.746	0.664	1785285528.181
180	100.000	0.213	100.001	8.921	6.230	0.664	1785285528.434
181	100.000	-0.542	100.000	9.386	0.362	0.673	1785285528.623
182	100.000	0.077	100.003	9.639	0.721	0.681	1785285528.822
183	100.000	0.231	99.999	9.942	1.112	0.680	1785285528.992
184	100.000	0.067	100.003	9.740	1.422	0.685	1785285529.194
185	100.000	0.151	99.999	9.251	1.816	0.688	1785285529.384
186	100.000	-0.187	100.000	9.371	2.200	0.678	1785285529.572
187	100.000	-0.475	100.006	8.900	2.588	0.684	1785285529.753
188	100.000	0.083	100.000	8.576	2.986	0.664	1785285529.937
189	100.000	0.118	99.997	8.271	3.459	0.664	1785285530.127
190	100.000	-0.154	99.998	7.966	3.876	0.664	1785285530.317
191	100.000	-0.308	99.994	7.455	4.304	0.664	1785285530.509
192	100.000	-0.084	99.997	7.589	4.788	0.664	1785285530.681
193	100.000	0.045	100.002	7.814	5.265	0.664	1785285530.885
194	100.000	0.159	100.002	8.356	5.666	0.664	1785285531.084
195	100.000	-0.162	100.000	8.947	6.195	0.664	1785285531.310
196	100.000	-0.194	100.003	9.300	0.265	0.682	1785285531.492
197	100.000	-0.176	100.000	9.638	0.642	0.683	1785285531.682
198	100.000	-0.294	99.994	9.755	0.976	0.687	1785285531.873
199	100.000	-0.073	99.999	9.865	1.326	0.680	1785285532.071
200	100.000	-0.082	99.997	9.751	1.723	0.683	1785285532.258
201	100.000	-0.131	99.998	9.135	2.113	0.693	1785285532.447
202	100.000	-0.109	100.003	9.149	2.483	0.675	1785285532.634
203	100.000	-0.024	100.000	8.736	2.893	0.686	1785285532.818
204	100.000	-0.157	100.001	8.344	3.308	0.664	1785285532.995
205	100.000	0.314	99.998	7.853	3.704	0.664	1785285533.199
206	100.000	-0.293	100.000	7.720	4.171	0.664	1785285533.369
207	100.000	0.243	100.003	7.413	4.642	0.664	1785285533.567
208	100.000	-0.082	99.999	7.660	5.188	0.664	1785285533.823
209	100.000	-0.230	100.003	8.205	5.701	0.664	1785285534.011
210	100.000	0.234	99.996	8.660	6.128	0.664	1785285534.202
211	100.000	-0.106	100.001	9.277	0.250	0.673	1785285534.436
212	100.000	0.085	100.001	9.606	0.615	0.685	1785285534.614
213	100.000	0.243	100.004	9.797	0.982	0.685	1785285534.828
214	100.000	0.529	99.996	9.692	1.377	0.683	1785285535.017
215	100.000	0.011	100.002	9.567	1.781	0.684	1785285535.256
216	100.000	0.097	99.999	9.200	2.231	0.685	1785285535.468
217	100.000	0.075	99.996	8.486	2.704	0.700	1785285535.662
218	100.000	0.012	100.001	8.203	3.164	0.664	1785285535.870
219	100.000	0.102	100.004	7.910	3.589	0.664	1785285536.069
220	100.000	-0.075	100.003	7.550	4.075	0.664	1785285536.262
221	100.000	-0.015	99.997	7.725	4.535	0.664	1785285536.448
222	100.000	-0.400	100.001	7.587	5.006	0.664	1785285536.635
223	100.000	0.197	100.000	8.111	5.429	0.664	1785285536.813
224	100.000	-0.043	100.005	8.419	5.902	0.664	1785285537.013
225	100.000	0.126	100.001	9.062	0.018	0.664	1785285537.239
226	100.000	-0.130	99.995	9.563	0.426	0.673	1785285537.445
227	100.000	-0.033	99.999	9.746	0.771	0.683	1785285537.627
228	100.000	-0.429	100.001	9.996	1.133	0.686	1785285537.804
229	100.000	-0.471	100.000	9.734	1.515	0.685	1785285538.030
230	100.000	0.223	100.000	9.415	1.954	0.683	1785285538.249
231	100.000	0.242	99.997	9.047	2.383	0.686	1785285538.457
232	100.000	-0.104	100.002	8.472	2.891	0.682	1785285538.718
233	100.000	-0.357	99.998	7.930	3.464	0.664	1785285538.944
234	100.000	0.112	100.001	7.305	3.863	0.664	1785285539.119
235	100.000	-0.070	99.997	7.372	4.377	0.664	1785285539.319
236	100.000	-0.177	100.004	7.508	4.921	0.664	1785285539.504
237	100.000	-0.048	100.000	7.861	5.353	0.664	1785285539.701
238	100.000	0.205	100.004	8.387	5.807	0.664	1785285539.885
239	100.000	-0.086	99.999	8.938	6.165	0.664	1785285540.053
240	100.000	0.576	100.000	9.195	0.186	0.679	1785285540.266
241	100.000	-0.427	99.998	9.706	0.580	0.680	1785285540.461
242	100.000	0.156	100.000	9.744	0.905	0.673	1785285540.630
243	100.000	-0.091	99.998	9.691	1.279	0.686	1785285540.802
244	100.000	-0.019	100.002	9.453	1.602	0.687	1785285541.016
245	100.000	-0.123	99.999	9.388	2.004	0.683	1785285541.190
246	100.000	0.036	100.001	8.931	2.397	0.695	1785285541.383
247	100.000	-0.256	99.999	8.696	2.804	0.680	1785285541.548
248	100.000	-0.068	99.999	8.392	3.218	0.675	1785285541.735
249	100.000	0.229	99.998	8.111	3.562	0.664	1785285541.915
250	100.000	0.049	99.999	7.624	4.063	0.664	1785285542.104
251	100.000	0.158	100.001	7.390	4.527	0.664	1785285542.327
252	100.000	-0.092	99.995	7.739	5.029	0.664	1785285542.513
253	100.000	-0.277	99.999	8.162	5.554	0.664	1785285542.736
254	100.000	0.009	100.002	8.869	6.003	0.664	1785285542.935
255	100.000	0.052	99.998	9.479	0.057	0.664	1785285543.109
256	100.000	0.330	100.002	9.640	0.434	0.683	1785285543.299
257	100.000	-0.357	99.998	9.984	0.749	0.676	1785285543.486
258	100.000	0.056	99.993	10.050	1.137	0.683	1785285543.687
259	100.000	-0.115	100.001	9.786	1.482	0.688	1785285543.871
260	100.000	0.378	100.003	9.734	1.842	0.683	1785285544.058
261	100.000	0.001	100.004	9.203	2.207	0.685	1785285544.262
262	100.000	-0.042	99.998	8.718	2.666	0.697	1785285544.438
263	100.000	-0.039	100.001	8.258	3.145	0.665	1785285544.643
264	100.000	0.025	99.998	8.193	3.506	0.664	1785285544.803
265	100.000	-0.003	99.999	7.865	3.966	0.664	1785285545.029
266	100.000	0.081	99.999	7.680	4.454	0.664	1785285545.210
267	100.000	-0.138	100.000	7.698	4.956	0.664	1785285545.452
268	100.000	-0.052	100.001	8.168	5.475	0.664	1785285545.642
269	100.000	-0.242	99.997	8.625	5.898	0.664	1785285545.832
270	100.000	0.162	99.996	9.078	0.008	0.666	1785285546.023
271	100.000	-0.002	100.002	9.446	0.356	0.677	1785285546.224
272	100.000	-0.273	100.003	9.594	0.742	0.685	1785285546.432
273	100.000	0.028	100.000	9.856	1.124	0.682	1785285546.630
274	100.000	0.258	100.002	9.473	1.560	0.688	1785285546.898
275	100.000	0.071	100.002	9.198	2.093	0.681	1785285547.127
276	100.000	0.161	99.998	8.756	2.534	0.690	1785285547.311
277	100.000	-0.295	100.002	8.412	2.925	0.674	1785285547.505
278	100.000	0.172	100.002	8.352	3.406	0.666	1785285547.684
279	100.000	0.058	100.002	7.922	3.812	0.664	1785285547.890
280	100.000	-0.234	99.997	7.459	4.318	0.664	1785285548.078
281	100.000	-0.174	99.994	7.684	4.796	0.664	1785285548.255
282	100.000	0.071	99.999	7.898	5.192	0.664	1785285548.464
283	100.000	-0.248	100.000	8.267	5.753	0.664	1785285548.677
284	100.000	0.109	100.002	8.774	6.163	0.664	1785285548.875
285	100.000	0.197	100.001	9.203	0.229	0.685	1785285549.056
286	100.000	-0.406	100.001	9.513	0.609	0.684	1785285549.233
287	100.000	-0.138	100.001	9.771	0.957	0.681	1785285549.435
288	100.000	0.262	99.997	9.689	1.290	0.682	1785285549.617
289	100.000	0.187	99.996	9.545	1.649	0.680	1785285549.850
290	100.000	0.031	100.000	9.031	2.155	0.686	1785285550.083
291	100.000	0.257	99.999	8.554	2.636	0.686	1785285550.315
292	100.000	-0.024	100.004	8.190	3.109	0.672	1785285550.516
293	100.000	-0.123	100.001	7.834	3.579	0.664	1785285550.705
294	100.000	0.222	100.000	7.568	4.110	0.664	1785285550.953
295	100.000	-0.446	100.003	7.437	4.695	0.664	1785285551.198
296	100.000	0.191	99.996	7.806	5.229	0.664	1785285551.373
297	100.000	0.081	99.997	8.214	5.663	0.664	1785285551.554
298	100.000	0.441	99.997	8.538	5.998	0.664	1785285551.757
299	100.000	0.255	99.999	9.021	0.152	0.665	1785285551.953
300	100.000	-0.298	100.003	9.413	0.469	0.679	1785285552.122
301	100.000	-0.273	100.000	9.567	0.820	0.685	1785285552.305
302	100.000	-0.620	99.999	9.567	1.194	0.683	1785285552.501
303	100.000	0.062	99.999	9.441	1.572	0.686	1785285552.705
304	100.000	0.049	99.998	9.124	1.999	0.686	1785285552.952
305	100.000	0.213	99.999	8.651	2.469	0.691	1785285553.148
306	100.000	0.131	100.000	8.233	2.952	0.684	1785285553.390
307	100.000	0.153	100.000	7.979	3.412	0.664	1785285553.548
308	100.000	0.378	100.002	7.825	3.838	0.664	1785285553.740
309	100.000	-0.002	100.002	7.490	4.310	0.664	1785285553.925
310	100.000	0.061	99.996	7.299	4.766	0.664	1785285554.128
311	100.000	-0.085	99.996	7.994	5.252	0.664	1785285554.315
312	100.000	-0.036	100.002	8.265	5.675	0.664	1785285554.495
313	100.000	0.298	99.999	8.552	6.046	0.664	1785285554.693
314	100.000	-0.013	99.998	9.000	0.149	0.673	1785285554.890
315	100.000	-0.092	99.999	9.204	0.490	0.672	1785285555.068
316	100.000	-0.028	99.997	9.316	0.831	0.684	1785285555.262
317	100.000	0.340	99.999	9.650	1.205	0.679	1785285555.454
318	100.000	0.420	100.001	9.581	1.545	0.680	1785285555.627
319	100.000	-0.015	100.003	9.107	1.928	0.684	1785285555.817
320	100.000	0.282	100.000	8.583	2.315	0.684	1785285556.016
321	100.000	-0.080	99.998	8.206	2.787	0.685	1785285556.193
322	100.000	-0.134	100.001	8.149	3.139	0.668	1785285556.367
323	100.000	0.325	100.003	7.835	3.562	0.664	1785285556.527
324	100.000	0.437	100.000	7.520	3.968	0.664	1785285556.732
325	100.000	0.308	99.999	7.278	4.526	0.664	1785285556.964
326	100.000	0.080	99.997	7.594	5.060	0.664	1785285557.209
327	100.000	-0.526	99.994	7.825	5.585	0.664	1785285557.385
328	100.000	0.291	100.003	8.499	5.959	0.664	1785285557.559
329	100.000	0.060	100.002	8.889	0.047	0.669	1785285557.738
330	100.000	-0.106	99.999	9.081	0.377	0.685	1785285557.948
331	100.000	0.183	100.002	9.421	0.843	0.680	1785285558.205
332	100.000	-0.133	100.002	9.433	1.280	0.684	1785285558.418
333	100.000	0.231	99.999	9.103	1.663	0.683	1785285558.613
334	100.000	-0.077	100.001	8.812	2.036	0.681	1785285558.820
335	100.000	-0.087	100.002	8.109	2.479	0.693	1785285559.011
336	100.000	-0.078	100.001	7.980	2.905	0.697	1785285559.206
337	100.000	0.207	100.004	7.595	3.418	0.664	1785285559.433
338	100.000	0.144	100.001	7.650	3.966	0.664	1785285559.638
339	100.000	0.029	100.000	7.414	4.486	0.664	1785285559.875
340	100.000	-0.201	100.001	7.467	5.056	0.664	1785285560.069
341	100.000	-0.156	100.003	7.639	5.521	0.664	1785285560.256
342	100.000	-0.189	100.002	8.445	5.881	0.664	1785285560.429
343	100.000	0.038	99.996	8.762	6.222	0.664	1785285560.655
344	100.000	-0.152	100.004	9.118	0.457	0.678	1785285560.891
345	100.000	-0.029	100.002	9.430	0.807	0.681	1785285561.068
346	100.000	-0.116	100.001	9.362	1.138	0.682	1785285561.249
347	100.000	0.259	99.998	9.292	1.556	0.684	1785285561.501
348	100.000	0.138	99.996	8.940	1.971	0.687	1785285561.700
349	100.000	-0.004	100.006	8.448	2.386	0.691	1785285561.892
350	100.000	-0.061	99.998	8.082	2.833	0.684	1785285562.051
351	100.000	0.035	100.001	7.825	3.231	0.664	1785285562.254
352	100.000	-0.136	100.003	7.526	3.674	0.664	1785285562.421
353	100.000	0.052	99.998	7.288	4.110	0.664	1785285562.619
354	100.000	0.203	100.003	7.099	4.549	0.664	1785285562.786
355	100.000	-0.215	100.001	7.274	5.048	0.664	1785285562.990
356	100.000	0.259	100.003	7.941	5.512	0.664	1785285563.193
357	100.000	-0.217	99.999	8.483	5.930	0.664	1785285563.366
358	100.000	-0.266	100.000	8.824	0.005	0.664	1785285563.579
359	100.000	0.355	99.999	9.009	0.400	0.677	1785285563.818
360	100.000	0.340	99.999	9.358	0.806	0.677	1785285563.992
361	100.000	-0.223	99.994	9.371	1.192	0.681	1785285564.193
362	100.000	0.039	100.000	9.067	1.514	0.682	1785285564.370
363	100.000	0.167	100.004	8.977	1.880	0.680	1785285564.557
364	100.000	-0.121	99.998	8.568	2.272	0.698	1785285564.764
365	100.000	0.464	99.998	8.096	2.723	0.689	1785285564.962
366	100.000	-0.010	99.998	7.776	3.240	0.664	1785285565.215
367	100.000	0.258	99.999	7.584	3.794	0.664	1785285565.378
368	100.000	-0.027	100.002	7.654	4.199	0.664	1785285565.557
369	100.000	-0.318	100.005	7.241	4.650	0.664	1785285565.758
370	100.000	-0.094	99.997	7.566	5.132	0.664	1785285566.006
371	100.000	-0.058	100.003	8.026	5.657	0.664	1785285566.197
372	100.000	-0.219	99.998	8.457	6.051	0.664	1785285566.372
373	100.000	-0.024	100.001	8.957	0.136	0.664	1785285566.563
374	100.000	0.136	100.002	9.128	0.488	0.675	1785285566.766
375	100.000	-0.039	99.999	9.167	0.876	0.680	1785285566.937
376	100.000	0.092	100.004	9.153	1.180	0.685	1785285567.130
377	100.000	0.240	100.004	9.123	1.540	0.685	1785285567.293
378	100.000	0.008	100.001	8.612	1.898	0.687	1785285567.497
379	100.000	-0.069	100.000	8.370	2.355	0.690	1785285567.763
380	100.000	-0.239	100.001	7.957	2.877	0.692	1785285567.935
381	100.000	-0.300	100.004	7.631	3.331	0.664	1785285568.123
382	100.000	0.080	99.998	7.173	3.748	0.664	1785285568.299
383	100.000	-0.013	99.996	7.049	4.189	0.664	1785285568.506
384	100.000	-0.124	100.000	7.076	4.681	0.664	1785285568.690
385	100.000	0.162	99.997	7.243	5.148	0.664	1785285568.853
386	100.000	0.251	100.003	7.698	5.529	0.664	1785285569.066
387	100.000	-0.376	99.998	8.267	6.037	0.664	1785285569.318
388	100.000	-0.020	100.001	8.681	0.206	0.679	1785285569.513
389	100.000	-0.141	100.002	8.721	0.538	0.687	1785285569.706
390	100.000	-0.085	99.999	8.935	0.876	0.681	1785285569.885
391	100.000	-0.136	99.999	8.956	1.232	0.682	1785285570.072
392	100.000	0.144	100.000	8.722	1.579	0.686	1785285570.241
393	100.000	-0.032	99.999	8.336	1.955	0.693	1785285570.448
394	100.000	0.383	100.000	7.970	2.396	0.697	1785285570.628
395	100.000	-0.122	100.005	7.879	2.813	0.691	1785285570.810
396	100.000	-0.107	100.003	7.582	3.190	0.664	1785285570.988
397	100.000	-0.753	99.997	7.550	3.612	0.664	1785285571.160
398	100.000	-0.114	100.003	7.354	4.033	0.664	1785285571.357
399	100.000	-0.368	100.003	7.102	4.521	0.664	1785285571.522
400	100.000	0.118	100.000	7.456	4.965	0.664	1785285571.734
401	100.000	-0.247	100.001	7.602	5.439	0.664	1785285571.963
402	100.000	-0.206	99.997	8.255	5.970	0.664	1785285572.175
403	100.000	-0.184	100.002	8.562	0.086	0.671	1785285572.368
404	100.000	-0.027	100.002	8.642	0.424	0.684	1785285572.550
405	100.000	-0.537	100.002	9.085	0.797	0.680	1785285572.739
406	100.000	0.292	100.002	8.735	1.151	0.687	1785285572.949
407	100.000	0.217	100.001	8.846	1.525	0.685	1785285573.140
408	100.000	0.000	100.000	8.444	1.875	0.686	1785285573.305
409	100.000	-0.058	99.999	8.191	2.246	0.690	1785285573.476
410	100.000	0.001	100.002	7.932	2.643	0.687	1785285573.699
411	100.000	0.185	99.994	7.736	3.117	0.667	1785285573.873
412	100.000	0.015	99.998	7.634	3.552	0.664	1785285574.059
413	100.000	0.008	100.006	7.362	4.030	0.664	1785285574.267
414	100.000	0.122	99.998	7.061	4.538	0.664	1785285574.503
415	100.000	-0.003	100.003	7.444	5.066	0.664	1785285574.697
416	100.000	0.597	100.000	7.595	5.509	0.664	1785285574.887
417	100.000	-0.089	99.999	8.128	5.918	0.664	1785285575.068
418	100.000	-0.083	100.006	8.674	6.273	0.666	1785285575.261
419	100.000	0.074	100.002	8.861	0.383	0.677	1785285575.463
420	100.000	0.139	100.001	9.112	0.770	0.678	1785285575.667
421	100.000	-0.224	100.001	8.921	1.141	0.678	1785285575.846
422	100.000	0.002	100.002	8.972	1.478	0.684	1785285576.028
423	100.000	0.334	100.000	8.414	1.837	0.684	1785285576.224
424	100.000	0.239	99.999	8.211	2.314	0.689	1785285576.483
425	100.000	-0.164	100.004	7.881	2.824	0.693	1785285576.720
426	100.000	-0.180	100.000	7.553	3.311	0.664	1785285576.905
427	100.000	0.081	100.001	7.390	3.742	0.664	1785285577.082
428	100.000	0.313	100.000	7.094	4.236	0.664	1785285577.270
429	100.000	0.405	99.998	6.847	4.683	0.664	1785285577.467
430	100.000	0.111	100.000	7.200	5.153	0.664	1785285577.662
431	100.000	-0.363	100.001	7.810	5.576	0.664	1785285577.846
432	100.000	-0.080	100.002	8.179	5.948	0.664	1785285578.047
433	100.000	0.015	99.998	8.597	0.152	0.676	1785285578.282
434	100.000	-0.150	100.004	9.090	0.544	0.678	1785285578.460
435	100.000	-0.232	100.001	9.079	0.872	0.682	1785285578.647
436	100.000	-0.219	100.005	9.053	1.228	0.683	1785285578.857
437	100.000	0.167	99.998	8.908	1.598	0.686	1785285579.049
438	100.000	0.053	100.003	8.457	1.999	0.688	1785285579.243
439	100.000	-0.163	99.999	8.230	2.367	0.687	1785285579.407
440	100.000	-0.024	99.995	7.889	2.789	0.674	1785285579.610
441	100.000	0.027	100.001	7.762	3.268	0.664	1785285579.805
442	100.000	0.117	100.000	7.196	3.780	0.664	1785285580.028
443	100.000	0.050	100.001	6.991	4.266	0.664	1785285580.228
444	100.000	0.007	100.002	7.009	4.729	0.664	1785285580.389
445	100.000	0.095	100.002	7.257	5.158	0.664	1785285580.616
446	100.000	0.230	99.999	7.730	5.688	0.664	1785285580.840
447	100.000	-0.045	100.002	8.351	6.141	0.664	1785285581.040
448	100.000	0.170	99.999	8.719	0.210	0.679	1785285581.223
449	100.000	0.129	100.001	8.967	0.572	0.685	1785285581.404
450	100.000	-0.056	99.998	9.163	0.933	0.678	1785285581.586
451	100.000	0.007	100.003	9.231	1.241	0.679	1785285581.779
452	100.000	-0.144	100.000	8.934	1.612	0.683	1785285581.958
453	100.000	-0.255	99.998	8.252	1.970	0.685	1785285582.171
454	100.000	-0.031	100.004	8.079	2.354	0.689	1785285582.350
455	100.000	0.124	100.002	7.725	2.773	0.680	1785285582.533
456	100.000	-0.364	99.999	7.337	3.198	0.670	1785285582.720
457	100.000	0.015	99.999	7.447	3.645	0.664	1785285582.909
458	100.000	-0.063	99.999	7.132	4.105	0.664	1785285583.087
459	100.000	-0.262	99.997	6.904	4.603	0.664	1785285583.294
460	100.000	-0.189	100.003	6.888	5.090	0.664	1785285583.479
461	100.000	-0.221	99.998	7.727	5.474	0.664	1785285583.660
462	100.000	-0.122	99.999	7.950	5.902	0.664	1785285583.842
463	100.000	-0.085	99.996	8.324	6.256	0.678	1785285584.020
464	100.000	-0.241	99.999	8.764	0.351	0.683	1785285584.220
465	100.000	0.344	100.000	9.038	0.798	0.680	1785285584.481
466	100.000	0.293	100.002	9.144	1.182	0.679	1785285584.672
467	100.000	-0.214	100.003	8.964	1.499	0.687	1785285584.847
468	100.000	0.337	100.003	8.548	1.929	0.684	1785285585.045
469	100.000	-0.034	100.003	8.272	2.285	0.690	1785285585.226
470	100.000	-0.165	100.002	7.680	2.764	0.693	1785285585.432
471	100.000	0.149	99.997	7.464	3.224	0.664	1785285585.654
472	100.000	0.141	100.002	7.021	3.690	0.664	1785285585.843
473	100.000	-0.005	100.005	6.910	4.134	0.664	1785285586.027
474	100.000	-0.132	100.001	6.926	4.596	0.664	1785285586.214
475	100.000	-0.042	100.001	7.061	5.068	0.664	1785285586.398
476	100.000	-0.256	100.001	7.281	5.545	0.664	1785285586.598
477	100.000	-0.033	99.999	7.624	5.921	0.664	1785285586.790
478	100.000	-0.427	100.000	8.351	0.071	0.661	1785285586.964
479	100.000	0.127	100.003	8.788	0.364	0.678	1785285587.167
480	100.000	0.162	100.005	9.095	0.779	0.673	1785285587.350
481	100.000	0.117	100.003	8.955	1.117	0.683	1785285587.527
482	100.000	0.213	100.003	8.928	1.489	0.686	1785285587.714
483	100.000	0.100	100.000	8.831	1.807	0.689	1785285587.915
484	100.000	-0.204	100.002	8.479	2.180	0.684	1785285588.079
485	100.000	0.351	99.997	8.446	2.525	0.684	1785285588.287
486	100.000	-0.062	100.000	7.667	3.015	0.686	1785285588.489
487	100.000	-0.145	100.002	7.197	3.507	0.664	1785285588.721
488	100.000	-0.266	100.002	6.824	3.986	0.664	1785285588.899
489	100.000	0.010	99.998	6.684	4.439	0.664	1785285589.084
490	100.000	-0.216	100.000	6.778	4.960	0.664	1785285589.310
491	100.000	0.169	99.998	7.353	5.505	0.664	1785285589.524
492	100.000	-0.219	100.001	7.969	5.917	0.664	1785285589.719
493	100.000	0.023	100.000	8.358	0.077	0.674	1785285589.913
494	100.000	0.024	99.999	8.694	0.423	0.680	1785285590.092
495	100.000	-0.475	100.001	8.999	0.772	0.680	1785285590.303
496	100.000	-0.059	99.999	9.063	1.172	0.684	1785285590.532
497	100.000	-0.094	100.001	8.824	1.553	0.683	1785285590.731
498	100.000	-0.055	100.001	8.426	1.952	0.686	1785285590.930
499	100.000	0.062	100.002	8.079	2.413	0.689	1785285591.165
500	100.000	-0.129	99.999	7.700	2.868	0.682	1785285591.340
501	100.000	0.136	100.000	7.368	3.221	0.664	1785285591.514
502	100.000	0.025	100.003	6.870	3.672	0.664	1785285591.698
503	100.000	-0.335	100.002	6.525	4.136	0.664	1785285591.928
504	100.000	-0.237	99.999	6.729	4.772	0.664	1785285592.168
505	100.000	0.120	99.997	7.123	5.351	0.664	1785285592.374
506	100.000	-0.160	100.001	7.702	5.746	0.664	1785285592.556
507	100.000	-0.253	100.002	8.261	6.151	0.664	1785285592.753
508	100.000	0.112	100.001	8.545	0.304	0.676	1785285593.008
509	100.000	0.142	100.005	8.670	0.678	0.678	1785285593.204
510	100.000	-0.257	99.997	8.822	1.100	0.685	1785285593.432
511	100.000	0.080	100.000	8.795	1.494	0.683	1785285593.621
512	100.000	0.234	99.999	8.400	1.900	0.687	1785285593.809
513	100.000	0.040	99.998	8.303	2.243	0.681	1785285593.979
514	100.000	0.119	100.000	7.688	2.680	0.688	1785285594.203
515	100.000	-0.050	100.005	7.362	3.084	0.684	1785285594.364
516	100.000	0.150	100.001	7.021	3.524	0.664	1785285594.574
517	100.000	0.009	100.003	6.697	3.993	0.664	1785285594.756
518	100.000	-0.103	100.002	6.606	4.450	0.664	1785285594.930
519	100.000	0.072	100.005	6.761	4.937	0.664	1785285595.129
520	100.000	-0.042	99.996	6.928	5.422	0.664	1785285595.314
521	100.000	-0.174	100.001	7.637	5.800	0.664	1785285595.520
522	100.000	-0.099	100.003	8.236	6.265	0.664	1785285595.759
523	100.000	-0.075	100.000	8.644	0.448	0.675	1785285596.005
524	100.000	0.467	100.000	8.976	0.827	0.680	1785285596.205
525	100.000	-0.446	100.002	8.846	1.207	0.683	1785285596.380
526	100.000	0.047	99.998	8.714	1.525	0.682	1785285596.555
527	100.000	0.197	100.001	8.430	1.915	0.690	1785285596.765
528	100.000	-0.068	100.002	8.051	2.355	0.689	1785285597.018
529	100.000	0.140	100.002	7.443	2.899	0.687	1785285597.277
530	100.000	0.321	100.003	7.064	3.514	0.664	1785285597.507
531	100.000	0.004	99.995	6.941	4.022	0.664	1785285597.680
532	100.000	0.132	100.004	6.675	4.404	0.664	1785285597.863
533	100.000	-0.127	99.997	6.874	4.935	0.664	1785285598.082
534	100.000	0.001	99.998	7.178	5.463	0.664	1785285598.309
535	100.000	0.207	100.000	7.708	5.925	0.664	1785285598.495
536	100.000	-0.383	99.997	8.363	0.064	0.664	1785285598.662
537	100.000	0.119	100.002	8.480	0.365	0.673	1785285598.886
538	100.000	-0.224	100.001	8.639	0.723	0.683	1785285599.080
539	100.000	-0.125	100.001	9.153	1.090	0.683	1785285599.244
540	100.000	0.074	99.994	8.872	1.414	0.690	1785285599.436
541	100.000	-0.040	100.003	8.697	1.761	0.682	1785285599.627
542	100.000	0.066	99.998	8.294	2.136	0.687	1785285599.818
543	100.000	0.038	99.998	7.755	2.520	0.693	1785285600.004
544	100.000	-0.117	99.998	7.428	2.979	0.664	1785285600.200
545	100.000	-0.061	100.002	7.036	3.466	0.664	1785285600.441
546	100.000	-0.012	99.998	6.608	3.998	0.664	1785285600.638
547	100.000	0.359	99.999	6.602	4.570	0.664	1785285600.860
548	100.000	0.384	100.001	6.833	5.095	0.664	1785285601.070
549	100.000	-0.359	99.999	7.232	5.550	0.664	1785285601.246
550	100.000	0.101	100.000	7.729	5.975	0.664	1785285601.417
551	100.000	-0.076	100.001	7.937	6.242	0.675	1785285601.619
552	100.000	0.296	100.003	8.575	0.455	0.678	1785285601.858
553	100.000	0.193	100.003	8.831	0.869	0.680	1785285602.069
554	100.000	0.228	99.999	8.796	1.214	0.685	1785285602.258
555	100.000	0.085	100.002	8.601	1.560	0.685	1785285602.455
556	100.000	0.561	99.999	8.464	1.919	0.680	1785285602.629
557	100.000	-0.064	100.003	8.121	2.279	0.681	1785285602.795
558	100.000	0.136	99.995	7.463	2.687	0.692	1785285603.009
559	100.000	-0.101	99.996	7.278	3.151	0.680	1785285603.188
560	100.000	0.260	99.999	7.202	3.614	0.664	1785285603.365
561	100.000	-0.063	99.995	6.839	3.979	0.664	1785285603.545
562	100.000	-0.136	100.001	6.729	4.443	0.664	1785285603.741
563	100.000	-0.306	99.999	6.922	4.927	0.664	1785285603.939
564	100.000	0.079	100.001	7.313	5.444	0.664	1785285604.133
565	100.000	0.156	100.001	7.732	5.870	0.664	1785285604.326
566	100.000	0.533	100.000	8.045	6.233	0.664	1785285604.490
567	100.000	0.197	99.999	8.304	0.273	0.676	1785285604.707
568	100.000	-0.132	100.003	8.647	0.729	0.677	1785285604.933
569	100.000	-0.181	100.002	8.873	1.130	0.682	1785285605.120
570	100.000	-0.122	100.002	8.732	1.462	0.680	1785285605.318
571	100.000	0.109	99.998	8.781	1.824	0.684	1785285605.513
572	100.000	-0.055	100.004	8.104	2.225	0.691	1785285605.705
573	100.000	0.134	100.002	7.756	2.618	0.690	1785285605.910
574	100.000	-0.046	100.003	7.190	3.132	0.672	1785285606.092
575	100.000	-0.514	100.000	7.022	3.569	0.664	1785285606.297
576	100.000	0.238	99.998	7.013	4.003	0.664	1785285606.462
577	100.000	-0.173	99.999	6.565	4.485	0.664	1785285606.660
578	100.000	0.222	100.005	6.936	5.016	0.664	1785285606.906
579	100.000	-0.155	99.999	7.262	5.496	0.664	1785285607.095
580	100.000	0.257	100.000	7.657	5.976	0.664	1785285607.342
581	100.000	-0.120	99.999	8.272	0.125	0.676	1785285607.517
582	100.000	0.143	99.998	8.668	0.490	0.670	1785285607.691
583	100.000	-0.364	99.997	8.625	0.804	0.680	1785285607.890
584	100.000	0.064	100.004	8.622	1.170	0.680	1785285608.069
585	100.000	0.059	99.999	8.537	1.522	0.680	1785285608.265
586	100.000	0.015	100.002	8.578	1.889	0.686	1785285608.464
587	100.000	0.059	100.000	8.142	2.258	0.682	1785285608.655
588	100.000	-0.073	100.002	7.614	2.811	0.685	1785285608.917
589	100.000	0.105	99.998	7.192	3.283	0.664	1785285609.107
590	100.000	0.116	100.003	6.969	3.826	0.664	1785285609.344
591	100.000	-0.219	100.000	6.742	4.271	0.664	1785285609.526
592	100.000	-0.187	100.000	6.774	4.782	0.664	1785285609.696
593	100.000	0.358	99.994	6.746	5.194	0.664	1785285609.895
594	100.000	0.140	99.996	7.502	5.652	0.664	1785285610.080
595	100.000	0.362	99.997	8.104	6.023	0.664	1785285610.269
596	100.000	-0.095	100.001	8.240	0.148	0.664	1785285610.451
597	100.000	0.070	100.003	8.422	0.520	0.677	1785285610.648
598	100.000	0.125	100.002	8.428	0.847	0.679	1785285610.819
599	100.000	-0.228	100.001	8.629	1.204	0.680	1785285611.002
600	100.000	-0.176	100.000	8.437	1.580	0.681	1785285611.208
601	100.000	0.067	99.998	8.323	1.919	0.674	1785285611.387
602	100.000	0.075	99.995	7.874	2.308	0.683	1785285611.558
603	100.000	-0.094	100.001	7.647	2.703	0.686	1785285611.749
604	100.000	-0.440	100.000	7.153	3.121	0.669	1785285611.955
605	100.000	0.005	100.001	7.066	3.597	0.664	1785285612.146
606	100.000	-0.223	100.001	6.800	4.007	0.664	1785285612.336
607	100.000	-0.035	100.001	6.677	4.538	0.664	1785285612.553
608	100.000	-0.143	99.998	6.961	5.138	0.664	1785285612.790
609	100.000	-0.169	100.001	7.207	5.632	0.664	1785285612.976
610	100.000	-0.684	100.000	7.698	6.010	0.664	1785285613.146
611	100.000	-0.175	99.999	8.003	0.120	0.664	1785285613.341
612	100.000	0.262	100.005	8.143	0.430	0.680	1785285613.536
613	100.000	-0.162	99.998	8.161	0.803	0.678	1785285613.728
614	100.000	0.019	100.002	8.334	1.146	0.685	1785285613.918
615	100.000	-0.079	100.002	8.408	1.538	0.679	1785285614.114
616	100.000	0.480	100.000	8.185	1.950	0.681	1785285614.342
617	100.000	-0.123	100.000	7.654	2.423	0.688	1785285614.537
618	100.000	0.001	100.005	7.369	2.802	0.689	1785285614.743
619	100.000	0.137	100.002	7.192	3.313	0.671	1785285614.964
620	100.000	0.243	100.001	6.868	3.808	0.664	1785285615.171
621	100.000	0.014	99.997	6.661	4.326	0.664	1785285615.394
622	100.000	0.205	100.002	6.770	4.874	0.664	1785285615.575
623	100.000	-0.063	99.998	6.811	5.309	0.664	1785285615.795
624	100.000	-0.126	100.000	7.397	5.800	0.664	1785285616.038
625	100.000	0.424	100.001	7.918	6.264	0.664	1785285616.210
626	100.000	0.182	100.001	8.074	0.323	0.670	1785285616.416
627	100.000	-0.410	100.002	8.113	0.725	0.677	1785285616.576
628	100.000	-0.114	100.000	8.269	1.059	0.679	1785285616.772
629	100.000	-0.232	99.998	8.097	1.391	0.689	1785285616.953
630	100.000	0.336	99.997	8.251	1.763	0.687	1785285617.141
631	100.000	-0.162	99.997	7.689	2.129	0.683	1785285617.348
632	100.000	-0.135	99.998	7.691	2.533	0.694	1785285617.538
633	100.000	0.358	100.000	7.302	2.994	0.676	1785285617.741
634	100.000	-0.211	100.003	7.055	3.480	0.664	1785285617.965
635	100.000	-0.113	100.000	6.688	4.015	0.664	1785285618.166
636	100.000	0.137	100.003	6.601	4.480	0.664	1785285618.334
637	100.000	0.119	99.996	6.555	4.911	0.664	1785285618.520
638	100.000	0.204	100.001	6.929	5.374	0.664	1785285618.732
639	100.000	0.194	99.998	7.415	5.875	0.664	1785285618.985
640	100.000	0.201	99.998	7.939	0.076	0.664	1785285619.156
641	100.000	0.171	100.000	8.133	0.381	0.686	1785285619.361
642	100.000	0.112	99.999	8.378	0.804	0.677	1785285619.587
643	100.000	0.162	100.000	8.261	1.202	0.684	1785285619.798
644	100.000	0.150	99.999	8.292	1.660	0.683	1785285620.045
645	100.000	-0.106	99.998	8.069	2.074	0.687	1785285620.227
646	100.000	0.086	100.000	7.490	2.460	0.693	1785285620.416
647	100.000	0.193	100.002	7.343	2.841	0.672	1785285620.595
648	100.000	-0.164	100.000	7.169	3.270	0.666	1785285620.768
649	100.000	-0.424	99.999	6.539	3.690	0.664	1785285620.988
650	100.000	-0.074	99.998	6.335	4.275	0.664	1785285621.225
651	100.000	0.193	100.000	6.611	4.829	0.664	1785285621.411
652	100.000	-0.065	100.005	7.012	5.315	0.664	1785285621.622
653	100.000	-0.025	99.997	7.548	5.849	0.664	1785285621.832
654	100.000	0.223	100.003	7.893	6.215	0.664	1785285622.031
655	100.000	0.250	100.002	8.343	0.288	0.679	1785285622.233
656	100.000	0.017	100.000	8.605	0.702	0.679	1785285622.423
657	100.000	0.125	100.001	8.754	1.044	0.677	1785285622.608
658	100.000	0.451	99.999	8.466	1.397	0.683	1785285622.798
659	100.000	0.064	99.999	8.461	1.749	0.683	1785285622.985
660	100.000	0.072	99.997	8.020	2.116	0.682	1785285623.162
661	100.000	-0.128	100.003	7.702	2.525	0.686	1785285623.364
662	100.000	0.104	99.997	7.203	2.959	0.689	1785285623.594
663	100.000	-0.236	100.002	7.070	3.426	0.664	1785285623.785
664	100.000	-0.425	100.003	6.582	3.854	0.664	1785285623.977
665	100.000	-0.119	99.998	6.504	4.366	0.664	1785285624.163
666	100.000	-0.008	99.996	6.527	4.839	0.664	1785285624.355
667	100.000	-0.021	100.000	7.021	5.317	0.664	1785285624.545
668	100.000	-0.132	100.000	7.254	5.772	0.664	1785285624.720
669	100.000	-0.359	100.002	7.936	6.142	0.664	1785285624.917
670	100.000	-0.198	99.997	8.365	0.212	0.680	1785285625.103
671	100.000	0.207	99.997	8.361	0.532	0.684	1785285625.281
672	100.000	0.125	100.000	8.581	0.900	0.683	1785285625.443
673	100.000	-0.001	100.002	8.600	1.220	0.679	1785285625.648
674	100.000	0.300	100.001	8.612	1.589	0.682	1785285625.838
675	100.000	0.205	100.001	8.262	1.970	0.684	1785285626.035
676	100.000	0.242	100.002	7.956	2.342	0.683	1785285626.228
677	100.000	-0.134	100.000	7.489	2.753	0.691	1785285626.417
678	100.000	-0.095	99.998	7.253	3.192	0.664	1785285626.594
679	100.000	0.246	100.000	6.943	3.551	0.664	1785285626.787
680	100.000	-0.245	100.003	6.879	4.076	0.664	1785285626.962
681	100.000	0.121	99.998	6.717	4.451	0.664	1785285627.159
682	100.000	-0.390	100.002	6.508	4.982	0.664	1785285627.336
683	100.000	0.068	100.000	6.980	5.436	0.664	1785285627.540
684	100.000	0.194	100.003	7.466	5.861	0.664	1785285627.715
685	100.000	-0.100	100.001	7.949	6.217	0.664	1785285627.903
686	100.000	0.114	100.002	8.199	0.311	0.675	1785285628.118
687	100.000	-0.197	100.000	8.439	0.676	0.680	1785285628.310
688	100.000	-0.246	100.003	8.623	1.069	0.678	1785285628.500
689	100.000	0.037	100.001	8.482	1.415	0.682	1785285628.685
690	100.000	0.137	100.001	8.404	1.795	0.684	1785285628.868
691	100.000	-0.157	99.997	8.096	2.155	0.685	1785285629.046
692	100.000	-0.341	100.001	7.551	2.571	0.694	1785285629.279
693	100.000	0.021	100.000	7.238	3.089	0.682	1785285629.507
694	100.000	-0.091	99.998	6.996	3.607	0.664	1785285629.696
695	100.000	-0.075	100.002	6.659	3.970	0.664	1785285629.865
696	100.000	0.187	99.997	6.561	4.437	0.664	1785285630.087
697	100.000	0.136	100.002	6.729	5.036	0.664	1785285630.335
698	100.000	-0.042	99.998	7.069	5.610	0.664	1785285630.578
699	100.000	0.191	99.994	7.767	6.172	0.664	1785285630.830
700	100.000	0.294	100.001	8.161	0.321	0.669	1785285631.069
701	100.000	-0.195	100.002	8.554	0.736	0.676	1785285631.260
702	100.000	0.177	100.000	8.310	1.077	0.684	1785285631.440
703	100.000	-0.009	100.001	8.200	1.429	0.684	1785285631.635
704	100.000	0.020	99.998	8.100	1.809	0.687	1785285631.815
705	100.000	-0.101	100.002	7.638	2.197	0.688	1785285632.014
706	100.000	-0.257	100.002	7.540	2.605	0.688	1785285632.191
707	100.000	-0.044	99.998	7.279	2.966	0.664	1785285632.385
708	100.000	-0.230	100.002	7.080	3.475	0.664	1785285632.561
709	100.000	-0.047	99.996	6.859	3.884	0.664	1785285632.764
710	100.000	-0.159	100.001	6.606	4.364	0.664	1785285632.938
711	100.000	-0.324	99.999	6.517	4.763	0.664	1785285633.110
712	100.000	0.039	100.002	7.053	5.192	0.664	1785285633.312
713	100.000	-0.037	99.998	7.412	5.659	0.664	1785285633.497
714	100.000	0.189	100.001	7.604	6.026	0.664	1785285633.685
715	100.000	0.045	100.002	8.007	0.144	0.681	1785285633.865
716	100.000	0.058	99.997	8.018	0.478	0.676	1785285634.081
717	100.000	0.428	100.002	7.887	0.803	0.684	1785285634.248
718	100.000	-0.208	99.999	8.226	1.162	0.680	1785285634.443
719	100.000	0.260	99.997	8.080	1.584	0.686	1785285634.637
720	100.000	-0.108	100.001	7.948	1.962	0.686	1785285634.814
721	100.000	0.070	99.998	7.655	2.340	0.688	1785285635.023
722	100.000	-0.024	99.998	7.245	2.822	0.691	1785285635.235
723	100.000	0.147	100.002	7.068	3.306	0.664	1785285635.442
724	100.000	-0.042	100.002	6.716	3.746	0.664	1785285635.639
725	100.000	0.277	100.005	6.653	4.178	0.664	1785285635.824
726	100.000	0.100	100.004	6.493	4.672	0.664	1785285636.000
727	100.000	-0.027	100.001	6.791	5.085	0.664	1785285636.187
728	100.000	-0.104	100.003	7.223	5.572	0.664	1785285636.364
729	100.000	-0.028	99.995	7.658	5.966	0.664	1785285636.569
730	100.000	0.361	99.999	7.835	6.259	0.696	1785285636.747
731	100.000	0.099	99.998	7.852	0.327	0.679	1785285636.925
732	100.000	0.320	100.000	8.140	0.727	0.680	1785285637.125
733	100.000	0.101	100.002	8.142	1.168	0.679	1785285637.388
734	100.000	-0.289	100.000	7.938	1.613	0.683	1785285637.574
735	100.000	-0.325	100.003	7.557	2.007	0.686	1785285637.767
736	100.000	0.064	100.003	7.484	2.349	0.686	1785285637.946
737	100.000	0.799	99.997	7.137	2.889	0.689	1785285638.152
738	100.000	0.093	100.000	7.022	3.353	0.664	1785285638.386
739	100.000	-0.177	100.000	6.909	3.858	0.664	1785285638.633
740	100.000	0.080	100.004	6.657	4.412	0.664	1785285638.820
741	100.000	0.073	100.006	6.921	4.889	0.664	1785285639.051
742	100.000	0.084	99.994	7.168	5.351	0.664	1785285639.237
743	100.000	0.003	100.004	7.475	5.786	0.664	1785285639.418
744	100.000	-0.129	100.005	7.745	6.125	0.664	1785285639.628
745	100.000	0.239	100.003	7.860	0.201	0.684	1785285639.828
746	100.000	-0.025	99.994	7.999	0.650	0.678	1785285640.020
747	100.000	0.120	100.000	7.925	1.079	0.681	1785285640.238
748	100.000	-0.379	99.996	7.839	1.499	0.687	1785285640.443
749	100.000	0.262	100.002	7.481	1.944	0.683	1785285640.713
750	100.000	0.081	100.003	7.317	2.518	0.695	1785285640.945
751	100.000	-0.021	100.004	7.132	2.944	0.664	1785285641.119
752	100.000	0.159	100.003	7.056	3.306	0.664	1785285641.284
753	100.000	0.114	100.002	6.959	3.782	0.664	1785285641.488
754	100.000	-0.429	99.999	6.696	4.264	0.664	1785285641.671
755	100.000	0.120	99.996	6.853	4.696	0.664	1785285641.889
756	100.000	-0.146	100.000	6.675	5.118	0.664	1785285642.057
757	100.000	0.259	99.997	7.107	5.518	0.664	1785285642.241
758	100.000	0.020	99.999	7.440	5.924	0.664	1785285642.443
759	100.000	-0.011	100.000	7.636	0.052	0.668	1785285642.634
760	100.000	0.462	99.996	8.064	0.455	0.672	1785285642.820
761	100.000	-0.061	100.002	8.127	0.807	0.683	1785285643.004
762	100.000	0.277	100.002	7.971	1.177	0.680	1785285643.188
763	100.000	-0.088	100.001	7.739	1.494	0.685	1785285643.370
764	100.000	0.068	100.003	7.504	1.880	0.688	1785285643.553
765	100.000	-0.026	99.999	7.350	2.286	0.688	1785285643.768
766	100.000	-0.212	99.997	7.094	2.783	0.691	1785285644.019
767	100.000	0.089	100.000	7.114	3.319	0.664	1785285644.194
768	100.000	-0.186	100.002	6.847	3.680	0.664	1785285644.384
769	100.000	-0.042	99.999	6.803	4.190	0.664	1785285644.620
770	100.000	-0.020	100.003	6.862	4.736	0.664	1785285644.803
771	100.000	-0.021	100.002	6.958	5.145	0.664	1785285644.995
772	100.000	-0.001	100.002	7.451	5.528	0.664	1785285645.177
773	100.000	-0.204	100.004	7.520	5.922	0.664	1785285645.368
774	100.000	0.020	99.999	7.835	6.260	0.664	1785285645.549
775	100.000	-0.137	100.000	7.846	0.345	0.678	1785285645.745
776	100.000	0.139	100.006	7.944	0.755	0.679	1785285645.935
777	100.000	-0.108	100.001	7.916	1.161	0.679	1785285646.137
778	100.000	0.061	100.001	7.868	1.532	0.678	1785285646.314
779	100.000	0.014	100.001	7.484	1.936	0.685	1785285646.518
780	100.000	0.069	100.000	7.334	2.312	0.683	1785285646.677
781	100.000	-0.114	99.999	7.066	2.681	0.690	1785285646.870
782	100.000	0.285	100.003	7.039	3.177	0.665	1785285647.045
783	100.000	0.029	100.007	6.730	3.560	0.664	1785285647.255
784	100.000	-0.058	99.998	6.560	4.023	0.664	1785285647.466
785	100.000	0.197	99.996	6.742	4.558	0.664	1785285647.694
786	100.000	-0.189	100.001	6.546	5.050	0.664	1785285647.873
787	100.000	-0.271	99.997	7.136	5.469	0.664	1785285648.073
788	100.000	0.223	99.997	7.561	5.873	0.664	1785285648.246
789	100.000	0.288	99.999	7.735	6.176	0.681	1785285648.429
790	100.000	0.121	100.002	7.888	0.312	0.679	1785285648.638
791	100.000	-0.441	100.001	7.844	0.761	0.683	1785285648.888
792	100.000	0.082	99.998	8.019	1.196	0.675	1785285649.068
793	100.000	0.199	100.000	7.865	1.542	0.680	1785285649.259
794	100.000	-0.122	99.998	7.676	1.974	0.682	1785285649.449
795	100.000	0.075	100.000	7.332	2.406	0.687	1785285649.644
796	100.000	-0.150	100.002	7.194	2.810	0.682	1785285649.821
797	100.000	0.086	100.001	7.040	3.155	0.664	1785285649.999
798	100.000	-0.082	99.997	6.838	3.559	0.664	1785285650.180
799	100.000	0.231	100.000	6.663	4.090	0.664	1785285650.448
800	100.000	-0.456	100.001	6.616	4.596	0.664	1785285650.640
801	100.000	-0.076	99.998	6.743	5.040	0.664	1785285650.822
802	100.000	0.002	99.998	6.958	5.500	0.664	1785285651.022
803	100.000	-0.114	99.997	7.261	5.974	0.664	1785285651.268
804	100.000	-0.072	99.999	7.737	0.084	0.664	1785285651.421
805	100.000	0.163	100.005	7.885	0.437	0.676	1785285651.639
806	100.000	-0.067	99.997	7.862	0.838	0.680	1785285651.832
807	100.000	-0.370	99.998	7.820	1.276	0.677	1785285652.053
808	100.000	0.304	100.001	7.631	1.679	0.682	1785285652.262
809	100.000	-0.227	99.998	7.282	2.165	0.687	1785285652.495
810	100.000	-0.093	100.004	7.239	2.596	0.676	1785285652.694
811	100.000	-0.401	99.999	6.928	3.057	0.674	1785285652.906
812	100.000	-0.067	100.000	6.747	3.520	0.664	1785285653.110
813	100.000	0.090	99.998	6.642	4.000	0.664	1785285653.312
814	100.000	0.112	100.004	6.421	4.536	0.664	1785285653.569
815	100.000	-0.288	99.995	6.430	5.069	0.664	1785285653.761
816	100.000	0.348	100.000	7.141	5.500	0.664	1785285653.949
817	100.000	0.161	100.000	7.375	5.906	0.664	1785285654.125
818	100.000	0.170	99.995	7.632	0.021	0.664	1785285654.322
819	100.000	-0.155	100.001	7.878	0.372	0.667	1785285654.501
820	100.000	0.173	100.002	8.145	0.772	0.678	1785285654.704
821	100.000	0.278	99.998	7.946	1.167	0.682	1785285654.955
822	100.000	0.124	100.000	7.762	1.601	0.677	1785285655.114
823	100.000	-0.282	100.002	7.323	1.979	0.687	1785285655.332
824	100.000	-0.108	100.002	7.104	2.389	0.690	1785285655.514
825	100.000	-0.251	100.001	6.944	2.827	0.689	1785285655.683
826	100.000	-0.123	99.998	6.876	3.244	0.664	1785285655.886
827	100.000	0.341	99.998	6.787	3.655	0.664	1785285656.057
828	100.000	-0.099	99.998	6.560	4.065	0.664	1785285656.260
829	100.000	0.084	100.002	6.613	4.619	0.664	1785285656.515
830	100.000	-0.076	100.005	6.808	5.214	0.664	1785285656.768
831	100.000	0.151	99.999	7.036	5.696	0.664	1785285656.945
832	100.000	-0.327	100.001	7.462	6.060	0.664	1785285657.113
833	100.000	0.074	100.000	7.773	0.103	0.677	1785285657.316
834	100.000	0.084	99.997	7.820	0.587	0.678	1785285657.576
835	100.000	-0.352	99.996	8.011	0.991	0.682	1785285657.760
836	100.000	-0.174	100.003	7.715	1.337	0.678	1785285657.928
837	100.000	0.195	99.998	7.477	1.766	0.684	1785285658.154
838	100.000	-0.278	100.000	7.293	2.219	0.680	1785285658.363
839	100.000	-0.214	99.998	7.008	2.657	0.683	1785285658.564
840	100.000	0.040	100.000	6.814	3.087	0.685	1785285658.761
841	100.000	-0.157	100.006	6.590	3.551	0.664	1785285658.939
842	100.000	0.312	100.002	6.460	3.959	0.664	1785285659.132
843	100.000	-0.129	99.999	6.669	4.419	0.664	1785285659.327
844	100.000	0.001	99.997	6.589	4.884	0.664	1785285659.519
845	100.000	0.044	100.001	6.932	5.371	0.664	1785285659.756
846	100.000	0.286	100.000	7.402	5.882	0.664	1785285659.990
847	100.000	-0.167	100.003	7.593	0.036	0.664	1785285660.203
848	100.000	-0.483	100.000	7.778	0.479	0.676	1785285660.453
849	100.000	0.003	100.001	7.855	0.978	0.679	1785285660.714
850	100.000	-0.372	99.999	7.680	1.509	0.680	1785285660.927
851	100.000	0.065	100.002	7.377	1.904	0.686	1785285661.133
852	100.000	0.013	99.999	6.983	2.376	0.690	1785285661.394
853	100.000	-0.318	99.998	6.763	2.891	0.698	1785285661.601
854	100.000	0.039	100.000	6.573	3.435	0.664	1785285661.827
855	100.000	-0.030	100.004	6.559	3.894	0.664	1785285661.998
856	100.000	0.140	99.999	6.456	4.299	0.664	1785285662.162
857	100.000	0.032	100.001	6.519	4.697	0.664	1785285662.371
858	100.000	0.054	100.000	7.110	5.109	0.664	1785285662.561
859	100.000	-0.003	100.002	7.114	5.603	0.664	1785285662.773
860	100.000	0.541	100.000	7.418	6.026	0.664	1785285663.001
861	100.000	0.143	99.998	7.707	0.154	0.677	1785285663.184
862	100.000	0.246	99.996	7.686	0.551	0.670	1785285663.386
863	100.000	-0.117	99.999	7.876	0.944	0.676	1785285663.563
864	100.000	0.012	100.000	7.488	1.295	0.683	1785285663.744
865	100.000	-0.485	100.002	7.350	1.709	0.681	1785285663.913
866	100.000	0.060	100.007	7.232	2.039	0.686	1785285664.148
867	100.000	0.332	99.999	7.042	2.599	0.684	1785285664.392
868	100.000	-0.032	99.998	6.816	3.122	0.669	1785285664.567
869	100.000	0.051	100.000	6.660	3.502	0.664	1785285664.775
870	100.000	-0.382	99.998	6.588	4.010	0.664	1785285665.020
871	100.000	0.056	99.997	6.601	4.477	0.664	1785285665.180
872	100.000	0.068	100.006	6.512	4.943	0.664	1785285665.396
873	100.000	0.325	99.999	6.822	5.345	0.664	1785285665.564
874	100.000	-0.498	99.999	7.282	5.709	0.664	1785285665.745
875	100.000	-0.188	99.998	7.514	6.122	0.664	1785285665.952
876	100.000	0.174	99.999	7.761	0.257	0.680	1785285666.178
877	100.000	0.036	100.000	7.875	0.685	0.676	1785285666.366
878	100.000	0.036	100.001	7.617	1.003	0.679	1785285666.565
879	100.000	-0.392	99.999	7.474	1.398	0.680	1785285666.765
880	100.000	0.119	100.001	7.287	1.859	0.690	1785285666.971
881	100.000	-0.125	99.998	6.965	2.324	0.689	1785285667.203
882	100.000	0.263	100.002	6.901	2.858	0.693	1785285667.453
883	100.000	0.071	100.003	6.803	3.327	0.670	1785285667.634
884	100.000	-0.037	100.000	6.727	3.730	0.664	1785285667.807
885	100.000	-0.003	100.004	6.715	4.184	0.664	1785285667.998
886	100.000	-0.216	100.003	6.381	4.620	0.664	1785285668.179
887	100.000	0.151	100.001	6.594	5.065	0.664	1785285668.356
888	100.000	0.197	99.999	7.205	5.424	0.664	1785285668.573
889	100.000	-0.324	100.001	7.211	5.937	0.664	1785285668.789
890	100.000	-0.134	100.001	7.447	0.056	0.669	1785285668.992
891	100.000	0.141	99.997	7.592	0.449	0.677	1785285669.176
892	100.000	0.181	100.004	7.590	0.804	0.689	1785285669.373
893	100.000	-0.195	99.999	7.565	1.210	0.680	1785285669.556
894	100.000	0.042	100.000	7.431	1.578	0.684	1785285669.750
895	100.000	-0.245	99.999	7.381	1.986	0.683	1785285669.948
896	100.000	-0.121	100.003	7.249	2.430	0.686	1785285670.133
897	100.000	-0.141	100.001	6.889	2.823	0.691	1785285670.326
898	100.000	-0.201	100.002	6.659	3.207	0.664	1785285670.503
899	100.000	0.381	99.997	6.738	3.645	0.664	1785285670.668
900	100.000	0.194	100.004	6.618	4.051	0.664	1785285670.868
901	100.000	0.037	99.997	6.469	4.499	0.664	1785285671.071
902	100.000	0.114	99.997	6.527	5.007	0.664	1785285671.293
903	100.000	0.232	100.000	6.916	5.475	0.664	1785285671.491
904	100.000	-0.040	100.000	7.141	5.932	0.664	1785285671.718
905	100.000	0.028	100.000	7.438	0.064	0.664	1785285671.927
906	100.000	-0.151	100.001	7.639	0.532	0.679	1785285672.177
907	100.000	0.327	99.998	7.482	0.998	0.687	1785285672.364
908	100.000	-0.309	100.003	7.590	1.404	0.685	1785285672.595
909	100.000	-0.173	100.003	7.353	1.793	0.681	1785285672.754
910	100.000	0.049	99.998	6.967	2.182	0.691	1785285672.965
911	100.000	-0.067	100.000	6.859	2.621	0.695	1785285673.156
912	100.000	0.195	100.003	6.811	3.042	0.682	1785285673.348
913	100.000	0.012	99.997	6.581	3.425	0.664	1785285673.538
914	100.000	-0.058	99.999	6.562	3.891	0.664	1785285673.721
915	100.000	0.744	100.002	6.418	4.293	0.664	1785285673.899
916	100.000	-0.205	99.999	6.275	4.678	0.664	1785285674.101
917	100.000	-0.050	99.998	6.642	5.191	0.664	1785285674.286
918	100.000	0.100	100.002	6.689	5.653	0.664	1785285674.479
919	100.000	0.149	99.998	7.214	5.969	0.664	1785285674.662
920	100.000	-0.047	99.999	7.414	0.098	0.664	1785285674.859
921	100.000	0.228	100.002	7.576	0.449	0.675	1785285675.033
922	100.000	0.070	99.995	7.743	0.791	0.678	1785285675.216
923	100.000	-0.144	99.999	7.732	1.157	0.678	1785285675.388
924	100.000	0.044	100.005	7.517	1.506	0.683	1785285675.590
925	100.000	0.278	100.001	7.038	1.917	0.684	1785285675.773
926	100.000	-0.070	99.999	7.118	2.310	0.678	1785285675.959
927	100.000	0.103	99.999	6.754	2.758	0.690	1785285676.170
928	100.000	0.176	99.998	6.606	3.148	0.665	1785285676.331
929	100.000	-0.037	99.998	6.399	3.556	0.664	1785285676.528
930	100.000	-0.024	100.002	6.222	4.015	0.664	1785285676.709
931	100.000	-0.094	100.001	6.145	4.419	0.664	1785285676.902
932	100.000	0.225	99.999	6.157	4.919	0.664	1785285677.104
933	100.000	0.176	100.001	6.801	5.361	0.664	1785285677.285
934	100.000	0.253	99.999	6.987	5.719	0.664	1785285677.469
935	100.000	-0.243	100.002	7.399	6.134	0.664	1785285677.655
936	100.000	-0.026	99.997	7.525	0.205	0.676	1785285677.838
937	100.000	0.302	99.999	7.855	0.600	0.679	1785285678.061
938	100.000	-0.114	100.004	7.807	0.983	0.687	1785285678.285
939	100.000	-0.339	99.998	7.786	1.462	0.679	1785285678.489
940	100.000	-0.352	100.001	7.275	1.819	0.688	1785285678.661
941	100.000	-0.279	100.001	6.963	2.226	0.687	1785285678.853
942	100.000	-0.132	99.998	6.620	2.647	0.693	1785285679.047
943	100.000	0.195	100.002	6.484	3.037	0.664	1785285679.249
944	100.000	0.349	100.004	6.137	3.493	0.664	1785285679.437
945	100.000	0.031	99.996	5.985	3.970	0.664	1785285679.629
946	100.000	-0.003	99.996	5.812	4.429	0.664	1785285679.822
947	100.000	-0.059	100.000	6.265	4.898	0.664	1785285680.041
948	100.000	0.111	99.998	6.488	5.429	0.664	1785285680.267
949	100.000	0.022	100.002	6.891	5.848	0.664	1785285680.448
950	100.000	0.185	99.997	7.391	6.254	0.664	1785285680.638
951	100.000	-0.207	100.002	7.552	0.362	0.676	1785285680.893
952	100.000	0.117	100.002	7.722	0.778	0.676	1785285681.083
953	100.000	0.188	100.000	7.732	1.183	0.682	1785285681.271
954	100.000	0.255	100.005	7.611	1.594	0.685	1785285681.475
955	100.000	-0.324	100.004	7.398	1.958	0.679	1785285681.643
956	100.000	-0.122	99.998	6.952	2.343	0.689	1785285681.847
957	100.000	0.134	100.000	6.426	2.857	0.694	1785285682.098
958	100.000	-0.314	99.999	6.210	3.317	0.664	1785285682.282
959	100.000	0.061	99.999	6.005	3.752	0.664	1785285682.482
960	100.000	-0.303	99.999	6.173	4.239	0.664	1785285682.671
961	100.000	0.258	100.002	6.105	4.759	0.664	1785285682.909
962	100.000	-0.114	100.002	6.433	5.258	0.664	1785285683.082
963	100.000	0.107	100.001	6.855	5.705	0.664	1785285683.290
964	100.000	0.092	99.998	7.340	5.988	0.664	1785285683.436
965	100.000	-0.033	99.997	7.574	0.111	0.664	1785285683.668
966	100.000	0.039	100.002	7.782	0.559	0.677	1785285683.929
967	100.000	-0.073	99.998	7.794	1.030	0.680	1785285684.173
968	100.000	-0.121	100.001	7.648	1.537	0.682	1785285684.418
969	100.000	0.191	100.001	7.338	1.955	0.685	1785285684.593
970	100.000	0.654	100.000	7.136	2.328	0.685	1785285684.790
971	100.000	-0.012	100.003	6.570	2.765	0.700	1785285684.978
972	100.000	-0.249	99.995	6.504	3.193	0.664	1785285685.137
973	100.000	0.080	100.001	6.185	3.603	0.664	1785285685.337
974	100.000	-0.159	100.000	5.805	4.004	0.664	1785285685.514
975	100.000	-0.116	99.999	6.054	4.490	0.664	1785285685.712
976	100.000	0.392	100.002	6.117	4.940	0.664	1785285685.931
977	100.000	0.209	100.002	6.345	5.417	0.664	1785285686.161
978	100.000	-0.021	99.998	7.090	5.879	0.664	1785285686.342
979	100.000	-0.045	100.002	7.367	6.277	0.683	1785285686.551
980	100.000	0.169	100.002	7.686	0.437	0.677	1785285686.831
981	100.000	0.039	100.000	7.831	0.956	0.688	1785285687.028
982	100.000	-0.155	100.001	7.585	1.321	0.686	1785285687.231
983	100.000	-0.297	99.997	7.322	1.672	0.695	1785285687.412
984	100.000	-0.131	100.001	7.091	2.038	0.690	1785285687.579
985	100.000	-0.168	99.999	7.077	2.415	0.683	1785285687.788
986	100.000	0.154	100.004	6.751	2.895	0.664	1785285687.961
987	100.000	-0.331	100.001	6.432	3.271	0.664	1785285688.144
988	100.000	0.149	100.002	6.060	3.694	0.664	1785285688.329
989	100.000	-0.279	100.001	5.946	4.230	0.664	1785285688.525
990	100.000	-0.083	100.002	5.935	4.637	0.664	1785285688.719
991	100.000	-0.078	99.999	6.168	5.141	0.664	1785285688.904
992	100.000	-0.058	99.999	6.559	5.587	0.664	1785285689.103
993	100.000	0.258	99.999	7.178	5.953	0.664	1785285689.287
994	100.000	-0.402	99.995	7.305	6.257	0.704	1785285689.472
995	100.000	0.057	99.998	7.733	0.393	0.679	1785285689.656
996	100.000	-0.332	99.998	8.009	0.759	0.675	1785285689.858
997	100.000	-0.390	100.000	8.012	1.115	0.684	1785285690.044
998	100.000	-0.476	99.998	7.692	1.523	0.684	1785285690.297
999	100.000	0.158	99.998	7.310	1.971	0.692	1785285690.479
1000	100.000	-0.109	100.003	6.871	2.420	0.695	1785285690.694
1001	100.000	-0.090	100.000	6.571	2.933	0.691	1785285690.926
1002	100.000	0.426	100.001	6.316	3.453	0.664	1785285691.193
1003	100.000	0.265	99.999	6.163	4.087	0.664	1785285691.417
1004	100.000	-0.014	100.004	6.451	4.580	0.664	1785285691.624
1005	100.000	0.500	100.004	6.432	5.133	0.664	1785285691.866
1006	100.000	-0.161	100.003	6.635	5.622	0.664	1785285692.069
1007	100.000	-0.129	100.002	7.322	6.062	0.664	1785285692.297
1008	100.000	0.077	99.999	7.481	0.163	0.664	1785285692.455
1009	100.000	0.035	100.002	7.856	0.516	0.676	1785285692.652
1010	100.000	-0.371	100.002	7.802	0.872	0.681	1785285692.854
1011	100.000	-0.166	99.998	7.830	1.264	0.678	1785285693.042
1012	100.000	-0.000	100.001	7.577	1.608	0.688	1785285693.224
1013	100.000	0.083	100.006	7.280	2.033	0.690	1785285693.433
1014	100.000	0.144	100.000	7.051	2.419	0.686	1785285693.627
1015	100.000	0.336	100.000	6.653	2.857	0.674	1785285693.778
1016	100.000	0.103	100.002	6.406	3.263	0.674	1785285694.006
1017	100.000	0.118	100.000	6.152	3.673	0.664	1785285694.172
1018	100.000	-0.332	100.000	6.148	4.202	0.664	1785285694.367
1019	100.000	0.112	99.998	5.861	4.603	0.664	1785285694.550
1020	100.000	-0.135	99.998	6.164	5.079	0.664	1785285694.747
1021	100.000	-0.028	99.994	6.663	5.471	0.664	1785285694.921
1022	100.000	0.060	100.006	7.195	5.866	0.664	1785285695.102
1023	100.000	-0.254	99.999	7.425	6.210	0.664	1785285695.304
1024	100.000	-0.448	100.005	7.635	0.382	0.673	1785285695.564
1025	100.000	-0.319	100.004	7.853	0.884	0.674	1785285695.785
1026	100.000	-0.013	99.999	7.959	1.246	0.679	1785285695.978
1027	100.000	-0.095	100.001	7.578	1.615	0.679	1785285696.159
1028	100.000	0.123	99.999	7.092	2.038	0.696	1785285696.342
1029	100.000	-0.263	100.001	6.885	2.414	0.688	1785285696.538
1030	100.000	-0.057	100.001	6.632	2.856	0.688	1785285696.744
1031	100.000	0.038	100.006	6.414	3.340	0.664	1785285696.934
1032	100.000	0.154	100.006	6.069	3.726	0.664	1785285697.120
1033	100.000	-0.245	99.998	5.983	4.199	0.664	1785285697.320
1034	100.000	0.227	100.002	6.049	4.651	0.664	1785285697.487
1035	100.000	0.095	99.996	6.429	5.083	0.664	1785285697.677
1036	100.000	-0.267	99.997	6.709	5.482	0.664	1785285697.860
1037	100.000	0.075	100.000	6.980	5.889	0.664	1785285698.057
1038	100.000	0.355	99.998	7.357	6.239	0.669	1785285698.249
1039	100.000	0.220	100.000	7.602	0.345	0.664	1785285698.426
1040	100.000	0.165	99.999	7.628	0.681	0.683	1785285698.607
1041	100.000	-0.154	99.997	7.485	0.992	0.681	1785285698.770
1042	100.000	-0.062	100.003	7.548	1.359	0.676	1785285698.979
1043	100.000	-0.013	100.000	7.184	1.776	0.688	1785285699.180
1044	100.000	0.022	99.997	6.732	2.173	0.690	1785285699.358
1045	100.000	-0.068	100.003	6.425	2.624	0.705	1785285699.559
1046	100.000	0.147	99.995	6.048	2.995	0.709	1785285699.748
1047	100.000	0.108	100.000	5.913	3.549	0.664	1785285699.996
1048	100.000	-0.131	100.001	5.637	4.076	0.664	1785285700.167
1049	100.000	-0.177	100.001	5.705	4.517	0.664	1785285700.331
1050	100.000	-0.340	100.001	6.028	4.902	0.664	1785285700.535
1051	100.000	0.216	100.001	6.535	5.369	0.664	1785285700.711
1052	100.000	-0.064	99.997	6.925	5.718	0.664	1785285700.931
1053	100.000	0.049	100.004	7.029	6.192	0.664	1785285701.119
1054	100.000	0.313	100.001	7.455	0.268	0.675	1785285701.297
1055	100.000	0.393	100.000	7.564	0.630	0.671	1785285701.488
1056	100.000	0.098	100.000	7.343	0.959	0.671	1785285701.687
1057	100.000	-0.028	99.998	7.274	1.377	0.681	1785285701.921
1058	100.000	0.062	100.003	6.908	1.812	0.688	1785285702.099
1059	100.000	-0.118	100.002	6.437	2.219	0.694	1785285702.273
1060	100.000	0.042	99.999	6.416	2.610	0.686	1785285702.516
1061	100.000	-0.291	99.996	6.034	3.134	0.664	1785285702.728
1062	100.000	0.365	100.001	5.851	3.658	0.664	1785285702.926
1063	100.000	-0.064	99.999	5.738	4.102	0.664	1785285703.105
1064	100.000	-0.101	99.997	5.851	4.579	0.664	1785285703.273
1065	100.000	-0.127	100.000	6.225	5.004	0.664	1785285703.481
1066	100.000	0.260	100.000	6.464	5.379	0.664	1785285703.659
1067	100.000	0.386	99.999	6.742	5.805	0.664	1785285703.850
1068	100.000	-0.025	99.998	7.093	6.189	0.664	1785285704.054
1069	100.000	0.556	100.003	7.281	0.283	0.669	1785285704.231
1070	100.000	-0.005	100.003	7.507	0.653	0.678	1785285704.455
1071	100.000	-0.196	99.998	7.461	1.098	0.680	1785285704.686
1072	100.000	0.184	100.000	7.314	1.487	0.686	1785285704.866
1073	100.000	-0.129	100.005	6.914	1.865	0.685	1785285705.044
1074	100.000	0.075	100.000	6.667	2.236	0.696	1785285705.216
1075	100.000	0.162	100.004	6.415	2.651	0.688	1785285705.418
1076	100.000	0.224	100.001	6.224	3.103	0.686	1785285705.594
1077	100.000	0.221	99.997	5.926	3.534	0.664	1785285705.827
1078	100.000	0.228	100.000	5.976	4.071	0.664	1785285706.066
1079	100.000	0.020	100.003	6.093	4.666	0.664	1785285706.296
1080	100.000	-0.072	100.000	6.202	5.162	0.664	1785285706.496
1081	100.000	0.216	100.000	6.732	5.643	0.664	1785285706.727
1082	100.000	-0.089	100.000	7.182	6.081	0.664	1785285706.951
1083	100.000	0.211	99.997	7.370	0.225	0.675	1785285707.176
1084	100.000	-0.003	100.000	7.539	0.597	0.683	1785285707.364
1085	100.000	0.127	99.997	7.473	0.994	0.681	1785285707.554
1086	100.000	0.050	100.001	7.375	1.350	0.685	1785285707.752
1087	100.000	0.158	100.003	6.859	1.797	0.682	1785285707.922
1088	100.000	-0.210	100.004	6.868	2.121	0.687	1785285708.124
1089	100.000	0.013	99.999	6.598	2.574	0.694	1785285708.311
1090	100.000	-0.371	99.999	6.339	3.052	0.664	1785285708.532
1091	100.000	0.003	100.001	6.044	3.547	0.664	1785285708.738
1092	100.000	-0.390	100.003	5.758	4.060	0.664	1785285708.988
1093	100.000	0.326	99.999	5.931	4.581	0.664	1785285709.164
1094	100.000	0.393	100.000	6.020	5.065	0.664	1785285709.371
1095	100.000	0.429	99.997	6.510	5.467	0.664	1785285709.553
1096	100.000	-0.057	99.998	7.018	5.863	0.664	1785285709.739
1097	100.000	-0.130	100.001	7.383	6.149	0.673	1785285709.914
1098	100.000	-0.192	100.008	7.396	0.220	0.681	1785285710.092
1099	100.000	0.218	99.998	7.664	0.616	0.668	1785285710.297
1100	100.000	-0.069	100.001	7.336	0.961	0.678	1785285710.482
1101	100.000	-0.239	100.001	7.055	1.354	0.693	1785285710.681
1102	100.000	0.468	99.998	6.877	1.760	0.686	1785285710.871
1103	100.000	-0.178	99.999	6.703	2.172	0.680	1785285711.065
1104	100.000	0.273	100.006	6.415	2.608	0.682	1785285711.247
1105	100.000	0.223	100.001	6.387	3.033	0.664	1785285711.435
1106	100.000	-0.160	100.002	6.107	3.498	0.664	1785285711.627
1107	100.000	-0.150	99.997	6.177	3.947	0.664	1785285711.825
1108	100.000	-0.082	99.996	5.891	4.370	0.664	1785285712.004
1109	100.000	0.149	99.997	6.183	4.828	0.664	1785285712.196
1110	100.000	-0.159	99.998	6.499	5.252	0.664	1785285712.407
1111	100.000	0.092	99.996	6.921	5.704	0.664	1785285712.655
1112	100.000	-0.052	100.004	7.420	6.178	0.664	1785285712.842
1113	100.000	-0.010	100.001	7.536	0.265	0.664	1785285713.045
1114	100.000	0.048	100.001	7.320	0.607	0.680	1785285713.291
1115	100.000	-0.029	99.995	7.164	1.061	0.674	1785285713.504
1116	100.000	-0.195	100.000	6.986	1.508	0.682	1785285713.715
1117	100.000	-0.095	99.997	6.586	1.967	0.688	1785285713.926
1118	100.000	-0.012	100.000	6.173	2.458	0.692	1785285714.119
1119	100.000	-0.278	100.002	6.120	2.899	0.693	1785285714.334
1120	100.000	-0.013	100.000	5.995	3.327	0.664	1785285714.525
1121	100.000	-0.104	100.003	5.836	3.887	0.664	1785285714.787
1122	100.000	0.493	100.002	6.144	4.473	0.664	1785285715.008
1123	100.000	0.242	99.999	6.127	4.957	0.664	1785285715.204
1124	100.000	-0.119	99.996	6.838	5.288	0.664	1785285715.391
1125	100.000	-0.138	99.999	6.888	5.700	0.664	1785285715.598
1126	100.000	-0.031	100.000	7.012	6.152	0.679	1785285715.843
1127	100.000	0.085	99.998	6.897	0.262	0.673	1785285716.022
1128	100.000	-0.019	100.002	7.211	0.642	0.673	1785285716.212
1129	100.000	0.096	100.000	7.260	1.059	0.677	1785285716.382
1130	100.000	0.039	99.995	6.750	1.372	0.691	1785285716.584
1131	100.000	-0.184	99.997	6.606	1.793	0.690	1785285716.771
1132	100.000	0.225	99.998	6.370	2.234	0.683	1785285716.967
1133	100.000	-0.214	100.000	6.350	2.640	0.674	1785285717.169
1134	100.000	0.195	100.002	5.990	3.225	0.677	1785285717.423
1135	100.000	0.092	99.997	5.929	3.705	0.664	1785285717.631
1136	100.000	0.307	100.000	5.957	4.232	0.664	1785285717.844
1137	100.000	-0.104	100.005	6.088	4.702	0.664	1785285718.023
1138	100.000	-0.326	99.999	6.195	5.093	0.664	1785285718.221
1139	100.000	-0.161	99.997	6.611	5.545	0.664	1785285718.457
1140	100.000	0.126	100.002	6.933	5.951	0.664	1785285718.637
1141	100.000	0.319	100.000	7.293	6.264	0.682	1785285718.828
1142	100.000	-0.140	99.998	7.328	0.411	0.664	1785285718.985
1143	100.000	0.173	100.002	7.294	0.740	0.672	1785285719.200
1144	100.000	0.084	100.002	6.908	1.132	0.684	1785285719.386
1145	100.000	-0.325	100.002	6.947	1.521	0.683	1785285719.583
1146	100.000	0.055	100.000	6.611	1.926	0.681	1785285719.784
1147	100.000	0.213	100.003	6.515	2.305	0.673	1785285719.953
1148	100.000	0.060	99.999	6.381	2.712	0.664	1785285720.136
1149	100.000	0.365	100.002	6.169	3.148	0.664	1785285720.325
1150	100.000	0.034	100.000	6.052	3.574	0.664	1785285720.517
1151	100.000	0.029	99.999	5.890	4.045	0.664	1785285720.696
1152	100.000	-0.131	100.003	6.047	4.484	0.664	1785285720.896
1153	100.000	0.126	99.998	5.934	4.940	0.664	1785285721.104
1154	100.000	-0.091	99.998	6.313	5.354	0.664	1785285721.313
1155	100.000	0.329	100.003	6.698	5.783	0.664	1785285721.531
1156	100.000	-0.390	100.002	7.071	6.257	0.683	1785285721.793
1157	100.000	-0.024	100.001	7.054	0.445	0.675	1785285722.023
1158	100.000	0.190	100.001	7.066	0.845	0.684	1785285722.219
1159	100.000	-0.081	99.999	6.910	1.319	0.680	1785285722.466
1160	100.000	0.094	100.002	6.363	1.808	0.687	1785285722.670
1161	100.000	0.172	99.998	6.541	2.234	0.679	1785285722.898
1162	100.000	-0.071	100.000	6.069	2.760	0.698	1785285723.098
1163	100.000	-0.286	99.997	6.039	3.244	0.671	1785285723.324
1164	100.000	-0.337	99.996	6.024	3.745	0.664	1785285723.514
1165	100.000	-0.184	100.001	5.880	4.137	0.664	1785285723.697
1166	100.000	0.105	100.001	6.054	4.564	0.664	1785285723.864
1167	100.000	0.010	100.001	5.950	5.003	0.664	1785285724.072
1168	100.000	-0.027	99.999	6.499	5.420	0.664	1785285724.259
1169	100.000	-0.226	100.002	6.784	5.801	0.664	1785285724.450
1170	100.000	0.163	100.000	6.882	6.165	0.664	1785285724.637
1171	100.000	0.145	100.000	7.265	0.189	0.685	1785285724.834
1172	100.000	-0.205	100.002	7.397	0.587	0.675	1785285725.026
1173	100.000	-0.021	100.000	7.180	0.949	0.679	1785285725.212
1174	100.000	0.130	99.998	7.047	1.320	0.678	1785285725.406
1175	100.000	0.117	100.001	6.846	1.742	0.685	1785285725.564
1176	100.000	0.273	100.002	6.567	2.136	0.681	1785285725.770
1177	100.000	0.162	100.001	6.188	2.538	0.687	1785285725.963
1178	100.000	-0.313	99.999	6.060	3.033	0.679	1785285726.146
1179	100.000	-0.070	99.996	6.052	3.419	0.664	1785285726.326
1180	100.000	-0.169	99.997	5.727	3.789	0.664	1785285726.493
1181	100.000	-0.081	100.004	5.866	4.246	0.664	1785285726.721
1182	100.000	0.002	99.998	6.102	4.699	0.664	1785285726.899
1183	100.000	-0.126	99.999	6.151	5.090	0.664	1785285727.088
1184	100.000	-0.028	100.001	6.447	5.524	0.664	1785285727.279
1185	100.000	-0.116	100.002	6.466	5.892	0.664	1785285727.468
1186	100.000	-0.056	99.999	6.794	0.005	0.664	1785285727.660
1187	100.000	0.210	100.002	7.088	0.348	0.674	1785285727.821
1188	100.000	0.189	100.002	7.158	0.673	0.678	1785285728.030
1189	100.000	0.104	99.996	7.052	1.072	0.678	1785285728.211
1190	100.000	-0.152	100.001	7.157	1.437	0.678	1785285728.396
1191	100.000	-0.333	99.999	6.601	1.837	0.693	1785285728.577
1192	100.000	0.490	99.998	6.552	2.269	0.689	1785285728.760
1193	100.000	0.037	100.000	6.133	2.723	0.677	1785285728.954
1194	100.000	0.015	100.001	5.832	3.185	0.664	1785285729.149
1195	100.000	-0.114	100.001	5.667	3.541	0.664	1785285729.340
1196	100.000	0.183	100.003	5.833	3.985	0.664	1785285729.537
1197	100.000	-0.167	100.000	5.768	4.525	0.664	1785285729.774
1198	100.000	0.223	99.997	5.991	5.044	0.664	1785285729.973
1199	100.000	0.017	100.002	6.275	5.513	0.664	1785285730.218
1200	100.000	0.349	100.000	6.595	5.965	0.664	1785285730.411
1201	100.000	-0.167	100.005	6.828	0.072	0.674	1785285730.651
1202	100.000	-0.383	99.998	6.872	0.454	0.687	1785285730.814
1203	100.000	0.218	99.998	7.063	0.853	0.679	1785285731.021
1204	100.000	0.061	100.000	7.143	1.201	0.680	1785285731.210
1205	100.000	0.159	99.995	6.758	1.699	0.689	1785285731.469
1206	100.000	0.235	99.999	6.342	2.178	0.686	1785285731.662
1207	100.000	-0.155	100.001	6.161	2.635	0.690	1785285731.900
1208	100.000	-0.098	99.999	5.974	3.172	0.664	1785285732.145
1209	100.000	0.103	100.004	5.818	3.763	0.664	1785285732.338
1210	100.000	0.199	100.002	5.734	4.190	0.664	1785285732.525
1211	100.000	-0.057	100.006	5.798	4.645	0.664	1785285732.710
1212	100.000	0.067	100.002	5.988	5.073	0.664	1785285732.910
1213	100.000	-0.174	100.000	6.416	5.395	0.664	1785285733.089
1214	100.000	0.013	100.002	6.468	5.851	0.664	1785285733.277
1215	100.000	0.042	99.999	6.935	6.190	0.664	1785285733.448
1216	100.000	-0.396	99.999	6.967	0.229	0.664	1785285733.628
1217	100.000	-0.049	99.999	6.915	0.572	0.689	1785285733.844
1218	100.000	0.180	100.004	6.950	0.955	0.687	1785285734.034
1219	100.000	0.342	100.000	6.901	1.398	0.683	1785285734.270
1220	100.000	-0.291	100.001	6.609	1.918	0.684	1785285734.483
1221	100.000	0.170	99.998	6.387	2.364	0.688	1785285734.688
1222	100.000	-0.004	100.003	6.316	2.788	0.689	1785285734.911
1223	100.000	-0.088	100.001	6.072	3.354	0.664	1785285735.159
1224	100.000	-0.228	99.997	5.802	3.841	0.664	1785285735.336
1225	100.000	-0.201	100.001	5.615	4.342	0.664	1785285735.545
1226	100.000	-0.296	99.997	5.726	4.800	0.664	1785285735.746
1227	100.000	-0.184	99.997	6.278	5.268	0.664	1785285735.925
1228	100.000	-0.144	100.002	6.274	5.635	0.664	1785285736.135
1229	100.000	0.189	100.003	6.750	6.058	0.664	1785285736.309
1230	100.000	-0.176	99.998	6.795	0.126	0.684	1785285736.515
1231	100.000	0.150	99.999	6.941	0.492	0.681	1785285736.697
1232	100.000	0.361	100.004	7.153	0.859	0.683	1785285736.876
1233	100.000	-0.079	100.001	6.781	1.257	0.688	1785285737.087
1234	100.000	-0.257	99.999	6.596	1.672	0.692	1785285737.254
1235	100.000	0.006	100.001	6.747	2.036	0.680	1785285737.461
1236	100.000	0.310	100.000	6.307	2.444	0.689	1785285737.639
1237	100.000	-0.123	100.003	6.200	2.795	0.700	1785285737.818
1238	100.000	0.087	100.001	5.812	3.325	0.664	1785285738.000
1239	100.000	0.196	99.999	5.545	3.694	0.664	1785285738.196
1240	100.000	-0.054	100.000	5.619	4.179	0.664	1785285738.387
1241	100.000	0.026	99.998	5.669	4.586	0.664	1785285738.580
1242	100.000	-0.219	100.001	5.820	5.112	0.664	1785285738.774
1243	100.000	-0.052	100.001	6.133	5.488	0.664	1785285738.963
1244	100.000	0.088	100.004	6.571	5.880	0.664	1785285739.148
1245	100.000	0.041	100.000	6.603	0.008	0.664	1785285739.328
1246	100.000	-0.416	100.002	6.878	0.332	0.685	1785285739.532
1247	100.000	-0.137	100.001	7.172	0.724	0.678	1785285739.717
1248	100.000	-0.007	100.000	7.092	1.130	0.682	1785285739.968
1249	100.000	-0.024	100.004	6.964	1.635	0.681	1785285740.208
1250	100.000	-0.203	100.002	6.635	2.052	0.684	1785285740.400
1251	100.000	0.062	99.996	6.426	2.433	0.686	1785285740.578
1252	100.000	0.073	100.000	6.040	2.820	0.686	1785285740.741
1253	100.000	0.314	100.000	5.720	3.281	0.664	1785285740.939
1254	100.000	-0.133	100.001	5.628	3.705	0.664	1785285741.126
1255	100.000	-0.126	99.999	5.275	4.104	0.664	1785285741.349
1256	100.000	0.090	100.001	5.533	4.752	0.664	1785285741.578
1257	100.000	-0.084	100.000	5.726	5.179	0.664	1785285741.773
1258	100.000	-0.016	99.996	6.039	5.673	0.664	1785285741.956
1259	100.000	-0.358	99.999	6.450	6.009	0.664	1785285742.139
1260	100.000	-0.120	99.994	6.793	0.098	0.678	1785285742.336
1261	100.000	0.033	99.999	7.021	0.448	0.688	1785285742.513
1262	100.000	0.099	99.999	7.198	0.811	0.683	1785285742.712
1263	100.000	-0.042	100.000	7.239	1.176	0.680	1785285742.906
1264	100.000	0.000	100.002	6.957	1.550	0.684	1785285743.100
1265	100.000	0.019	100.000	6.692	1.905	0.685	1785285743.272
1266	100.000	-0.263	99.999	6.631	2.295	0.683	1785285743.479
1267	100.000	0.338	100.003	6.154	2.804	0.688	1785285743.678
1268	100.000	0.008	99.999	5.831	3.285	0.664	1785285743.909
1269	100.000	0.276	100.004	5.539	3.803	0.664	1785285744.114
1270	100.000	-0.189	99.996	5.539	4.259	0.664	1785285744.311
1271	100.000	-0.083	99.998	5.609	4.849	0.664	1785285744.559
1272	100.000	0.066	99.997	5.985	5.268	0.664	1785285744.740
1273	100.000	-0.437	99.999	6.195	5.699	0.664	1785285744.927
1274	100.000	0.084	100.000	6.525	6.062	0.664	1785285745.095
1275	100.000	-0.186	100.000	6.740	0.125	0.685	1785285745.297
1276	100.000	0.018	99.995	6.876	0.515	0.677	1785285745.473
1277	100.000	-0.072	99.996	7.159	0.864	0.675	1785285745.663
1278	100.000	-0.132	100.001	7.289	1.219	0.683	1785285745.865
1279	100.000	0.023	100.003	6.999	1.637	0.678	1785285746.053
1280	100.000	-0.115	100.004	6.890	1.993	0.678	1785285746.253
1281	100.000	0.086	100.000	6.407	2.406	0.707	1785285746.426
1282	100.000	0.107	100.000	6.248	2.822	0.693	1785285746.631
1283	100.000	-0.082	99.998	5.938	3.204	0.664	1785285746.799
1284	100.000	-0.115	100.000	5.693	3.628	0.664	1785285746.997
1285	100.000	-0.095	99.999	5.491	4.135	0.664	1785285747.182
1286	100.000	0.222	99.996	5.499	4.524	0.664	1785285747.362
1287	100.000	0.042	100.001	5.739	4.957	0.664	1785285747.532
1288	100.000	0.047	100.000	5.776	5.409	0.664	1785285747.732
1289	100.000	-0.372	99.996	6.073	5.886	0.664	1785285747.951
1290	100.000	0.041	100.001	6.507	0.021	0.664	1785285748.164
1291	100.000	0.180	99.997	6.645	0.407	0.690	1785285748.362
1292	100.000	0.505	99.998	7.041	0.819	0.681	1785285748.555
1293	100.000	0.205	100.004	6.956	1.211	0.680	1785285748.761
1294	100.000	-0.074	99.999	6.979	1.613	0.683	1785285748.973
1295	100.000	-0.121	100.002	6.883	2.024	0.679	1785285749.171
1296	100.000	0.115	100.004	6.390	2.477	0.682	1785285749.356
1297	100.000	0.265	100.000	6.061	2.889	0.693	1785285749.538
1298	100.000	-0.250	100.000	5.882	3.249	0.664	1785285749.728
1299	100.000	0.001	100.000	5.766	3.692	0.664	1785285749.923
1300	100.000	-0.048	100.002	5.448	4.134	0.664	1785285750.115
1301	100.000	0.120	99.998	5.426	4.584	0.664	1785285750.293
1302	100.000	0.123	100.003	5.656	5.065	0.664	1785285750.486
1303	100.000	-0.084	100.001	5.799	5.484	0.664	1785285750.663
1304	100.000	-0.039	100.003	6.408	5.860	0.664	1785285750.861
1305	100.000	0.104	100.000	6.514	6.281	0.676	1785285751.146
1306	100.000	-0.030	99.998	6.539	0.506	0.677	1785285751.363
1307	100.000	-0.095	99.999	6.654	0.944	0.679	1785285751.561
1308	100.000	-0.221	99.998	6.789	1.343	0.690	1785285751.753
1309	100.000	0.107	99.999	6.363	1.725	0.687	1785285751.933
1310	100.000	0.421	100.004	6.233	2.101	0.684	1785285752.135
1311	100.000	0.253	99.998	6.216	2.536	0.682	1785285752.327
1312	100.000	0.019	100.003	6.050	2.958	0.675	1785285752.520
1313	100.000	-0.122	99.999	5.840	3.468	0.664	1785285752.756
1314	100.000	-0.061	100.003	5.356	3.892	0.664	1785285752.936
1315	100.000	-0.019	100.001	5.285	4.345	0.664	1785285753.123
1316	100.000	-0.024	100.005	5.549	4.830	0.664	1785285753.310
1317	100.000	0.205	99.997	5.499	5.210	0.664	1785285753.480
1318	100.000	0.087	99.998	5.928	5.663	0.664	1785285753.697
1319	100.000	-0.000	100.002	6.218	6.093	0.664	1785285753.899
1320	100.000	0.089	100.007	6.430	0.203	0.684	1785285754.127
1321	100.000	0.218	100.001	6.810	0.663	0.682	1785285754.312
1322	100.000	-0.246	100.000	7.024	1.032	0.682	1785285754.496
1323	100.000	0.291	99.997	6.899	1.355	0.682	1785285754.676
1324	100.000	-0.094	100.002	6.645	1.713	0.688	1785285754.879
1325	100.000	0.177	99.998	6.846	2.139	0.682	1785285755.089
1326	100.000	0.437	100.001	6.212	2.648	0.699	1785285755.328
1327	100.000	0.124	100.000	5.861	3.125	0.664	1785285755.500
1328	100.000	-0.242	99.997	5.712	3.489	0.664	1785285755.704
1329	100.000	0.081	100.000	5.485	4.031	0.664	1785285755.927
1330	100.000	0.186	99.998	5.476	4.529	0.664	1785285756.113
1331	100.000	-0.221	100.000	5.465	4.947	0.664	1785285756.330
1332	100.000	-0.027	99.998	5.585	5.472	0.664	1785285756.506
1333	100.000	-0.045	99.995	5.876	5.807	0.664	1785285756.703
1334	100.000	0.206	100.005	6.274	6.233	0.664	1785285756.892
1335	100.000	-0.037	100.004	6.598	0.330	0.676	1785285757.080
1336	100.000	-0.272	100.000	6.713	0.611	0.687	1785285757.253
1337	100.000	-0.062	99.993	7.041	1.046	0.678	1785285757.459
1338	100.000	-0.063	99.998	6.868	1.462	0.681	1785285757.709
1339	100.000	-0.070	99.999	6.576	1.960	0.683	1785285757.960
1340	100.000	-0.232	100.000	6.501	2.469	0.688	1785285758.190
1341	100.000	-0.141	100.004	6.104	2.961	0.680	1785285758.358
1342	100.000	0.175	99.998	5.921	3.294	0.664	1785285758.566
1343	100.000	0.368	100.004	5.390	3.709	0.664	1785285758.755
1344	100.000	-0.003	100.000	5.174	4.122	0.664	1785285758.947
1345	100.000	0.270	100.000	5.327	4.621	0.664	1785285759.155
1346	100.000	-0.061	99.994	5.322	5.179	0.664	1785285759.362
1347	100.000	0.018	99.999	5.576	5.652	0.664	1785285759.561
1348	100.000	0.336	100.003	5.795	6.080	0.664	1785285759.736
1349	100.000	-0.119	100.001	6.280	0.130	0.671	1785285759.926
1350	100.000	-0.093	100.005	6.526	0.520	0.680	1785285760.119
1351	100.000	-0.006	100.000	6.699	0.892	0.681	1785285760.322
1352	100.000	-0.190	100.001	6.902	1.262	0.672	1785285760.512
1353	100.000	0.350	100.000	6.780	1.687	0.681	1785285760.747
1354	100.000	-0.173	100.006	6.480	2.155	0.684	1785285760.953
1355	100.000	0.058	100.001	6.314	2.613	0.687	1785285761.209
1356	100.000	-0.203	99.997	6.128	3.138	0.664	1785285761.443
1357	100.000	-0.278	99.999	5.647	3.587	0.664	1785285761.623
1358	100.000	-0.003	99.998	5.466	4.013	0.664	1785285761.798
1359	100.000	-0.106	100.003	5.343	4.414	0.664	1785285761.994
1360	100.000	0.064	99.999	5.205	4.912	0.664	1785285762.179
1361	100.000	-0.119	100.005	5.474	5.403	0.664	1785285762.362
1362	100.000	-0.148	100.001	5.721	5.749	0.664	1785285762.575
1363	100.000	-0.054	100.001	5.998	6.274	0.664	1785285762.762
1364	100.000	-0.196	100.001	6.393	0.348	0.682	1785285762.992
1365	100.000	0.287	99.999	6.767	0.735	0.682	1785285763.189
1366	100.000	-0.269	99.999	6.835	1.091	0.682	1785285763.368
1367	100.000	0.329	99.994	6.696	1.426	0.685	1785285763.554
1368	100.000	0.025	100.000	6.721	1.804	0.680	1785285763.734
1369	100.000	0.328	99.998	6.299	2.201	0.682	1785285763.924
1370	100.000	0.349	100.000	6.144	2.591	0.699	1785285764.123
1371	100.000	0.193	99.995	6.139	2.984	0.664	1785285764.309
1372	100.000	0.177	100.001	5.688	3.401	0.664	1785285764.495
1373	100.000	-0.048	100.003	5.504	3.807	0.664	1785285764.683
1374	100.000	-0.136	100.002	5.516	4.254	0.664	1785285764.876
1375	100.000	-0.001	100.000	5.163	4.685	0.664	1785285765.069
1376	100.000	0.243	100.001	5.204	5.103	0.664	1785285765.239
1377	100.000	0.034	99.999	5.293	5.569	0.664	1785285765.448
1378	100.000	-0.128	100.000	5.804	5.928	0.664	1785285765.615
1379	100.000	-0.266	100.000	5.880	0.051	0.667	1785285765.810
1380	100.000	0.141	100.003	6.343	0.429	0.672	1785285765.984
1381	100.000	0.075	100.001	6.455	0.762	0.684	1785285766.172
1382	100.000	-0.438	100.003	6.678	1.165	0.679	1785285766.382
1383	100.000	0.432	100.002	6.472	1.554	0.688	1785285766.572
1384	100.000	0.270	100.002	6.703	1.928	0.676	1785285766.771
1385	100.000	0.143	99.997	6.187	2.269	0.672	1785285766.935
1386	100.000	0.186	100.001	6.087	2.718	0.692	1785285767.121
1387	100.000	0.065	100.001	5.981	3.046	0.664	1785285767.307
1388	100.000	-0.180	100.000	5.695	3.526	0.664	1785285767.517
1389	100.000	0.011	100.003	5.375	3.928	0.664	1785285767.689
1390	100.000	0.102	100.000	5.229	4.394	0.664	1785285767.884
1391	100.000	0.166	100.000	5.830	4.810	0.664	1785285768.065
1392	100.000	0.253	99.998	5.552	5.242	0.664	1785285768.247
1393	100.000	0.531	99.998	5.785	5.664	0.664	1785285768.429
1394	100.000	0.033	99.999	5.857	6.023	0.664	1785285768.605
1395	100.000	0.463	100.005	6.236	0.112	0.681	1785285768.804
1396	100.000	0.105	100.002	6.159	0.492	0.685	1785285769.012
1397	100.000	0.442	100.002	6.687	0.990	0.679	1785285769.270
1398	100.000	0.163	99.996	6.636	1.436	0.682	1785285769.502
1399	100.000	0.001	99.997	6.626	1.924	0.683	1785285769.714
1400	100.000	0.454	100.000	6.272	2.381	0.683	1785285769.946
1401	100.000	-0.206	100.001	5.974	2.837	0.664	1785285770.118
1402	100.000	0.017	100.000	5.818	3.263	0.664	1785285770.315
1403	100.000	-0.326	100.000	5.595	3.699	0.664	1785285770.501
1404	100.000	0.500	100.003	5.426	4.137	0.664	1785285770.681
1405	100.000	0.013	100.002	5.613	4.484	0.664	1785285770.857
1406	100.000	-0.235	99.995	5.263	4.943	0.664	1785285771.064
1407	100.000	0.066	99.999	5.504	5.351	0.664	1785285771.241
1408	100.000	0.006	99.996	5.693	5.820	0.664	1785285771.420
1409	100.000	0.009	100.000	5.983	6.112	0.664	1785285771.623
1410	100.000	-0.114	100.000	6.228	0.240	0.683	1785285771.814
1411	100.000	0.041	99.999	6.650	0.675	0.670	1785285772.011
1412	100.000	-0.080	100.001	6.648	1.057	0.682	1785285772.185
1413	100.000	0.112	100.001	6.759	1.435	0.681	1785285772.415
1414	100.000	-0.055	99.997	6.566	1.879	0.683	1785285772.620
1415	100.000	0.014	100.004	6.565	2.302	0.676	1785285772.835
1416	100.000	0.246	100.001	6.129	2.727	0.700	1785285773.069
1417	100.000	-0.194	100.003	5.686	3.229	0.664	1785285773.282
1418	100.000	-0.041	100.004	5.426	3.770	0.664	1785285773.512
1419	100.000	0.184	99.996	4.960	4.233	0.664	1785285773.734
1420	100.000	0.028	99.998	5.303	4.770	0.664	1785285773.913
1421	100.000	0.047	100.003	5.259	5.257	0.664	1785285774.094
1422	100.000	-0.073	99.999	5.536	5.648	0.664	1785285774.289
1423	100.000	0.205	99.997	5.837	6.042	0.664	1785285774.462
1424	100.000	-0.197	99.995	6.201	0.171	0.673	1785285774.693
1425	100.000	-0.146	100.000	6.597	0.653	0.677	1785285774.950
1426	100.000	0.057	100.006	6.800	1.132	0.687	1785285775.170
1427	100.000	0.118	100.002	6.945	1.551	0.681	1785285775.373
1428	100.000	0.040	99.998	6.964	1.878	0.682	1785285775.557
1429	100.000	-0.092	100.001	6.657	2.290	0.685	1785285775.738
1430	100.000	0.336	100.001	6.250	2.683	0.686	1785285775.930
1431	100.000	0.232	100.000	5.919	3.140	0.664	1785285776.125
1432	100.000	-0.320	100.001	5.724	3.533	0.664	1785285776.314
1433	100.000	-0.267	99.998	5.300	3.931	0.664	1785285776.497
1434	100.000	-0.005	100.002	4.967	4.406	0.664	1785285776.690
1435	100.000	-0.116	99.996	5.341	4.792	0.664	1785285776.871
1436	100.000	0.338	100.004	5.205	5.284	0.664	1785285777.048
1437	100.000	-0.012	100.001	5.487	5.662	0.664	1785285777.242
1438	100.000	0.249	99.999	5.848	6.109	0.664	1785285777.420
1439	100.000	0.059	99.999	6.098	0.184	0.664	1785285777.621
1440	100.000	0.063	100.000	6.542	0.601	0.688	1785285777.807
1441	100.000	-0.076	99.999	6.895	0.984	0.673	1785285777.983
1442	100.000	0.039	100.000	6.821	1.290	0.684	1785285778.157
1443	100.000	-0.019	100.005	6.655	1.712	0.690	1785285778.367
1444	100.000	-0.100	100.000	6.718	2.154	0.686	1785285778.627
1445	100.000	0.087	100.002	6.435	2.609	0.676	1785285778.828
1446	100.000	0.109	99.998	6.230	3.088	0.664	1785285779.019
1447	100.000	-0.385	99.999	5.751	3.408	0.664	1785285779.220
1448	100.000	-0.114	100.000	5.713	3.942	0.664	1785285779.428
1449	100.000	0.168	100.003	4.940	4.425	0.664	1785285779.621
1450	100.000	-0.132	99.995	5.348	4.805	0.664	1785285779.819
1451	100.000	-0.222	100.002	5.104	5.422	0.664	1785285780.053
1452	100.000	-0.096	100.002	5.455	5.945	0.664	1785285780.252
1453	100.000	0.297	100.003	5.841	0.044	0.671	1785285780.493
1454	100.000	0.131	100.002	6.330	0.480	0.688	1785285780.681
1455	100.000	-0.363	99.999	6.382	0.835	0.681	1785285780.875
1456	100.000	-0.186	99.997	6.481	1.225	0.685	1785285781.042
1457	100.000	-0.306	99.999	6.546	1.578	0.687	1785285781.239
1458	100.000	0.240	99.997	6.662	1.961	0.683	1785285781.428
1459	100.000	-0.090	99.998	6.464	2.378	0.687	1785285781.612
1460	100.000	0.005	100.000	6.406	2.756	0.675	1785285781.822
1461	100.000	0.099	99.999	6.062	3.188	0.664	1785285782.014
1462	100.000	0.487	99.999	5.831	3.666	0.664	1785285782.226
1463	100.000	0.094	100.002	5.381	4.102	0.664	1785285782.416
1464	100.000	0.114	99.996	5.320	4.554	0.664	1785285782.596
1465	100.000	0.078	100.001	5.301	4.964	0.664	1785285782.798
1466	100.000	-0.052	99.999	5.387	5.418	0.664	1785285782.973
1467	100.000	-0.167	100.001	5.583	5.836	0.664	1785285783.187
1468	100.000	-0.030	100.000	5.863	6.249	0.700	1785285783.352
1469	100.000	0.034	99.999	6.013	0.348	0.689	1785285783.547
1470	100.000	0.088	100.001	6.264	0.725	0.686	1785285783.757
1471	100.000	-0.017	100.004	6.494	1.227	0.681	1785285783.989
1472	100.000	0.153	99.999	6.432	1.636	0.687	1785285784.183
1473	100.000	0.102	100.002	6.525	2.007	0.680	1785285784.386
1474	100.000	-0.107	99.998	6.241	2.485	0.687	1785285784.574
1475	100.000	-0.156	100.002	6.318	2.844	0.675	1785285784.765
1476	100.000	-0.371	100.001	6.064	3.306	0.673	1785285784.923
1477	100.000	0.188	100.001	5.971	3.672	0.664	1785285785.134
1478	100.000	-0.492	100.003	5.657	4.079	0.664	1785285785.315
1479	100.000	-0.145	100.003	5.258	4.461	0.664	1785285785.489
1480	100.000	0.163	99.999	5.209	4.929	0.664	1785285785.708
1481	100.000	0.468	99.998	5.471	5.330	0.664	1785285785.885
1482	100.000	-0.148	100.000	5.670	5.767	0.664	1785285786.091
1483	100.000	-0.118	99.999	5.783	6.232	0.664	1785285786.270
1484	100.000	0.117	100.000	6.067	0.308	0.681	1785285786.464
1485	100.000	0.088	99.998	6.145	0.699	0.680	1785285786.651
1486	100.000	-0.022	99.999	6.257	1.086	0.678	1785285786.852
1487	100.000	-0.040	100.000	6.467	1.528	0.684	1785285787.055
1488	100.000	0.018	100.004	6.310	1.936	0.689	1785285787.273
1489	100.000	0.110	100.005	6.261	2.370	0.692	1785285787.468
1490	100.000	0.065	100.002	6.008	2.790	0.688	1785285787.666
1491	100.000	-0.212	100.002	5.798	3.274	0.664	1785285787.881
1492	100.000	-0.305	100.003	5.743	3.700	0.664	1785285788.082
1493	100.000	-0.096	99.999	5.265	4.114	0.664	1785285788.261
1494	100.000	-0.507	100.001	5.220	4.554	0.664	1785285788.436
1495	100.000	0.237	99.999	5.322	4.949	0.664	1785285788.642
1496	100.000	-0.042	100.002	5.398	5.459	0.664	1785285788.821
1497	100.000	-0.153	100.004	5.505	5.853	0.664	1785285789.028
1498	100.000	0.012	99.999	5.756	6.189	0.683	1785285789.222
1499	100.000	0.144	100.001	6.135	0.346	0.692	1785285789.391
1500	100.000	-0.237	99.995	6.194	0.674	0.684	1785285789.577
1501	100.000	0.171	100.002	6.363	1.082	0.673	1785285789.770
1502	100.000	0.229	99.998	6.488	1.437	0.674	1785285789.959
1503	100.000	-0.273	100.001	6.365	1.850	0.681	1785285790.144
1504	100.000	-0.023	100.000	6.276	2.243	0.683	1785285790.350
1505	100.000	0.112	99.999	6.053	2.777	0.675	1785285790.590
1506	100.000	-0.405	100.002	5.844	3.234	0.664	1785285790.769
1507	100.000	-0.279	100.003	5.917	3.655	0.664	1785285790.952
1508	100.000	-0.181	99.999	5.654	4.012	0.664	1785285791.138
1509	100.000	-0.073	100.004	5.366	4.411	0.664	1785285791.318
1510	100.000	-0.411	100.000	5.481	4.846	0.664	1785285791.509
1511	100.000	0.239	99.998	5.258	5.351	0.664	1785285791.691
1512	100.000	-0.095	99.998	5.601	5.720	0.664	1785285791.891
1513	100.000	0.007	100.000	5.947	6.115	0.667	1785285792.095
1514	100.000	-0.316	99.998	6.138	0.276	0.673	1785285792.279
1515	100.000	-0.055	100.002	6.187	0.591	0.688	1785285792.457
1516	100.000	-0.232	100.005	6.295	0.947	0.686	1785285792.626
1517	100.000	0.023	100.000	6.590	1.394	0.679	1785285792.813
1518	100.000	0.105	100.000	6.361	1.768	0.684	1785285793.001
1519	100.000	0.086	99.999	6.158	2.167	0.687	1785285793.205
1520	100.000	-0.185	99.999	6.069	2.580	0.702	1785285793.408
1521	100.000	-0.048	100.002	6.141	3.081	0.676	1785285793.573
1522	100.000	-0.130	100.001	5.903	3.381	0.664	1785285793.750
1523	100.000	-0.025	100.003	5.701	3.849	0.664	1785285793.978
1524	100.000	-0.579	99.997	5.375	4.321	0.664	1785285794.207
1525	100.000	-0.040	99.999	5.473	4.901	0.664	1785285794.451
1526	100.000	0.101	99.998	5.635	5.339	0.664	1785285794.639
1527	100.000	0.026	100.003	5.715	5.710	0.664	1785285794.839
1528	100.000	-0.390	100.002	6.098	6.154	0.664	1785285795.018
1529	100.000	-0.182	100.001	6.048	0.218	0.677	1785285795.209
1530	100.000	0.085	99.998	6.252	0.618	0.683	1785285795.389
1531	100.000	0.097	99.999	6.293	1.011	0.687	1785285795.590
1532	100.000	0.120	99.997	6.257	1.485	0.686	1785285795.834
1533	100.000	0.312	100.000	5.868	1.942	0.685	1785285796.007
1534	100.000	-0.131	99.999	6.006	2.257	0.691	1785285796.206
1535	100.000	-0.033	100.002	5.739	2.754	0.679	1785285796.384
1536	100.000	0.121	100.000	5.729	3.067	0.675	1785285796.560
1537	100.000	0.168	100.004	5.652	3.595	0.664	1785285796.750
1538	100.000	0.213	99.996	5.540	3.954	0.664	1785285796.954
1539	100.000	-0.163	99.998	5.296	4.413	0.664	1785285797.135
1540	100.000	0.157	100.004	5.421	4.777	0.664	1785285797.311
1541	100.000	0.192	100.003	5.681	5.214	0.664	1785285797.522
1542	100.000	-0.240	99.999	5.847	5.632	0.664	1785285797.707
1543	100.000	0.066	100.000	5.925	6.054	0.664	1785285797.920
1544	100.000	-0.302	100.003	5.989	0.128	0.694	1785285798.126
1545	100.000	0.174	99.998	6.126	0.559	0.659	1785285798.305
1546	100.000	0.012	100.001	6.132	0.927	0.679	1785285798.503
1547	100.000	0.032	100.000	6.190	1.370	0.684	1785285798.681
1548	100.000	0.089	99.998	6.035	1.739	0.681	1785285798.867
1549	100.000	0.372	99.996	6.003	2.124	0.687	1785285799.055
1550	100.000	0.146	99.999	5.931	2.552	0.680	1785285799.242
1551	100.000	-0.187	100.000	5.768	2.984	0.694	1785285799.428
1552	100.000	-0.156	100.003	5.511	3.394	0.664	1785285799.591
1553	100.000	0.120	100.002	5.306	3.714	0.664	1785285799.798
1554	100.000	-0.406	100.002	5.478	4.232	0.664	1785285799.979
1555	100.000	0.270	100.000	5.087	4.624	0.664	1785285800.178
1556	100.000	0.273	100.001	5.355	5.062	0.664	1785285800.353
1557	100.000	-0.348	99.996	5.759	5.381	0.664	1785285800.551
1558	100.000	-0.172	100.002	5.925	5.840	0.664	1785285800.735
1559	100.000	0.138	99.999	6.166	6.184	0.664	1785285800.937
1560	100.000	-0.090	100.003	6.211	0.394	0.676	1785285801.163
1561	100.000	-0.133	99.997	6.322	0.778	0.674	1785285801.373
1562	100.000	-0.064	100.003	6.296	1.262	0.681	1785285801.622
1563	100.000	-0.150	100.002	6.323	1.754	0.675	1785285801.790
1564	100.000	0.009	99.999	5.981	2.109	0.692	1785285801.976
1565	100.000	0.012	100.000	5.867	2.501	0.685	1785285802.185
1566	100.000	0.336	99.998	5.501	2.929	0.677	1785285802.369
1567	100.000	-0.267	100.002	5.355	3.373	0.664	1785285802.539
1568	100.000	0.126	100.001	5.324	3.744	0.664	1785285802.742
1569	100.000	0.370	100.002	5.160	4.280	0.664	1785285802.989
1570	100.000	0.165	100.002	5.318	4.756	0.664	1785285803.168
1571	100.000	-0.203	100.000	5.430	5.155	0.664	1785285803.374
1572	100.000	-0.237	99.999	5.572	5.622	0.664	1785285803.594
1573	100.000	0.089	100.001	5.895	6.073	0.664	1785285803.793
1574	100.000	0.148	100.000	6.043	0.118	0.686	1785285804.006
1575	100.000	-0.023	100.002	6.136	0.573	0.683	1785285804.244
1576	100.000	0.360	100.000	6.220	1.013	0.674	1785285804.440
1577	100.000	-0.193	100.003	6.146	1.403	0.685	1785285804.603
1578	100.000	-0.061	100.002	5.932	1.820	0.687	1785285804.813
1579	100.000	0.045	99.999	5.838	2.233	0.679	1785285804.993
1580	100.000	0.208	100.000	5.608	2.696	0.695	1785285805.169
1581	100.000	0.385	99.997	5.517	3.128	0.679	1785285805.369
1582	100.000	-0.097	100.000	5.588	3.480	0.664	1785285805.565
1583	100.000	0.164	100.003	5.235	4.033	0.664	1785285805.800
1584	100.000	-0.193	99.998	5.155	4.491	0.664	1785285805.992
1585	100.000	0.114	100.001	5.377	4.976	0.664	1785285806.184
1586	100.000	0.183	100.000	5.728	5.360	0.664	1785285806.369
1587	100.000	-0.140	100.001	5.908	5.702	0.664	1785285806.545
1588	100.000	-0.093	99.998	6.106	6.065	0.664	1785285806.724
1589	100.000	-0.084	100.000	6.103	0.113	0.682	1785285806.900
1590	100.000	-0.353	99.999	6.163	0.483	0.691	1785285807.090
1591	100.000	-0.373	99.998	6.314	0.867	0.682	1785285807.308
1592	100.000	-0.070	100.008	6.210	1.260	0.680	1785285807.503
1593	100.000	0.037	100.003	6.074	1.685	0.683	1785285807.698
1594	100.000	-0.097	99.999	5.464	2.238	0.688	1785285807.963
1595	100.000	-0.173	100.002	5.552	2.736	0.669	1785285808.185
1596	100.000	-0.184	100.002	5.380	3.206	0.664	1785285808.381
1597	100.000	0.023	100.002	5.349	3.631	0.664	1785285808.561
1598	100.000	0.359	100.005	5.168	4.107	0.664	1785285808.765
1599	100.000	0.123	99.996	5.330	4.629	0.664	1785285808.986
1600	100.000	0.261	99.999	5.451	5.079	0.664	1785285809.166
1601	100.000	-0.411	99.999	5.726	5.412	0.664	1785285809.363
1602	100.000	-0.163	100.000	5.792	5.800	0.664	1785285809.571
1603	100.000	0.111	100.003	6.151	6.196	0.672	1785285809.760
1604	100.000	-0.106	99.996	6.004	0.194	0.689	1785285809.942
1605	100.000	-0.169	99.999	6.055	0.610	0.672	1785285810.122
1606	100.000	0.010	99.997	6.022	0.983	0.684	1785285810.317
1607	100.000	0.237	99.999	5.574	1.404	0.688	1785285810.518
1608	100.000	-0.130	100.008	5.778	1.798	0.686	1785285810.698
1609	100.000	0.307	99.999	5.541	2.278	0.693	1785285810.904
1610	100.000	0.102	99.999	5.397	2.779	0.695	1785285811.139
1611	100.000	0.055	100.001	5.149	3.279	0.664	1785285811.334
1612	100.000	0.255	100.008	5.211	3.778	0.664	1785285811.561
1613	100.000	-0.122	99.999	5.358	4.211	0.664	1785285811.755
1614	100.000	0.363	100.000	5.344	4.668	0.664	1785285811.935
1615	100.000	0.082	100.003	5.309	5.097	0.664	1785285812.130
1616	100.000	0.224	100.002	5.734	5.488	0.664	1785285812.294
1617	100.000	-0.610	99.995	5.827	5.848	0.664	1785285812.501
1618	100.000	0.056	100.000	6.052	6.222	0.664	1785285812.682
1619	100.000	-0.202	100.006	6.103	0.279	0.681	1785285812.871
1620	100.000	0.036	99.999	6.079	0.618	0.670	1785285813.061
1621	100.000	-0.070	99.998	5.952	1.017	0.681	1785285813.249
1622	100.000	0.459	99.999	5.642	1.400	0.692	1785285813.433
1623	100.000	-0.089	100.000	5.706	1.802	0.687	1785285813.623
1624	100.000	0.129	100.002	5.648	2.275	0.683	1785285813.804
1625	100.000	0.191	100.002	5.419	2.696	0.703	1785285814.010
1626	100.000	-0.313	100.002	5.373	3.151	0.664	1785285814.188
1627	100.000	0.058	99.998	5.373	3.605	0.664	1785285814.387
1628	100.000	-0.248	99.996	5.289	4.094	0.664	1785285814.633
1629	100.000	0.247	100.004	5.291	4.613	0.664	1785285814.873
1630	100.000	-0.035	100.000	5.317	5.121	0.664	1785285815.064
1631	100.000	0.585	99.999	5.805	5.410	0.664	1785285815.252
1632	100.000	-0.051	99.998	6.021	5.811	0.664	1785285815.430
1633	100.000	-0.035	100.000	6.012	6.164	0.664	1785285815.615
1634	100.000	-0.081	100.001	5.975	0.234	0.677	1785285815.806
1635	100.000	0.257	100.004	5.972	0.632	0.687	1785285815.992
1636	100.000	0.099	100.003	5.771	1.022	0.695	1785285816.173
1637	100.000	0.194	99.997	5.807	1.435	0.683	1785285816.384
1638	100.000	-0.124	100.002	5.626	1.863	0.687	1785285816.587
1639	100.000	-0.405	100.000	5.350	2.375	0.693	1785285816.809
1640	100.000	0.079	99.997	5.319	2.897	0.705	1785285817.005
1641	100.000	-0.132	100.005	5.249	3.297	0.664	1785285817.182
1642	100.000	0.265	100.000	5.279	3.662	0.664	1785285817.351
1643	100.000	-0.050	100.003	5.406	4.110	0.664	1785285817.556
1644	100.000	0.266	99.998	5.381	4.502	0.664	1785285817.760
1645	100.000	-0.053	100.001	5.494	4.941	0.664	1785285817.950
1646	100.000	0.099	100.005	5.762	5.282	0.664	1785285818.134
1647	100.000	0.080	99.997	6.059	5.708	0.664	1785285818.338
1648	100.000	-0.156	99.999	6.069	6.159	0.664	1785285818.557
1649	100.000	0.163	100.001	6.053	0.279	0.674	1785285818.761
1650	100.000	-0.011	100.000	6.032	0.636	0.689	1785285818.910
1651	100.000	0.165	100.005	5.801	0.949	0.680	1785285819.117
1652	100.000	-0.339	99.998	5.715	1.360	0.686	1785285819.323
1653	100.000	-0.005	99.995	5.223	1.824	0.685	1785285819.512
1654	100.000	-0.021	100.004	5.012	2.311	0.698	1785285819.720
1655	100.000	-0.343	100.003	5.251	2.869	0.678	1785285819.948
1656	100.000	0.138	100.002	5.150	3.330	0.664	1785285820.127
1657	100.000	0.044	100.001	5.064	3.715	0.664	1785285820.311
1658	100.000	-0.422	100.002	5.561	4.130	0.664	1785285820.486
1659	100.000	0.120	100.002	5.373	4.495	0.664	1785285820.687
1660	100.000	0.368	100.002	5.378	4.944	0.664	1785285820.873
1661	100.000	-0.059	99.999	5.501	5.320	0.664	1785285821.059
1662	100.000	0.081	99.996	6.029	5.661	0.664	1785285821.245
1663	100.000	-0.010	100.003	6.048	6.056	0.664	1785285821.436
1664	100.000	0.047	100.002	6.091	0.137	0.664	1785285821.630
1665	100.000	0.118	100.001	6.040	0.472	0.683	1785285821.822
1666	100.000	-0.181	100.002	6.003	0.871	0.687	1785285822.007
1667	100.000	-0.263	100.000	5.675	1.224	0.681	1785285822.189
1668	100.000	0.033	100.002	5.652	1.658	0.680	1785285822.360
1669	100.000	0.115	100.000	5.245	2.122	0.693	1785285822.549
1670	100.000	0.064	99.997	5.259	2.551	0.689	1785285822.738
1671	100.000	0.300	100.000	5.099	3.002	0.671	1785285822.928
1672	100.000	-0.194	100.000	5.173	3.486	0.664	1785285823.153
1673	100.000	-0.211	99.996	5.314	3.970	0.664	1785285823.334
1674	100.000	0.029	100.000	5.486	4.397	0.664	1785285823.528
1675	100.000	0.085	100.004	5.434	4.778	0.664	1785285823.698
1676	100.000	-0.190	100.003	5.525	5.110	0.664	1785285823.900
1677	100.000	-0.085	99.996	6.124	5.498	0.664	1785285824.085
1678	100.000	-0.176	100.000	6.079	5.886	0.664	1785285824.265
1679	100.000	-0.090	100.001	6.404	6.190	0.674	1785285824.470
1680	100.000	-0.181	100.001	6.327	0.356	0.687	1785285824.702
1681	100.000	0.099	100.001	6.149	0.761	0.689	1785285824.890
1682	100.000	0.301	99.998	5.784	1.136	0.677	1785285825.071
1683	100.000	-0.418	100.000	5.526	1.594	0.692	1785285825.283
1684	100.000	0.192	99.996	5.305	2.129	0.689	1785285825.548
1685	100.000	0.374	99.998	5.072	2.703	0.683	1785285825.773
1686	100.000	0.128	99.998	5.125	3.277	0.664	1785285825.963
1687	100.000	0.061	99.997	5.018	3.691	0.664	1785285826.158
1688	100.000	0.121	100.000	5.185	4.206	0.664	1785285826.388
1689	100.000	-0.122	100.002	5.294	4.681	0.664	1785285826.589
1690	100.000	0.564	99.998	5.445	5.159	0.664	1785285826.826
1691	100.000	0.090	99.998	5.937	5.599	0.664	1785285827.023
1692	100.000	-0.025	100.001	6.237	5.928	0.664	1785285827.206
1693	100.000	0.070	100.002	6.217	6.185	0.685	1785285827.399
1694	100.000	0.203	99.998	6.388	0.319	0.664	1785285827.605
1695	100.000	-0.079	100.003	6.243	0.672	0.689	1785285827.802
1696	100.000	-0.155	100.000	6.262	1.069	0.679	1785285827.978
1697	100.000	0.175	99.999	5.707	1.492	0.683	1785285828.196
1698	100.000	-0.150	100.003	5.271	1.996	0.687	1785285828.439
1699	100.000	0.091	99.997	5.004	2.581	0.678	1785285828.621
1700	100.000	0.078	100.001	5.015	3.113	0.667	1785285828.834
1701	100.000	-0.001	100.000	4.895	3.513	0.664	1785285829.036
1702	100.000	-0.062	100.000	5.005	4.032	0.664	1785285829.204
1703	100.000	0.052	100.004	5.403	4.476	0.664	1785285829.428
1704	100.000	0.192	100.000	5.552	4.938	0.664	1785285829.629
1705	100.000	0.205	100.001	5.854	5.412	0.664	1785285829.888
1706	100.000	0.104	100.002	6.311	5.864	0.664	1785285830.119
1707	100.000	0.101	99.999	6.249	6.184	0.681	1785285830.307
1708	100.000	0.122	99.998	6.449	0.257	0.683	1785285830.502
1709	100.000	-0.110	99.999	6.390	0.662	0.685	1785285830.748
1710	100.000	-0.111	99.997	5.886	1.051	0.688	1785285830.923
1711	100.000	0.274	100.001	5.347	1.465	0.697	1785285831.110
1712	100.000	-0.006	99.998	5.092	1.913	0.694	1785285831.292
1713	100.000	-0.311	99.996	5.053	2.375	0.684	1785285831.478
1714	100.000	0.320	99.998	4.806	2.850	0.664	1785285831.660
1715	100.000	-0.121	100.001	4.721	3.316	0.664	1785285831.851
1716	100.000	-0.188	99.998	4.871	3.758	0.664	1785285832.065
1717	100.000	0.103	99.998	4.799	4.356	0.664	1785285832.313
1718	100.000	0.117	100.001	5.142	4.834	0.664	1785285832.484
1719	100.000	0.036	99.997	5.614	5.208	0.664	1785285832.693
1720	100.000	0.156	100.002	5.867	5.625	0.664	1785285832.895
1721	100.000	0.538	99.999	6.379	6.024	0.664	1785285833.101
1722	100.000	0.096	100.002	6.422	0.044	0.677	1785285833.295
1723	100.000	-0.325	100.003	6.317	0.409	0.685	1785285833.477
1724	100.000	-0.237	99.998	6.382	0.782	0.680	1785285833.692
1725	100.000	0.522	99.998	6.002	1.183	0.689	1785285833.873
1726	100.000	-0.007	99.998	5.493	1.578	0.691	1785285834.062
1727	100.000	0.364	99.999	5.349	2.013	0.682	1785285834.238
1728	100.000	-0.347	100.002	4.727	2.468	0.686	1785285834.437
1729	100.000	-0.178	100.002	4.677	3.054	0.665	1785285834.660
1730	100.000	-0.239	100.000	4.686	3.554	0.664	1785285834.855
1731	100.000	0.136	100.002	4.499	3.931	0.664	1785285835.051
1732	100.000	-0.097	99.998	4.938	4.455	0.664	1785285835.234
1733	100.000	-0.446	100.000	5.032	4.874	0.664	1785285835.424
1734	100.000	0.017	100.002	5.530	5.217	0.664	1785285835.600
1735	100.000	-0.010	99.999	5.580	5.689	0.664	1785285835.834
1736	100.000	0.031	100.000	6.113	6.065	0.664	1785285836.044
1737	100.000	0.273	100.004	6.288	0.138	0.682	1785285836.235
1738	100.000	0.224	100.000	6.362	0.481	0.679	1785285836.405
1739	100.000	-0.179	100.000	6.346	0.841	0.687	1785285836.607
1740	100.000	0.077	100.001	6.257	1.347	0.691	1785285836.834
1741	100.000	0.014	99.999	6.027	1.753	0.681	1785285837.024
1742	100.000	0.055	99.999	5.641	2.108	0.683	1785285837.213
1743	100.000	0.332	100.002	5.244	2.530	0.687	1785285837.407
1744	100.000	-0.202	100.000	5.034	3.023	0.681	1785285837.585
1745	100.000	-0.092	100.002	4.789	3.513	0.664	1785285837.785
1746	100.000	-0.066	100.001	4.440	3.949	0.664	1785285837.979
1747	100.000	-0.173	100.003	4.738	4.427	0.664	1785285838.158
1748	100.000	-0.131	100.001	4.575	4.925	0.664	1785285838.356
1749	100.000	0.089	100.000	5.014	5.296	0.664	1785285838.537
1750	100.000	0.531	99.999	5.393	5.744	0.664	1785285838.713
1751	100.000	-0.064	99.999	5.880	6.057	0.664	1785285838.908
1752	100.000	0.043	99.999	6.178	0.098	0.664	1785285839.075
1753	100.000	0.028	99.997	6.370	0.397	0.682	1785285839.267
1754	100.000	0.347	99.998	6.632	0.813	0.681	1785285839.456
1755	100.000	-0.260	99.998	6.534	1.156	0.674	1785285839.655
1756	100.000	-0.094	100.002	6.243	1.503	0.679	1785285839.863
1757	100.000	0.063	100.001	5.712	1.980	0.687	1785285840.088
1758	100.000	0.181	100.000	5.386	2.424	0.691	1785285840.295
1759	100.000	0.433	100.000	5.049	2.880	0.664	1785285840.468
1760	100.000	-0.097	100.000	4.831	3.346	0.664	1785285840.655
1761	100.000	0.241	100.003	4.835	3.856	0.664	1785285840.836
1762	100.000	0.406	99.999	4.513	4.258	0.664	1785285841.007
1763	100.000	0.039	100.002	4.687	4.744	0.664	1785285841.216
1764	100.000	-0.015	99.995	4.863	5.213	0.664	1785285841.398
1765	100.000	-0.103	100.006	5.531	5.593	0.664	1785285841.578
1766	100.000	0.168	100.004	5.813	5.966	0.664	1785285841.787
1767	100.000	0.039	100.004	6.201	0.079	0.664	1785285842.022
1768	100.000	0.231	100.002	6.510	0.485	0.671	1785285842.226
1769	100.000	-0.097	100.002	6.384	0.781	0.693	1785285842.404
1770	100.000	0.222	99.998	6.527	1.118	0.680	1785285842.590
1771	100.000	0.142	99.998	6.205	1.568	0.681	1785285842.876
1772	100.000	-0.016	99.998	5.552	2.180	0.681	1785285843.106
1773	100.000	0.440	100.001	5.171	2.748	0.671	1785285843.351
1774	100.000	-0.070	100.001	4.773	3.246	0.664	1785285843.547
1775	100.000	0.307	100.000	4.509	3.871	0.664	1785285843.810
1776	100.000	-0.201	99.998	4.733	4.470	0.664	1785285844.013
1777	100.000	0.030	100.003	4.623	4.950	0.664	1785285844.233
1778	100.000	-0.043	100.001	5.087	5.414	0.664	1785285844.432
1779	100.000	-0.126	99.999	5.620	5.856	0.664	1785285844.661
1780	100.000	-0.041	99.997	5.928	6.187	0.673	1785285844.848
1781	100.000	0.202	100.001	6.290	0.302	0.676	1785285845.011
1782	100.000	0.077	100.002	6.431	0.640	0.682	1785285845.209
1783	100.000	0.082	99.998	6.642	0.968	0.682	1785285845.395
1784	100.000	-0.105	100.001	6.381	1.313	0.676	1785285845.579
1785	100.000	0.013	100.000	5.717	1.696	0.695	1785285845.796
1786	100.000	0.293	100.000	5.703	2.075	0.678	1785285845.969
1787	100.000	0.309	100.001	5.061	2.579	0.687	1785285846.178
1788	100.000	-0.228	99.997	4.948	3.060	0.686	1785285846.420
1789	100.000	0.128	100.000	4.496	3.562	0.664	1785285846.599
1790	100.000	-0.070	100.001	4.567	3.993	0.664	1785285846.777
1791	100.000	0.151	100.001	4.556	4.463	0.664	1785285846.937
1792	100.000	-0.190	100.000	4.548	4.934	0.664	1785285847.172
1793	100.000	0.289	99.998	4.754	5.505	0.664	1785285847.406
1794	100.000	-0.123	100.002	5.469	5.942	0.664	1785285847.598
1795	100.000	-0.247	99.997	5.870	6.280	0.664	1785285847.798
1796	100.000	0.141	99.998	6.233	0.380	0.681	1785285848.012
1797	100.000	0.199	100.001	6.466	0.810	0.682	1785285848.237
1798	100.000	0.130	100.000	6.410	1.184	0.684	1785285848.475
1799	100.000	-0.013	100.002	6.101	1.612	0.685	1785285848.664
1800	100.000	-0.195	100.003	5.783	1.975	0.692	1785285848.834
1801	100.000	-0.099	99.999	5.566	2.304	0.697	1785285849.020
1802	100.000	0.020	99.999	5.095	2.789	0.676	1785285849.222
1803	100.000	-0.100	100.002	4.676	3.268	0.665	1785285849.413
1804	100.000	0.346	100.003	4.607	3.698	0.664	1785285849.591
1805	100.000	0.028	99.998	4.377	4.162	0.664	1785285849.771
1806	100.000	-0.199	100.000	4.350	4.543	0.664	1785285849.945
1807	100.000	-0.553	100.002	4.387	5.065	0.664	1785285850.166
1808	100.000	-0.096	100.007	4.691	5.528	0.664	1785285850.357
1809	100.000	-0.095	99.998	5.327	5.959	0.664	1785285850.542
1810	100.000	-0.200	100.001	5.515	0.024	0.679	1785285850.733
1811	100.000	-0.166	100.002	6.048	0.368	0.672	1785285850.898
1812	100.000	-0.519	100.002	6.220	0.710	0.688	1785285851.098
1813	100.000	0.143	99.997	6.591	1.086	0.682	1785285851.310
1814	100.000	-0.110	100.001	6.352	1.476	0.683	1785285851.562
1815	100.000	-0.070	99.999	6.017	1.888	0.686	1785285851.754
1816	100.000	-0.007	100.000	5.544	2.335	0.686	1785285851.991
1817	100.000	0.035	99.999	5.089	2.848	0.686	1785285852.168
1818	100.000	0.026	100.003	4.769	3.226	0.672	1785285852.352
1819	100.000	-0.059	100.000	4.439	3.735	0.664	1785285852.526
1820	100.000	-0.042	99.998	4.294	4.199	0.664	1785285852.737
1821	100.000	-0.023	100.001	4.334	4.647	0.664	1785285852.934
1822	100.000	-0.055	100.001	4.802	5.100	0.664	1785285853.112
1823	100.000	0.164	99.998	4.807	5.575	0.664	1785285853.307
1824	100.000	0.056	100.002	5.247	5.988	0.666	1785285853.497
1825	100.000	-0.176	100.000	5.718	0.084	0.664	1785285853.687
1826	100.000	-0.053	99.997	6.068	0.430	0.677	1785285853.909
1827	100.000	-0.028	100.001	6.333	0.777	0.686	1785285854.123
1828	100.000	0.084	99.997	6.501	1.183	0.684	1785285854.316
1829	100.000	0.031	100.002	6.352	1.449	0.684	1785285854.548
1830	100.000	0.072	99.997	6.307	1.775	0.688	1785285854.752
1831	100.000	0.124	100.001	5.778	2.175	0.696	1785285854.946
1832	100.000	-0.334	100.000	5.167	2.734	0.684	1785285855.189
1833	100.000	-0.076	100.000	4.723	3.343	0.664	1785285855.416
1834	100.000	0.210	99.993	4.465	3.867	0.664	1785285855.624
1835	100.000	0.254	100.000	3.994	4.413	0.664	1785285855.784
1836	100.000	-0.387	99.999	4.183	4.858	0.664	1785285855.986
1837	100.000	0.162	99.999	4.348	5.321	0.664	1785285856.159
1838	100.000	0.125	99.999	4.917	5.789	0.664	1785285856.345
1839	100.000	-0.198	100.001	5.356	6.093	0.694	1785285856.564
1840	100.000	0.039	99.997	5.827	0.271	0.682	1785285856.780
1841	100.000	0.156	99.999	6.394	0.633	0.679	1785285856.985
1842	100.000	0.247	100.000	6.622	0.994	0.675	1785285857.176
1843	100.000	0.138	100.001	6.709	1.353	0.683	1785285857.377
1844	100.000	-0.016	100.002	6.405	1.722	0.688	1785285857.622
1845	100.000	0.273	99.999	5.988	2.177	0.682	1785285857.799
1846	100.000	0.061	100.000	5.520	2.543	0.677	1785285858.000
1847	100.000	0.029	100.000	5.056	3.020	0.664	1785285858.199
1848	100.000	-0.113	100.002	4.619	3.475	0.670	1785285858.375
1849	100.000	0.300	100.002	4.276	3.890	0.664	1785285858.564
1850	100.000	-0.104	100.001	4.045	4.411	0.664	1785285858.730
1851	100.000	-0.003	99.999	4.059	4.828	0.664	1785285858.923
1852	100.000	0.184	99.997	4.293	5.359	0.664	1785285859.115
1853	100.000	0.243	100.002	4.716	5.791	0.664	1785285859.310
1854	100.000	0.165	99.999	5.351	6.201	0.664	1785285859.523
1855	100.000	0.105	100.005	5.912	0.341	0.664	1785285859.699
1856	100.000	-0.227	100.000	6.357	0.627	0.678	1785285859.917
1857	100.000	0.009	99.998	6.527	1.098	0.682	1785285860.173
1858	100.000	0.201	100.000	6.294	1.489	0.691	1785285860.384
1859	100.000	-0.108	100.002	6.234	1.881	0.692	1785285860.606
1860	100.000	0.028	99.999	5.740	2.406	0.683	1785285860.853
1861	100.000	-0.081	100.000	5.093	2.824	0.700	1785285861.091
1862	100.000	0.017	99.998	4.609	3.218	0.664	1785285861.280
1863	100.000	-0.436	99.999	4.152	3.935	0.664	1785285861.534
1864	100.000	0.202	100.003	3.942	4.654	0.664	1785285861.756
1865	100.000	-0.345	99.997	4.234	5.236	0.664	1785285861.967
1866	100.000	-0.064	100.003	4.821	5.744	0.664	1785285862.216
1867	100.000	0.144	99.999	5.474	6.151	0.670	1785285862.414
1868	100.000	0.010	100.004	5.861	0.300	0.681	1785285862.630
1869	100.000	-0.106	100.005	6.174	0.623	0.680	1785285862.815
1870	100.000	-0.126	100.003	6.617	1.009	0.679	1785285863.046
1871	100.000	0.101	100.000	6.503	1.437	0.682	1785285863.273
1872	100.000	0.068	99.998	6.025	1.848	0.686	1785285863.477
1873	100.000	0.241	100.002	5.954	2.282	0.681	1785285863.716
1874	100.000	0.141	100.004	5.290	2.738	0.693	1785285863.893
1875	100.000	-0.158	100.001	5.104	3.122	0.664	1785285864.092
1876	100.000	-0.314	100.000	4.473	3.640	0.664	1785285864.274
1877	100.000	-0.276	100.002	4.065	4.062	0.664	1785285864.462
1878	100.000	0.010	99.996	4.097	4.598	0.664	1785285864.628
1879	100.000	0.360	100.001	4.566	5.067	0.664	1785285864.829
1880	100.000	0.070	99.997	4.653	5.569	0.664	1785285865.039
1881	100.000	0.098	99.999	5.163	5.978	0.664	1785285865.291
1882	100.000	0.145	100.004	5.800	0.161	0.687	1785285865.524
1883	100.000	0.256	100.004	6.234	0.584	0.677	1785285865.704
1884	100.000	-0.016	100.000	6.384	0.882	0.686	1785285865.903
1885	100.000	0.104	100.000	6.458	1.217	0.681	1785285866.080
1886	100.000	0.198	100.001	6.152	1.551	0.684	1785285866.257
1887	100.000	-0.304	100.002	5.908	1.867	0.691	1785285866.443
1888	100.000	0.172	100.001	5.460	2.255	0.686	1785285866.620
1889	100.000	-0.318	100.004	4.954	2.669	0.693	1785285866.835
1890	100.000	0.238	100.004	4.722	3.130	0.675	1785285867.041
1891	100.000	0.030	100.002	4.011	3.611	0.664	1785285867.200
1892	100.000	0.280	100.001	3.913	4.078	0.664	1785285867.392
1893	100.000	-0.247	100.001	3.578	4.487	0.664	1785285867.569
1894	100.000	0.071	100.001	4.090	5.056	0.664	1785285867.764
1895	100.000	0.087	99.999	4.600	5.534	0.664	1785285867.962
1896	100.000	-0.238	99.999	5.153	6.017	0.664	1785285868.138
1897	100.000	-0.427	100.003	5.705	6.265	0.671	1785285868.341
1898	100.000	0.265	99.996	6.057	0.390	0.676	1785285868.518
1899	100.000	-0.114	100.001	6.222	0.662	0.687	1785285868.690
1900	100.000	-0.044	100.002	6.485	1.000	0.678	1785285868.873
1901	100.000	0.002	99.994	6.536	1.341	0.678	1785285869.073
1902	100.000	0.054	100.001	6.552	1.648	0.676	1785285869.241
1903	100.000	-0.191	99.997	5.727	2.031	0.685	1785285869.456
1904	100.000	-0.177	100.007	5.359	2.404	0.684	1785285869.652
1905	100.000	-0.099	99.998	4.847	2.877	0.686	1785285869.845
1906	100.000	-0.102	99.997	4.122	3.403	0.670	1785285870.078
1907	100.000	-0.073	100.001	3.982	4.012	0.664	1785285870.256
1908	100.000	0.083	99.999	3.937	4.502	0.664	1785285870.437
1909	100.000	0.151	100.003	4.230	5.011	0.664	1785285870.641
1910	100.000	-0.344	99.999	4.589	5.460	0.664	1785285870.835
1911	100.000	0.051	100.001	5.117	5.957	0.664	1785285871.082
1912	100.000	-0.015	100.002	5.881	0.111	0.673	1785285871.286
1913	100.000	-0.131	99.996	6.160	0.441	0.684	1785285871.522
1914	100.000	-0.426	99.996	6.555	0.828	0.679	1785285871.722
1915	100.000	0.040	100.000	6.569	1.213	0.685	1785285871.985
1916	100.000	-0.306	100.000	6.449	1.636	0.682	1785285872.187
1917	100.000	-0.411	99.999	5.967	2.037	0.679	1785285872.396
1918	100.000	0.042	100.006	5.309	2.450	0.693	1785285872.595
1919	100.000	-0.133	100.001	4.780	2.835	0.688	1785285872.774
1920	100.000	0.308	100.002	4.203	3.271	0.664	1785285872.951
1921	100.000	-0.283	100.001	3.787	3.804	0.664	1785285873.151
1922	100.000	-0.157	99.993	3.837	4.318	0.664	1785285873.319
1923	100.000	0.011	100.001	3.782	4.887	0.664	1785285873.513
1924	100.000	0.273	100.000	4.534	5.403	0.664	1785285873.715
1925	100.000	0.137	99.997	4.784	5.737	0.664	1785285873.887
1926	100.000	-0.111	100.000	5.335	6.147	0.664	1785285874.077
1927	100.000	-0.116	99.999	5.750	0.135	0.691	1785285874.249
1928	100.000	0.276	100.003	6.349	0.519	0.673	1785285874.434
1929	100.000	-0.099	100.001	6.419	0.815	0.685	1785285874.635
1930	100.000	-0.196	100.002	6.584	1.165	0.680	1785285874.846
1931	100.000	0.087	100.001	6.254	1.560	0.689	1785285875.016
1932	100.000	-0.375	100.003	5.906	1.852	0.701	1785285875.214
1933	100.000	0.024	100.003	5.663	2.260	0.682	1785285875.403
1934	100.000	-0.197	100.006	4.884	2.683	0.689	1785285875.591
1935	100.000	-0.207	99.998	4.443	3.068	0.700	1785285875.793
1936	100.000	-0.587	100.001	3.964	3.577	0.664	1785285875.997
1937	100.000	-0.135	100.000	3.722	4.159	0.664	1785285876.181
1938	100.000	0.245	100.000	3.844	4.689	0.664	1785285876.368
1939	100.000	0.044	100.002	4.131	5.199	0.664	1785285876.589
1940	100.000	-0.190	100.001	4.822	5.758	0.664	1785285876.783
1941	100.000	0.174	100.006	5.521	6.092	0.664	1785285876.949
1942	100.000	0.314	100.001	6.063	0.165	0.664	1785285877.163
1943	100.000	0.243	100.003	6.220	0.498	0.683	1785285877.348
1944	100.000	0.028	99.999	6.731	0.814	0.672	1785285877.554
1945	100.000	0.267	100.001	6.687	1.181	0.677	1785285877.792
1946	100.000	0.374	100.002	6.414	1.522	0.681	1785285877.986
1947	100.000	-0.156	100.001	6.125	1.873	0.681	1785285878.177
1948	100.000	-0.314	99.999	5.574	2.269	0.689	1785285878.376
1949	100.000	-0.199	99.997	5.048	2.765	0.664	1785285878.555
1950	100.000	0.286	99.998	4.460	3.150	0.664	1785285878.738
1951	100.000	0.100	99.999	3.980	3.647	0.664	1785285878.938
1952	100.000	-0.174	100.003	3.685	4.172	0.664	1785285879.114
1953	100.000	-0.185	99.999	3.684	4.728	0.664	1785285879.296
1954	100.000	-0.074	100.001	3.769	5.265	0.664	1785285879.476
1955	100.000	0.160	99.998	4.633	5.622	0.664	1785285879.675
1956	100.000	-0.374	100.007	5.272	6.021	0.664	1785285879.856
1957	100.000	-0.075	99.994	5.625	0.078	0.664	1785285880.065
1958	100.000	0.200	99.998	6.122	0.437	0.684	1785285880.305
1959	100.000	0.176	99.999	6.575	0.833	0.685	1785285880.541
1960	100.000	0.340	99.999	6.631	1.203	0.681	1785285880.738
1961	100.000	0.094	100.001	6.288	1.602	0.686	1785285880.930
1962	100.000	-0.096	100.002	6.233	1.977	0.689	1785285881.122
1963	100.000	-0.008	99.998	5.831	2.307	0.683	1785285881.323
1964	100.000	0.109	99.996	5.074	2.788	0.686	1785285881.545
1965	100.000	0.031	99.998	4.332	3.351	0.664	1785285881.743
1966	100.000	-0.377	99.998	4.004	3.757	0.664	1785285881.913
1967	100.000	-0.161	100.009	4.032	4.302	0.664	1785285882.094
1968	100.000	0.158	100.002	3.797	4.819	0.664	1785285882.311
1969	100.000	0.136	99.999	4.173	5.354	0.664	1785285882.497
1970	100.000	0.244	99.999	4.773	5.788	0.664	1785285882.750
1971	100.000	0.046	99.997	5.442	6.179	0.698	1785285882.920
1972	100.000	-0.170	100.003	5.968	0.302	0.664	1785285883.107
1973	100.000	-0.181	99.999	6.109	0.635	0.687	1785285883.307
1974	100.000	-0.584	100.003	6.389	0.962	0.681	1785285883.482
1975	100.000	0.010	99.999	6.445	1.272	0.688	1785285883.661
1976	100.000	-0.090	100.001	6.297	1.568	0.690	1785285883.842
1977	100.000	0.088	99.998	6.210	1.921	0.677	1785285884.054
1978	100.000	0.249	99.999	5.671	2.326	0.696	1785285884.255
1979	100.000	-0.138	100.001	5.066	2.737	0.694	1785285884.496
1980	100.000	0.123	99.999	4.376	3.242	0.673	1785285884.697
1981	100.000	0.094	99.998	3.991	3.875	0.664	1785285884.946
1982	100.000	-0.016	99.999	3.873	4.677	0.664	1785285885.173
1983	100.000	0.043	100.000	4.069	5.343	0.664	1785285885.358
1984	100.000	0.083	100.003	4.783	5.732	0.664	1785285885.569
1985	100.000	0.297	100.000	5.357	6.164	0.664	1785285885.814
1986	100.000	0.083	100.003	5.845	0.195	0.677	1785285886.003
1987	100.000	0.238	100.001	6.044	0.577	0.682	1785285886.209
1988	100.000	0.222	100.002	6.484	0.994	0.677	1785285886.437
1989	100.000	0.360	99.999	6.215	1.333	0.690	1785285886.677
1990	100.000	0.155	100.002	6.147	1.768	0.687	1785285886.875
1991	100.000	0.123	100.000	5.390	2.179	0.687	1785285887.051
1992	100.000	0.085	100.001	5.383	2.539	0.674	1785285887.238
1993	100.000	0.024	100.000	4.662	2.944	0.685	1785285887.430
1994	100.000	0.276	100.001	4.288	3.378	0.664	1785285887.626
1995	100.000	0.106	99.999	3.989	4.025	0.664	1785285887.799
1996	100.000	-0.301	100.002	3.606	4.546	0.664	1785285888.001
1997	100.000	0.031	99.998	3.889	5.137	0.664	1785285888.234
1998	100.000	-0.098	100.002	4.323	5.661	0.664	1785285888.414
1999	100.000	0.293	100.006	4.892	5.974	0.664	1785285888.629
2000	100.000	0.315	100.000	5.522	0.114	0.671	1785285888.861
2001	100.000	0.280	100.002	6.149	0.519	0.672	1785285889.065
2002	100.000	-0.328	100.003	6.266	0.822	0.686	1785285889.227
2003	100.000	0.025	99.998	6.208	1.098	0.691	1785285889.403
2004	100.000	-0.160	100.003	6.033	1.448	0.686	1785285889.604
2005	100.000	0.175	99.997	5.831	1.888	0.688	1785285889.876
2006	100.000	0.344	100.001	5.597	2.270	0.684	1785285890.044
2007	100.000	0.150	100.000	4.873	2.707	0.696	1785285890.245
2008	100.000	-0.010	99.997	4.462	3.139	0.664	1785285890.449
2009	100.000	-0.166	99.997	3.994	3.629	0.664	1785285890.690
2010	100.000	0.089	100.001	3.832	4.179	0.664	1785285890.877
2011	100.000	0.196	99.999	3.710	4.500	0.664	1785285891.064
2012	100.000	-0.221	99.998	3.446	4.526	0.664	1785285891.241
2013	100.000	-0.018	99.999	3.658	4.531	0.664	1785285891.452
2014	100.000	-0.385	99.999	3.666	4.581	0.664	1785285891.632
2015	100.000	-0.025	100.004	3.651	4.521	0.664	1785285891.831
2016	100.000	-0.033	100.000	3.744	4.534	0.664	1785285892.064
2017	100.000	0.192	100.004	3.533	4.560	0.664	1785285892.236
2018	100.000	-0.317	99.998	3.442	4.523	0.664	1785285892.466
2019	100.000	0.140	99.999	3.646	4.513	0.664	1785285892.693
2020	100.000	0.134	100.006	3.618	4.513	0.664	1785285892.873
2021	100.000	-0.014	100.001	3.708	4.536	0.664	1785285893.057
2022	100.000	0.111	100.002	3.653	4.498	0.664	1785285893.226
2023	100.000	0.235	99.998	3.796	4.521	0.664	1785285893.434
2024	100.000	-0.133	99.996	3.659	4.478	0.664	1785285893.604
2025	100.000	-0.030	99.999	3.525	4.492	0.664	1785285893.824
2026	100.000	0.178	100.001	3.600	4.498	0.664	1785285894.010
2027	100.000	-0.087	99.998	3.564	4.492	0.664	1785285894.188
2028	100.000	-0.161	100.000	3.698	4.483	0.664	1785285894.377
2029	100.000	0.431	100.004	3.766	4.479	0.664	1785285894.565
2030	100.000	0.038	99.999	3.986	4.525	0.664	1785285894.766
2031	100.000	-0.127	99.999	3.715	4.509	0.664	1785285894.992
2032	100.000	-0.100	100.002	3.744	4.531	0.664	1785285895.171
2033	100.000	-0.434	99.999	3.576	4.506	0.664	1785285895.402
2034	100.000	0.014	99.999	3.694	4.532	0.664	1785285895.634
2035	100.000	0.151	100.002	3.950	4.503	0.664	1785285895.814
2036	100.000	0.284	100.000	3.785	4.500	0.664	1785285896.021
2037	100.000	-0.420	99.997	3.577	4.440	0.664	1785285896.245
2038	100.000	-0.323	100.001	3.653	4.497	0.664	1785285896.459
2039	100.000	-0.054	100.002	3.636	4.530	0.664	1785285896.701
2040	100.000	-0.001	100.001	3.728	4.521	0.664	1785285896.874
2041	100.000	0.190	99.999	3.817	4.473	0.664	1785285897.051
2042	100.000	0.138	100.000	3.732	4.503	0.664	1785285897.255
2043	100.000	0.127	100.001	3.704	4.517	0.664	1785285897.510
2044	100.000	0.112	100.006	3.575	4.492	0.664	1785285897.690
2045	100.000	-0.155	99.998	3.349	4.516	0.664	1785285897.878
2046	100.000	-0.042	100.002	3.624	4.500	0.664	1785285898.071
2047	100.000	-0.087	99.996	3.809	4.467	0.664	1785285898.247
2048	100.000	-0.097	99.998	3.824	4.530	0.664	1785285898.437
2049	100.000	0.060	100.001	3.551	4.527	0.664	1785285898.628
2050	100.000	-0.203	100.001	3.251	4.513	0.664	1785285898.786
2051	100.000	0.215	100.001	3.754	4.503	0.664	1785285898.995
2052	100.000	-0.376	99.999	3.821	4.452	0.664	1785285899.165
2053	100.000	0.224	99.996	3.449	4.481	0.664	1785285899.366
2054	100.000	0.121	100.001	3.665	4.510	0.664	1785285899.566
