Point No.	Frequency Set (GHz)	THz Photocurrent (nA)	Frequency Act (GHz)	Amplitude (via StrMod)	Phase (via StrMod)	Frequency Fit	Timestamp (s)
1	200.000	-0.021	200.000	1.078	5.665	1.328	1785287796.427
2	200.000	0.185	200.003	1.369	3.207	1.334	1785287796.662
3	200.000	-0.261	200.002	2.564	2.804	1.328	1785287796.852
4	200.000	-0.201	200.000	2.355	2.592	1.328	1785287797.045
5	200.000	0.080	199.997	0.632	1.748	1.354	1785287797.232
6	200.000	-0.248	200.000	2.190	0.130	1.334	1785287797.421
7	200.000	-0.161	200.003	2.968	0.044	1.328	1785287797.606
8	200.000	-0.114	199.998	1.843	6.091	1.328	1785287797.806
9	200.000	0.114	199.999	0.544	3.894	1.327	1785287798.048
10	200.000	-0.070	199.998	2.119	2.925	1.356	1785287798.238
11	200.000	-0.205	200.000	2.671	2.616	1.328	1785287798.419
12	200.000	-0.416	199.997	1.694	2.521	1.328	1785287798.602
13	200.000	0.224	199.999	1.155	0.409	1.330	1785287798.791
14	200.000	-0.014	199.997	2.749	0.060	1.340	1785287798.982
15	200.000	-0.127	200.001	2.512	0.001	1.358	1785287799.167
16	200.000	-0.070	199.999	1.206	5.829	1.326	1785287799.364
17	200.000	0.078	200.003	1.147	3.284	1.365	1785287799.523
18	200.000	0.110	200.002	2.299	2.833	1.328	1785287799.731
19	200.000	-0.073	200.001	2.693	2.627	1.328	1785287799.899
20	200.000	0.108	200.001	1.359	2.435	1.345	1785287800.103
21	200.000	0.233	200.000	1.637	0.208	1.339	1785287800.342
22	200.000	0.200	199.999	2.979	0.034	1.350	1785287800.520
23	200.000	-0.162	200.001	2.347	6.209	1.351	1785287800.713
24	200.000	-0.019	199.998	0.752	5.187	1.328	1785287800.913
25	200.000	-0.080	199.999	1.630	3.119	1.371	1785287801.111
26	200.000	-0.479	200.003	2.786	2.711	1.328	1785287801.292
27	200.000	0.198	200.004	2.313	2.581	1.328	1785287801.455
28	200.000	0.004	200.003	0.729	1.674	1.348	1785287801.662
29	200.000	-0.251	200.002	2.194	0.110	1.351	1785287801.847
30	200.000	-0.006	200.001	2.806	0.046	1.342	1785287802.060
31	200.000	-0.049	200.000	1.302	5.933	1.365	1785287802.306
32	200.000	-0.218	199.997	1.040	3.471	1.323	1785287802.474
33	200.000	-0.056	200.002	2.399	2.802	1.342	1785287802.698
34	200.000	-0.060	199.999	2.400	2.541	1.349	1785287802.932
35	200.000	0.272	199.999	0.756	1.598	1.328	1785287803.123
36	200.000	0.169	200.001	2.112	0.066	1.328	1785287803.319
37	200.000	0.056	200.002	2.936	0.060	1.344	1785287803.495
38	200.000	0.022	200.000	1.944	6.161	1.339	1785287803.689
39	200.000	0.170	200.002	0.536	4.965	1.333	1785287803.858
40	200.000	0.458	200.003	1.618	3.142	1.338	1785287804.057
41	200.000	0.234	199.997	2.800	2.687	1.328	1785287804.245
42	200.000	-0.099	199.998	2.375	2.559	1.328	1785287804.405
43	200.000	-0.076	200.004	0.729	1.722	1.367	1785287804.623
44	200.000	0.130	200.000	2.306	0.068	1.328	1785287804.797
45	200.000	-0.105	200.003	2.908	0.071	1.335	1785287805.007
46	200.000	0.320	199.997	1.739	6.060	1.371	1785287805.212
47	200.000	-0.180	200.003	0.901	3.561	1.328	1785287805.434
48	200.000	-0.024	199.996	2.354	2.866	1.328	1785287805.646
49	200.000	0.080	199.999	2.671	2.602	1.328	1785287805.820
50	200.000	-0.482	200.003	1.391	2.383	1.328	1785287806.001
51	200.000	0.270	200.000	1.545	0.205	1.341	1785287806.190
52	200.000	-0.278	199.994	2.900	0.033	1.328	1785287806.368
53	200.000	-0.242	199.999	2.336	6.209	1.328	1785287806.573
54	200.000	0.181	200.002	0.797	5.405	1.378	1785287806.767
55	200.000	0.087	200.001	1.343	3.312	1.328	1785287806.945
56	200.000	0.246	199.999	2.507	2.809	1.328	1785287807.135
57	200.000	0.436	200.001	2.421	2.555	1.328	1785287807.326
58	200.000	-0.163	200.002	0.928	2.059	1.328	1785287807.520
59	200.000	-0.270	199.997	2.316	0.094	1.328	1785287807.749
60	200.000	-0.054	200.000	2.903	6.279	1.354	1785287807.925
61	200.000	0.189	199.997	1.675	6.096	1.343	1785287808.132
62	200.000	0.183	200.001	0.679	3.948	1.348	1785287808.313
63	200.000	-0.227	199.998	1.966	2.962	1.328	1785287808.515
64	200.000	0.299	200.002	2.652	2.672	1.328	1785287808.708
65	200.000	-0.254	200.000	1.722	2.510	1.328	1785287808.894
66	200.000	-0.098	200.004	0.559	0.735	1.328	1785287809.061
67	200.000	0.237	200.002	2.471	0.030	1.328	1785287809.252
68	200.000	-0.263	199.999	2.723	6.251	1.328	1785287809.459
69	200.000	0.223	200.003	1.136	5.875	1.328	1785287809.645
70	200.000	0.113	199.999	0.983	3.639	1.328	1785287809.837
71	200.000	0.186	199.998	2.185	2.845	1.336	1785287810.014
72	200.000	-0.055	200.001	2.685	2.687	1.328	1785287810.212
73	200.000	0.177	200.000	1.471	2.457	1.328	1785287810.374
74	200.000	-0.072	199.996	1.165	0.347	1.344	1785287810.589
75	200.000	-0.003	199.999	2.834	0.060	1.328	1785287810.772
76	200.000	0.334	199.998	2.489	6.212	1.350	1785287810.951
77	200.000	0.130	200.002	1.139	5.959	1.358	1785287811.156
78	200.000	-0.248	200.001	1.193	3.333	1.328	1785287811.332
79	200.000	0.246	200.004	2.435	2.811	1.349	1785287811.539
80	200.000	-0.133	199.999	2.529	2.586	1.328	1785287811.775
81	200.000	-0.082	199.998	0.552	1.362	1.328	1785287812.022
82	200.000	-0.213	200.001	2.693	6.251	1.328	1785287812.209
83	200.000	0.306	199.999	2.786	6.283	1.335	1785287812.393
84	200.000	-0.340	200.004	1.296	5.899	1.328	1785287812.571
85	200.000	-0.030	199.999	0.788	3.617	1.328	1785287812.777
86	200.000	0.168	199.998	2.247	2.827	1.360	1785287812.952
87	200.000	0.129	200.001	2.824	2.668	1.328	1785287813.151
88	200.000	0.062	200.000	1.270	2.357	1.328	1785287813.394
89	200.000	0.014	199.997	1.756	0.209	1.328	1785287813.583
90	200.000	0.053	200.004	3.174	0.022	1.328	1785287813.782
91	200.000	0.174	200.006	2.030	6.143	1.328	1785287813.969
92	200.000	0.160	200.000	0.536	4.877	1.444	1785287814.155
93	200.000	0.040	200.002	1.604	3.110	1.328	1785287814.312
94	200.000	-0.164	200.004	2.588	2.702	1.328	1785287814.517
95	200.000	0.072	200.000	2.579	2.500	1.352	1785287814.704
96	200.000	-0.011	200.000	0.789	2.123	1.328	1785287814.871
97	200.000	-0.302	200.002	1.898	0.022	1.336	1785287815.078
98	200.000	-0.007	199.999	3.068	0.002	1.347	1785287815.256
99	200.000	0.107	199.999	2.123	6.195	1.328	1785287815.454
100	200.000	0.123	200.005	0.582	4.868	1.328	1785287815.661
101	200.000	-0.075	199.999	2.070	2.885	1.328	1785287815.906
102	200.000	0.145	200.003	2.835	2.601	1.328	1785287816.110
103	200.000	-0.094	200.003	1.275	2.314	1.373	1785287816.318
104	200.000	-0.121	199.998	1.598	0.038	1.328	1785287816.522
105	200.000	-0.198	199.999	2.916	6.280	1.328	1785287816.724
106	200.000	0.132	199.998	2.446	6.210	1.345	1785287816.897
107	200.000	0.022	199.999	0.599	5.549	1.391	1785287817.088
108	200.000	0.135	200.003	1.446	3.233	1.379	1785287817.276
109	200.000	-0.098	199.999	2.629	2.675	1.348	1785287817.466
110	200.000	-0.068	200.001	2.595	2.600	1.328	1785287817.661
111	200.000	-0.025	199.999	0.726	1.770	1.332	1785287817.834
112	200.000	0.047	200.002	2.009	0.060	1.328	1785287818.030
113	200.000	0.269	199.999	2.973	6.276	1.328	1785287818.205
114	200.000	0.116	200.001	2.259	6.180	1.341	1785287818.382
115	200.000	-0.124	200.000	0.607	5.365	1.281	1785287818.566
116	200.000	0.174	200.001	1.433	3.180	1.347	1785287818.740
117	200.000	-0.052	199.998	2.650	2.701	1.328	1785287818.958
118	200.000	0.014	199.998	2.384	2.553	1.328	1785287819.149
119	200.000	-0.216	200.002	0.690	1.771	1.328	1785287819.338
120	200.000	-0.043	199.999	2.262	0.105	1.332	1785287819.528
121	200.000	0.270	200.001	2.960	6.276	1.351	1785287819.709
122	200.000	0.105	200.003	1.807	6.101	1.343	1785287819.916
123	200.000	0.356	200.001	0.509	4.255	1.328	1785287820.069
124	200.000	0.258	199.998	1.718	3.105	1.352	1785287820.285
125	200.000	0.253	199.998	2.874	2.629	1.328	1785287820.527
126	200.000	0.143	200.003	1.766	2.406	1.328	1785287820.709
127	200.000	-0.143	199.997	0.908	0.538	1.328	1785287820.905
128	200.000	-0.018	200.000	2.826	0.015	1.341	1785287821.101
129	200.000	0.008	199.998	2.367	6.173	1.347	1785287821.318
130	200.000	0.286	200.000	0.690	5.394	1.328	1785287821.528
131	200.000	0.113	199.999	1.902	2.966	1.336	1785287821.785
132	200.000	-0.013	199.999	2.781	2.615	1.328	1785287821.984
133	200.000	-0.223	200.000	1.440	2.461	1.328	1785287822.205
134	200.000	-0.235	200.001	1.340	0.058	1.328	1785287822.378
135	200.000	0.261	199.997	2.873	6.271	1.328	1785287822.564
136	200.000	-0.100	199.997	2.633	6.173	1.328	1785287822.774
137	200.000	-0.058	200.000	0.795	5.599	1.376	1785287822.947
138	200.000	-0.080	200.005	1.132	3.309	1.393	1785287823.153
139	200.000	0.503	200.004	2.457	2.806	1.328	1785287823.325
140	200.000	0.130	200.000	2.603	2.610	1.328	1785287823.528
141	200.000	0.118	200.002	1.037	2.044	1.328	1785287823.719
142	200.000	-0.648	199.998	1.606	0.118	1.328	1785287823.906
143	200.000	0.146	200.000	2.996	6.270	1.328	1785287824.106
144	200.000	0.171	200.002	1.923	6.077	1.338	1785287824.356
145	200.000	-0.097	200.000	0.607	3.998	1.328	1785287824.549
146	200.000	0.007	199.997	2.218	2.903	1.328	1785287824.791
147	200.000	-0.045	200.001	2.717	2.578	1.328	1785287824.965
148	200.000	-0.002	200.002	1.383	2.390	1.328	1785287825.161
149	200.000	0.190	199.998	1.332	0.303	1.328	1785287825.339
150	200.000	-0.003	199.999	2.939	0.006	1.347	1785287825.544
151	200.000	-0.314	200.000	2.472	6.178	1.352	1785287825.727
152	200.000	-0.082	200.003	0.749	5.582	1.328	1785287825.918
153	200.000	0.123	199.998	1.371	3.230	1.376	1785287826.107
154	200.000	0.068	199.995	2.559	2.783	1.328	1785287826.300
155	200.000	0.059	200.003	2.622	2.545	1.328	1785287826.496
156	200.000	0.202	200.002	1.134	2.390	1.328	1785287826.658
157	200.000	-0.220	199.997	1.570	0.109	1.328	1785287826.863
158	200.000	0.063	200.001	3.053	6.244	1.346	1785287827.096
159	200.000	-0.056	199.999	1.587	5.986	1.328	1785287827.355
160	200.000	-0.279	200.008	1.053	3.437	1.316	1785287827.545
161	200.000	0.185	200.004	2.392	2.846	1.328	1785287827.738
162	200.000	0.081	200.002	2.784	2.560	1.366	1785287827.911
163	200.000	0.207	199.999	1.571	2.423	1.328	1785287828.104
164	200.000	0.031	200.003	1.157	0.081	1.328	1785287828.276
165	200.000	0.017	199.999	2.843	0.045	1.328	1785287828.473
166	200.000	0.045	199.999	2.666	6.210	1.348	1785287828.653
167	200.000	0.453	199.998	1.325	5.894	1.351	1785287828.858
168	200.000	0.210	200.000	1.284	3.307	1.363	1785287829.051
169	200.000	0.111	200.001	2.441	2.855	1.328	1785287829.237
170	200.000	-0.726	200.000	2.682	2.587	1.328	1785287829.434
171	200.000	0.119	200.003	0.952	2.184	1.328	1785287829.649
172	200.000	0.169	200.000	2.182	6.223	1.328	1785287829.853
173	200.000	-0.322	199.997	3.102	6.173	1.328	1785287830.032
174	200.000	-0.072	200.003	2.170	6.170	1.328	1785287830.209
175	200.000	-0.038	200.000	0.505	4.818	1.322	1785287830.420
176	200.000	0.095	199.997	1.903	3.029	1.328	1785287830.623
177	200.000	0.382	200.001	2.854	2.627	1.328	1785287830.851
178	200.000	0.080	200.000	1.828	2.329	1.359	1785287831.047
179	200.000	0.152	199.998	0.824	0.139	1.328	1785287831.211
180	200.000	-0.248	200.002	2.698	0.004	1.328	1785287831.415
181	200.000	0.162	199.999	2.839	6.185	1.328	1785287831.588
182	200.000	0.018	199.998	1.511	5.946	1.328	1785287831.781
183	200.000	-0.021	200.001	0.852	3.519	1.405	1785287831.970
184	200.000	0.100	199.999	2.284	2.881	1.328	1785287832.149
185	200.000	-0.216	200.003	2.822	2.575	1.328	1785287832.368
186	200.000	0.181	200.001	1.315	2.304	1.328	1785287832.605
187	200.000	-0.017	200.004	1.891	6.249	1.328	1785287832.800
188	200.000	-0.205	200.001	2.984	6.234	1.328	1785287833.030
189	200.000	0.166	200.003	1.928	6.105	1.359	1785287833.218
190	200.000	-0.226	200.004	0.576	4.190	1.421	1785287833.410
191	200.000	-0.104	200.004	2.109	2.978	1.328	1785287833.605
192	200.000	0.033	199.995	2.807	2.626	1.359	1785287833.799
193	200.000	0.349	200.000	1.788	2.404	1.328	1785287834.013
194	200.000	0.148	200.003	0.905	0.395	1.328	1785287834.201
195	200.000	0.138	199.999	2.774	6.249	1.343	1785287834.402
196	200.000	0.199	199.997	2.639	6.179	1.349	1785287834.593
197	200.000	0.145	200.000	1.162	5.744	1.328	1785287834.780
198	200.000	-0.311	200.000	1.316	3.454	1.310	1785287834.979
199	200.000	-0.088	200.005	2.541	2.801	1.347	1785287835.166
200	200.000	0.225	199.999	2.758	2.505	1.352	1785287835.352
201	200.000	-0.140	200.002	1.360	2.248	1.328	1785287835.533
202	200.000	-0.281	199.999	1.287	0.191	1.328	1785287835.721
203	200.000	-0.072	199.999	2.903	6.231	1.328	1785287835.928
204	200.000	0.098	199.997	2.430	6.110	1.328	1785287836.103
205	200.000	-0.057	200.001	0.793	5.614	1.328	1785287836.288
206	200.000	0.002	199.998	1.445	3.294	1.328	1785287836.464
207	200.000	-0.228	200.001	2.500	2.836	1.328	1785287836.630
208	200.000	-0.311	200.002	2.627	2.530	1.328	1785287836.838
209	200.000	-0.204	200.004	1.336	2.237	1.328	1785287837.002
210	200.000	-0.250	200.001	1.106	0.187	1.351	1785287837.231
211	200.000	-0.004	200.000	3.049	6.208	1.328	1785287837.423
212	200.000	0.144	200.002	2.485	6.168	1.343	1785287837.633
213	200.000	0.031	199.996	0.574	4.965	1.328	1785287837.796
214	200.000	0.132	200.003	1.595	3.194	1.328	1785287837.973
215	200.000	0.334	199.997	2.653	2.687	1.328	1785287838.170
216	200.000	-0.288	199.995	2.530	2.497	1.328	1785287838.373
217	200.000	0.016	200.003	0.839	1.992	1.328	1785287838.554
218	200.000	-0.095	200.002	1.857	0.027	1.370	1785287838.756
219	200.000	0.156	200.001	3.030	6.221	1.347	1785287838.930
220	200.000	-0.380	199.999	2.109	6.042	1.341	1785287839.154
221	200.000	0.149	200.000	0.738	3.672	1.390	1785287839.399
222	200.000	0.226	200.001	2.168	2.919	1.328	1785287839.562
223	200.000	-0.060	200.004	2.725	2.542	1.350	1785287839.765
224	200.000	-0.118	199.999	1.576	2.295	1.328	1785287839.999
225	200.000	-0.157	199.999	1.407	0.101	1.341	1785287840.205
226	200.000	0.201	199.997	3.014	6.186	1.328	1785287840.468
227	200.000	-0.219	200.002	1.815	5.981	1.328	1785287840.686
228	200.000	0.128	199.999	0.990	3.433	1.363	1785287840.902
229	200.000	0.131	200.000	2.481	2.881	1.328	1785287841.077
230	200.000	0.386	199.996	2.739	2.556	1.327	1785287841.269
231	200.000	-0.096	199.998	1.831	2.344	1.328	1785287841.466
232	200.000	-0.084	200.000	1.564	0.084	1.353	1785287841.691
233	200.000	0.040	199.998	3.041	6.198	1.328	1785287841.932
234	200.000	0.178	200.001	2.053	6.003	1.328	1785287842.137
235	200.000	0.208	199.998	0.587	3.899	1.448	1785287842.315
236	200.000	-0.227	200.005	2.061	2.941	1.336	1785287842.516
237	200.000	0.006	200.001	2.756	2.638	1.328	1785287842.749
238	200.000	0.139	200.002	1.218	2.104	1.335	1785287843.026
239	200.000	0.007	199.998	2.220	6.279	1.328	1785287843.256
240	200.000	-0.041	200.003	2.989	6.150	1.328	1785287843.439
241	200.000	0.106	200.000	1.729	6.075	1.328	1785287843.613
242	200.000	0.037	199.996	0.636	3.828	1.341	1785287843.816
243	200.000	0.189	200.002	2.243	2.944	1.370	1785287844.011
244	200.000	0.027	200.002	2.662	2.605	1.328	1785287844.186
245	200.000	-0.265	200.001	1.939	2.382	1.328	1785287844.382
246	200.000	-0.191	200.003	0.800	0.769	1.328	1785287844.592
247	200.000	-0.135	200.005	2.827	6.208	1.328	1785287844.777
248	200.000	0.149	199.997	2.868	6.178	1.366	1785287844.959
249	200.000	0.123	200.000	1.341	5.931	1.328	1785287845.142
250	200.000	-0.052	199.999	0.941	3.417	1.364	1785287845.324
251	200.000	-0.156	199.999	2.355	2.834	1.360	1785287845.505
252	200.000	-0.019	200.001	2.673	2.550	1.328	1785287845.709
253	200.000	0.000	200.000	1.745	2.297	1.328	1785287845.900
254	200.000	0.108	200.003	1.048	0.486	1.328	1785287846.088
255	200.000	0.104	200.000	2.830	6.236	1.342	1785287846.292
256	200.000	-0.283	199.999	2.446	6.110	1.328	1785287846.523
257	200.000	0.023	199.996	0.600	4.947	1.328	1785287846.721
258	200.000	0.147	200.000	1.798	3.016	1.331	1785287846.887
259	200.000	-0.123	200.000	2.609	2.772	1.328	1785287847.069
260	200.000	-0.305	200.000	2.459	2.431	1.356	1785287847.270
261	200.000	0.212	200.001	0.871	1.831	1.328	1785287847.449
262	200.000	-0.229	200.007	1.992	0.065	1.331	1785287847.650
263	200.000	-0.208	199.999	3.027	6.215	1.328	1785287847.824
264	200.000	-0.105	200.004	2.213	6.117	1.338	1785287848.046
265	200.000	0.216	199.998	0.660	4.913	1.416	1785287848.213
266	200.000	0.029	199.996	1.946	3.019	1.393	1785287848.392
267	200.000	0.049	199.998	2.635	2.708	1.366	1785287848.565
268	200.000	-0.126	200.002	2.347	2.474	1.328	1785287848.778
269	200.000	0.173	199.996	0.877	1.215	1.328	1785287848.985
270	200.000	-0.036	199.997	2.432	6.254	1.328	1785287849.225
271	200.000	0.102	200.002	2.605	6.163	1.328	1785287849.462
272	200.000	0.368	199.997	0.727	5.321	1.346	1785287849.664
273	200.000	-0.198	200.008	1.577	3.208	1.310	1785287849.839
274	200.000	-0.140	199.999	2.730	2.775	1.328	1785287850.041
275	200.000	-0.115	200.002	2.311	2.485	1.328	1785287850.288
276	200.000	0.156	200.001	0.976	0.619	1.355	1785287850.528
277	200.000	0.207	200.002	2.816	6.277	1.345	1785287850.714
278	200.000	0.246	199.998	2.703	6.198	1.341	1785287850.894
279	200.000	0.002	200.000	1.376	5.949	1.353	1785287851.071
280	200.000	0.237	200.000	1.179	3.364	1.396	1785287851.261
281	200.000	-0.177	199.999	2.475	2.814	1.354	1785287851.437
282	200.000	-0.486	199.999	2.768	2.526	1.328	1785287851.618
283	200.000	-0.188	200.000	1.618	2.191	1.328	1785287851.835
284	200.000	-0.254	199.999	1.504	0.165	1.328	1785287852.024
285	200.000	0.050	200.001	2.923	6.204	1.348	1785287852.221
286	200.000	0.368	200.001	2.710	6.101	1.368	1785287852.397
287	200.000	-0.048	200.002	0.971	5.580	1.361	1785287852.596
288	200.000	-0.090	200.001	1.599	3.241	1.328	1785287852.760
289	200.000	-0.039	199.997	2.623	2.796	1.328	1785287852.967
290	200.000	0.251	200.000	2.550	2.450	1.346	1785287853.146
291	200.000	0.111	200.001	1.197	1.976	1.332	1785287853.342
292	200.000	-0.155	199.999	1.616	0.183	1.328	1785287853.521
293	200.000	-0.215	199.998	3.043	6.227	1.337	1785287853.696
294	200.000	-0.366	199.999	2.649	6.082	1.343	1785287853.899
295	200.000	-0.205	200.000	0.795	5.430	1.383	1785287854.099
296	200.000	0.134	200.000	1.791	3.089	1.328	1785287854.346
297	200.000	0.308	199.997	2.752	2.480	1.356	1785287854.519
298	200.000	-0.043	200.001	2.146	2.342	1.328	1785287854.709
299	200.000	0.158	200.001	0.682	1.282	1.328	1785287854.875
300	200.000	0.019	200.001	2.432	6.247	1.363	1785287855.078
301	200.000	0.139	200.000	3.010	6.178	1.328	1785287855.258
302	200.000	-0.012	200.004	1.875	5.977	1.328	1785287855.471
303	200.000	0.313	200.000	0.795	3.644	1.328	1785287855.649
304	200.000	0.069	199.999	2.099	2.913	1.349	1785287855.838
305	200.000	-0.454	200.001	2.890	2.615	1.328	1785287856.032
306	200.000	-0.091	200.000	1.830	2.269	1.355	1785287856.220
307	200.000	0.083	200.004	0.900	0.711	1.328	1785287856.401
308	200.000	0.425	200.002	2.625	6.267	1.360	1785287856.592
309	200.000	0.146	200.000	2.906	6.110	1.328	1785287856.807
310	200.000	-0.263	200.003	1.208	5.830	1.364	1785287857.013
311	200.000	0.039	199.995	1.342	3.282	1.398	1785287857.206
312	200.000	-0.237	199.999	2.696	2.817	1.328	1785287857.409
313	200.000	-0.121	199.998	2.606	2.450	1.342	1785287857.596
314	200.000	-0.170	199.999	1.248	1.925	1.328	1785287857.791
315	200.000	-0.137	200.003	1.905	6.280	1.332	1785287858.022
316	200.000	-0.097	200.002	3.050	6.151	1.355	1785287858.199
317	200.000	-0.013	200.002	2.321	5.986	1.366	1785287858.390
318	200.000	-0.032	200.000	0.556	4.577	1.356	1785287858.568
319	200.000	-0.290	200.000	1.991	2.981	1.351	1785287858.795
320	200.000	-0.341	200.004	2.766	2.547	1.345	1785287859.025
321	200.000	0.224	199.999	1.790	2.242	1.328	1785287859.208
322	200.000	-0.277	199.997	1.385	0.405	1.334	1785287859.415
323	200.000	-0.271	199.999	2.961	6.173	1.343	1785287859.641
324	200.000	0.197	200.000	2.525	6.016	1.359	1785287859.844
325	200.000	0.051	200.000	0.585	5.194	1.331	1785287860.046
326	200.000	0.614	200.000	1.989	2.924	1.342	1785287860.285
327	200.000	0.101	200.000	2.908	2.605	1.328	1785287860.448
328	200.000	-0.077	200.000	2.034	2.312	1.339	1785287860.634
329	200.000	-0.152	200.002	0.850	1.055	1.328	1785287860.799
330	200.000	0.165	200.001	2.273	0.044	1.348	1785287860.953
331	200.000	-0.366	200.000	3.034	6.213	1.348	1785287861.150
332	200.000	-0.115	200.004	2.432	6.033	1.348	1785287861.335
333	200.000	0.290	200.002	0.585	4.581	1.446	1785287861.531
334	200.000	-0.019	199.999	1.963	2.967	1.328	1785287861.738
335	200.000	-0.246	199.997	2.736	2.656	1.328	1785287861.940
336	200.000	0.125	199.999	2.279	2.303	1.342	1785287862.113
337	200.000	0.007	199.997	0.776	0.959	1.328	1785287862.331
338	200.000	-0.280	200.002	2.716	6.242	1.328	1785287862.522
339	200.000	-0.209	200.003	2.920	6.103	1.328	1785287862.743
340	200.000	0.166	200.001	1.232	5.655	1.374	1785287862.933
341	200.000	-0.086	200.001	1.174	3.280	1.377	1785287863.122
342	200.000	-0.082	200.003	2.557	2.755	1.328	1785287863.315
343	200.000	-0.078	199.996	2.747	2.501	1.328	1785287863.503
344	200.000	0.336	199.996	1.481	2.104	1.351	1785287863.692
345	200.000	0.224	200.000	1.823	0.128	1.328	1785287863.955
346	200.000	0.095	200.000	2.974	6.144	1.351	1785287864.200
347	200.000	-0.101	199.999	1.287	5.703	1.346	1785287864.421
348	200.000	0.021	200.000	1.473	3.227	1.328	1785287864.633
349	200.000	0.074	200.000	2.837	2.672	1.328	1785287864.876
350	200.000	-0.301	199.996	1.901	2.232	1.328	1785287865.132
351	200.000	0.241	200.000	1.251	0.286	1.328	1785287865.359
352	200.000	-0.500	200.000	2.987	6.208	1.350	1785287865.533
353	200.000	-0.378	200.002	2.476	6.020	1.328	1785287865.756
354	200.000	-0.223	200.001	0.540	4.444	1.380	1785287866.000
355	200.000	-0.225	199.997	2.260	2.880	1.328	1785287866.188
356	200.000	-0.297	200.003	2.928	2.638	1.328	1785287866.365
357	200.000	0.168	200.002	2.251	2.380	1.328	1785287866.536
358	200.000	0.068	200.000	0.853	0.992	1.328	1785287866.728
359	200.000	0.168	200.000	2.332	6.274	1.328	1785287866.934
360	200.000	-0.121	200.001	2.908	6.117	1.338	1785287867.115
361	200.000	-0.058	200.001	1.610	5.787	1.328	1785287867.297
362	200.000	-0.085	200.000	0.832	3.758	1.328	1785287867.506
363	200.000	0.123	199.998	2.457	2.932	1.328	1785287867.686
364	200.000	-0.192	199.999	2.917	2.549	1.328	1785287867.882
365	200.000	-0.411	200.001	1.863	2.214	1.328	1785287868.065
366	200.000	-0.173	199.996	1.126	0.712	1.328	1785287868.249
367	200.000	-0.280	199.998	2.611	6.269	1.336	1785287868.421
368	200.000	0.098	200.003	2.868	6.131	1.328	1785287868.610
369	200.000	0.068	200.002	1.539	5.796	1.331	1785287868.805
370	200.000	-0.105	200.002	1.200	3.378	1.365	1785287869.006
371	200.000	-0.250	199.998	2.669	2.758	1.350	1785287869.253
372	200.000	-0.259	200.002	2.460	2.402	1.328	1785287869.483
373	200.000	0.022	200.003	0.925	1.287	1.328	1785287869.676
374	200.000	0.158	200.000	2.250	0.154	1.328	1785287869.845
375	200.000	-0.114	200.002	2.885	6.171	1.328	1785287870.048
376	200.000	0.046	199.998	1.874	5.909	1.328	1785287870.233
377	200.000	-0.101	200.001	0.848	3.980	1.328	1785287870.412
378	200.000	0.056	200.000	2.025	2.994	1.328	1785287870.614
379	200.000	-0.182	200.000	2.957	2.631	1.328	1785287870.808
380	200.000	0.204	200.001	1.638	2.229	1.328	1785287871.049
381	200.000	-0.343	200.000	1.477	0.315	1.336	1785287871.249
382	200.000	0.226	199.999	2.797	6.224	1.328	1785287871.419
383	200.000	0.177	199.996	2.703	6.068	1.328	1785287871.575
384	200.000	-0.101	200.001	1.569	5.717	1.408	1785287871.743
385	200.000	-0.156	200.000	0.835	3.708	1.328	1785287871.931
386	200.000	0.271	200.002	2.336	2.849	1.381	1785287872.103
387	200.000	0.027	200.002	2.808	2.619	1.328	1785287872.304
388	200.000	-0.070	200.001	1.884	2.245	1.328	1785287872.491
389	200.000	0.231	200.004	1.267	0.420	1.328	1785287872.719
390	200.000	-0.259	200.002	2.820	6.221	1.328	1785287872.955
391	200.000	0.027	199.998	2.279	5.966	1.368	1785287873.152
392	200.000	-0.484	200.001	0.743	5.021	1.354	1785287873.331
393	200.000	0.019	200.004	1.631	3.061	1.328	1785287873.502
394	200.000	0.293	200.001	2.759	2.669	1.343	1785287873.708
395	200.000	-0.199	200.001	2.261	2.380	1.328	1785287873.960
396	200.000	-0.101	199.996	1.293	0.486	1.354	1785287874.215
397	200.000	-0.005	200.005	2.946	6.183	1.361	1785287874.440
398	200.000	0.043	199.999	2.489	5.959	1.362	1785287874.635
399	200.000	0.074	199.999	0.603	4.756	1.328	1785287874.824
400	200.000	0.162	199.996	1.833	3.028	1.367	1785287875.023
401	200.000	0.106	199.997	2.963	2.693	1.328	1785287875.202
402	200.000	0.029	200.001	2.564	2.413	1.366	1785287875.377
403	200.000	-0.075	199.999	1.076	1.430	1.330	1785287875.578
404	200.000	0.054	200.000	2.274	0.028	1.347	1785287875.760
405	200.000	0.343	199.999	2.987	6.172	1.365	1785287875.926
406	200.000	0.028	199.996	2.129	5.924	1.328	1785287876.119
407	200.000	0.119	200.003	0.752	4.795	1.315	1785287876.329
408	200.000	-0.194	199.999	2.252	2.872	1.336	1785287876.580
409	200.000	-0.045	199.997	2.817	2.530	1.328	1785287876.772
410	200.000	-0.375	199.999	1.310	1.971	1.328	1785287877.005
411	200.000	0.117	200.003	2.136	0.171	1.328	1785287877.256
412	200.000	-0.153	200.008	2.858	6.201	1.328	1785287877.440
413	200.000	-0.098	200.001	1.930	5.808	1.376	1785287877.647
414	200.000	0.277	200.000	0.703	4.067	1.467	1785287877.814
415	200.000	-0.081	199.998	2.294	2.909	1.358	1785287878.018
416	200.000	0.357	200.000	2.933	2.608	1.340	1785287878.198
417	200.000	0.148	200.001	2.120	2.361	1.328	1785287878.376
418	200.000	0.023	200.002	0.922	0.880	1.328	1785287878.555
419	200.000	-0.102	199.997	2.394	0.045	1.328	1785287878.743
420	200.000	0.141	199.998	2.926	6.169	1.335	1785287878.965
421	200.000	0.065	199.999	1.333	5.584	1.371	1785287879.205
422	200.000	-0.047	200.000	1.568	3.146	1.339	1785287879.436
423	200.000	0.374	200.003	2.918	2.681	1.328	1785287879.643
424	200.000	-0.319	200.003	2.072	2.251	1.363	1785287879.896
425	200.000	0.294	200.004	1.238	0.524	1.372	1785287880.060
426	200.000	0.017	200.002	2.453	0.032	1.328	1785287880.262
427	200.000	-0.114	200.002	2.807	6.077	1.351	1785287880.468
428	200.000	-0.101	200.005	1.278	5.515	1.380	1785287880.710
429	200.000	-0.279	199.999	1.693	3.122	1.328	1785287880.951
430	200.000	0.068	199.997	2.913	2.669	1.328	1785287881.137
431	200.000	-0.040	200.000	2.173	2.341	1.328	1785287881.328
432	200.000	-0.575	199.998	0.956	1.078	1.328	1785287881.497
433	200.000	0.075	200.000	2.308	0.093	1.347	1785287881.685
434	200.000	0.135	200.001	2.909	6.180	1.328	1785287881.889
435	200.000	0.045	200.000	1.814	5.849	1.328	1785287882.084
436	200.000	-0.318	199.998	0.721	4.104	1.377	1785287882.272
437	200.000	0.204	199.999	2.223	2.919	1.349	1785287882.450
438	200.000	-0.018	200.001	2.903	2.581	1.328	1785287882.659
439	200.000	-0.087	200.002	1.992	2.393	1.360	1785287882.836
440	200.000	-0.387	199.998	1.122	0.887	1.328	1785287883.026
441	200.000	-0.152	200.000	2.472	0.052	1.328	1785287883.219
442	200.000	0.094	200.004	2.770	6.083	1.328	1785287883.402
443	200.000	-0.118	200.002	1.628	5.751	1.338	1785287883.592
444	200.000	-0.079	199.997	0.797	3.894	1.351	1785287883.770
445	200.000	0.026	199.999	2.455	2.849	1.349	1785287883.960
446	200.000	-0.229	199.996	2.891	2.606	1.328	1785287884.136
447	200.000	-0.058	200.001	1.878	2.260	1.328	1785287884.314
448	200.000	-0.119	200.001	1.155	0.715	1.328	1785287884.521
449	200.000	0.126	199.996	2.820	6.190	1.345	1785287884.777
450	200.000	0.231	200.000	2.498	6.008	1.344	1785287884.962
451	200.000	0.098	199.998	0.787	5.071	1.366	1785287885.169
452	200.000	-0.141	200.000	1.974	3.028	1.328	1785287885.417
453	200.000	0.194	200.001	2.865	2.568	1.346	1785287885.639
454	200.000	0.237	199.998	1.721	2.182	1.328	1785287885.848
455	200.000	0.075	200.002	1.433	0.302	1.348	1785287886.024
456	200.000	0.014	199.995	2.806	6.226	1.328	1785287886.207
457	200.000	0.176	199.998	2.722	6.098	1.328	1785287886.376
458	200.000	0.175	199.999	1.409	5.607	1.391	1785287886.577
459	200.000	0.030	200.003	1.166	3.503	1.328	1785287886.754
460	200.000	-0.209	199.998	2.642	2.844	1.351	1785287886.972
461	200.000	-0.259	200.000	2.802	2.534	1.328	1785287887.155
462	200.000	0.202	200.001	1.517	2.092	1.328	1785287887.327
463	200.000	0.008	200.003	1.536	0.427	1.336	1785287887.544
464	200.000	-0.016	199.998	2.927	6.182	1.328	1785287887.776
465	200.000	-0.046	200.000	2.355	5.966	1.328	1785287887.933
466	200.000	-0.062	199.994	0.895	5.049	1.310	1785287888.138
467	200.000	-0.323	199.999	1.806	3.092	1.376	1785287888.323
468	200.000	-0.196	200.000	2.881	2.710	1.352	1785287888.509
469	200.000	0.041	200.000	2.421	2.435	1.347	1785287888.710
470	200.000	0.163	200.006	1.135	1.512	1.328	1785287888.901
471	200.000	0.371	200.000	2.432	0.037	1.346	1785287889.145
472	200.000	-0.009	199.997	2.872	6.093	1.346	1785287889.341
473	200.000	0.281	200.002	1.311	5.607	1.368	1785287889.588
474	200.000	0.087	200.000	1.453	3.293	1.365	1785287889.793
475	200.000	-0.041	200.000	2.811	2.810	1.328	1785287889.958
476	200.000	-0.304	199.998	2.842	2.571	1.328	1785287890.134
477	200.000	0.061	199.998	1.373	1.920	1.328	1785287890.332
478	200.000	-0.154	200.004	1.833	0.181	1.328	1785287890.532
479	200.000	0.223	199.999	2.936	6.167	1.357	1785287890.733
480	200.000	0.010	200.004	2.296	5.983	1.354	1785287890.912
481	200.000	-0.186	200.001	0.919	4.927	1.454	1785287891.091
482	200.000	-0.158	199.999	1.755	3.166	1.375	1785287891.271
483	200.000	-0.162	200.000	2.835	2.723	1.328	1785287891.457
484	200.000	0.157	199.995	2.481	2.417	1.328	1785287891.648
485	200.000	0.206	199.999	1.009	1.610	1.328	1785287891.852
486	200.000	0.049	200.002	2.049	0.167	1.351	1785287892.053
487	200.000	0.020	200.002	2.933	6.200	1.328	1785287892.218
488	200.000	0.150	199.998	2.099	5.927	1.352	1785287892.449
489	200.000	-0.269	200.001	0.842	4.283	1.303	1785287892.651
490	200.000	0.206	199.999	2.184	2.965	1.363	1785287892.830
491	200.000	-0.006	199.999	2.850	2.569	1.334	1785287893.067
492	200.000	-0.141	199.997	1.593	2.253	1.328	1785287893.254
493	200.000	-0.038	200.002	1.671	0.220	1.360	1785287893.513
494	200.000	0.238	199.999	2.921	6.216	1.342	1785287893.744
495	200.000	0.049	200.002	1.936	5.845	1.340	1785287893.945
496	200.000	0.237	199.999	0.858	4.024	1.318	1785287894.123
497	200.000	0.309	199.997	2.048	2.973	1.350	1785287894.322
498	200.000	0.221	200.000	2.902	2.583	1.328	1785287894.554
499	200.000	-0.303	199.997	1.724	2.226	1.336	1785287894.732
500	200.000	-0.097	200.000	1.152	0.598	1.338	1785287894.923
501	200.000	-0.299	200.001	2.812	0.052	1.330	1785287895.085
502	200.000	-0.367	199.995	2.729	6.142	1.337	1785287895.306
503	200.000	0.205	199.996	1.287	5.413	1.440	1785287895.501
504	200.000	-0.040	200.002	1.205	3.445	1.328	1785287895.690
505	200.000	-0.015	200.001	2.740	2.854	1.328	1785287895.881
506	200.000	0.157	200.002	2.580	2.489	1.328	1785287896.102
507	200.000	0.023	200.002	0.858	1.626	1.328	1785287896.300
508	200.000	0.024	199.998	2.129	0.206	1.335	1785287896.478
509	200.000	0.149	199.998	2.976	6.155	1.358	1785287896.664
510	200.000	0.077	199.999	2.157	5.913	1.366	1785287896.838
511	200.000	-0.096	200.004	0.846	4.950	1.335	1785287897.022
512	200.000	-0.122	199.999	1.762	3.143	1.328	1785287897.248
513	200.000	-0.078	200.003	2.998	2.691	1.328	1785287897.438
514	200.000	-0.163	200.001	2.407	2.378	1.348	1785287897.627
515	200.000	-0.079	199.997	1.011	1.184	1.328	1785287897.794
516	200.000	-0.201	200.002	2.321	0.105	1.328	1785287897.993
517	200.000	-0.115	199.999	2.817	6.140	1.345	1785287898.209
518	200.000	-0.365	200.000	1.631	5.700	1.356	1785287898.413
519	200.000	0.150	199.999	1.021	3.747	1.361	1785287898.631
520	200.000	0.267	199.999	2.466	2.924	1.328	1785287898.782
521	200.000	-0.013	199.997	2.852	2.534	1.354	1785287898.997
522	200.000	-0.248	200.000	1.578	2.066	1.354	1785287899.189
523	200.000	0.087	200.003	1.420	0.435	1.328	1785287899.371
524	200.000	-0.023	200.002	2.774	6.246	1.328	1785287899.569
525	200.000	0.219	199.998	2.484	6.044	1.344	1785287899.783
526	200.000	0.641	200.003	0.969	4.964	1.328	1785287899.983
527	200.000	-0.279	200.001	1.818	3.184	1.328	1785287900.183
528	200.000	-0.123	199.999	2.964	2.660	1.345	1785287900.366
529	200.000	0.349	200.002	2.538	2.393	1.347	1785287900.568
530	200.000	-0.534	199.998	1.149	1.472	1.328	1785287900.733
531	200.000	0.017	200.002	2.166	0.158	1.350	1785287900.949
532	200.000	0.074	200.001	2.981	6.152	1.328	1785287901.183
533	200.000	-0.006	200.004	1.709	5.739	1.346	1785287901.356
534	200.000	-0.516	200.003	1.022	3.811	1.352	1785287901.553
535	200.000	-0.267	199.999	2.582	2.873	1.328	1785287901.817
536	200.000	-0.108	200.001	2.637	2.556	1.328	1785287901.997
537	200.000	-0.154	200.001	1.151	1.943	1.328	1785287902.187
538	200.000	-0.116	200.003	1.929	0.186	1.328	1785287902.357
539	200.000	-0.305	199.999	2.882	6.249	1.328	1785287902.546
540	200.000	-0.158	200.003	2.506	5.981	1.328	1785287902.756
541	200.000	-0.134	199.997	0.799	4.672	1.328	1785287902.981
542	200.000	0.259	200.001	2.232	2.988	1.328	1785287903.202
543	200.000	-0.246	199.999	2.820	2.603	1.328	1785287903.444
544	200.000	0.299	199.999	1.194	1.851	1.328	1785287903.694
545	200.000	-0.072	199.998	2.302	0.109	1.328	1785287903.917
546	200.000	-0.039	200.002	2.953	6.142	1.328	1785287904.124
547	200.000	0.297	199.996	1.816	5.804	1.328	1785287904.298
548	200.000	-0.092	200.002	0.975	3.922	1.375	1785287904.497
549	200.000	0.423	199.997	2.492	2.948	1.328	1785287904.747
550	200.000	-0.292	200.003	2.831	2.545	1.328	1785287904.925
551	200.000	0.277	199.998	1.482	2.048	1.346	1785287905.137
552	200.000	-0.252	199.998	1.932	0.194	1.351	1785287905.378
553	200.000	0.133	200.000	2.864	6.134	1.348	1785287905.625
554	200.000	0.050	200.001	1.631	5.661	1.370	1785287905.799
555	200.000	-0.121	199.999	1.105	3.708	1.381	1785287906.023
556	200.000	-0.129	200.002	2.749	2.836	1.328	1785287906.256
557	200.000	-0.466	200.004	2.295	2.410	1.328	1785287906.513
558	200.000	-0.058	199.997	1.056	0.921	1.346	1785287906.685
559	200.000	0.277	199.999	2.348	0.090	1.335	1785287906.869
560	200.000	-0.220	200.001	2.998	6.148	1.339	1785287907.069
561	200.000	0.017	200.000	1.627	5.650	1.328	1785287907.293
562	200.000	0.068	200.000	1.461	3.381	1.328	1785287907.552
563	200.000	0.358	199.999	2.958	2.741	1.328	1785287907.756
564	200.000	0.274	199.999	2.294	2.361	1.328	1785287907.979
565	200.000	-0.170	200.002	1.112	0.721	1.366	1785287908.192
566	200.000	-0.186	200.003	2.749	0.036	1.342	1785287908.393
567	200.000	-0.120	200.003	2.721	6.053	1.353	1785287908.627
568	200.000	-0.123	200.005	1.101	5.259	1.371	1785287908.798
569	200.000	-0.103	200.005	1.577	3.363	1.321	1785287909.010
570	200.000	0.089	200.001	2.893	2.733	1.344	1785287909.246
571	200.000	-0.030	200.002	2.377	2.395	1.328	1785287909.437
572	200.000	0.188	199.999	0.977	1.165	1.331	1785287909.631
573	200.000	-0.354	200.003	2.566	0.033	1.328	1785287909.863
574	200.000	-0.118	200.002	2.793	6.067	1.328	1785287910.065
575	200.000	0.169	200.001	1.501	5.658	1.335	1785287910.244
576	200.000	0.025	199.999	1.159	3.591	1.391	1785287910.417
577	200.000	0.084	199.999	2.420	2.950	1.328	1785287910.633
578	200.000	-0.356	199.999	2.662	2.485	1.337	1785287910.863
579	200.000	-0.027	199.999	1.228	1.991	1.328	1785287911.056
580	200.000	-0.172	200.003	1.896	0.240	1.328	1785287911.243
581	200.000	-0.029	200.001	3.088	6.180	1.363	1785287911.446
582	200.000	-0.284	199.999	2.150	5.826	1.328	1785287911.692
583	200.000	-0.092	200.001	0.876	4.030	1.328	1785287911.868
584	200.000	-0.114	200.000	2.297	3.043	1.328	1785287912.054
585	200.000	0.175	200.004	2.935	2.581	1.341	1785287912.251
586	200.000	-0.107	199.997	2.003	2.386	1.328	1785287912.439
587	200.000	-0.173	200.004	1.044	0.669	1.328	1785287912.624
588	200.000	-0.050	200.002	2.622	6.247	1.350	1785287912.788
589	200.000	-0.290	200.000	2.903	6.100	1.328	1785287912.980
590	200.000	0.020	199.997	1.753	5.707	1.343	1785287913.183
591	200.000	-0.003	200.007	1.042	3.812	1.320	1785287913.362
592	200.000	-0.057	200.000	2.440	2.902	1.345	1785287913.540
593	200.000	-0.148	200.000	2.921	2.680	1.328	1785287913.723
594	200.000	0.015	199.999	1.756	2.278	1.328	1785287913.927
595	200.000	-0.192	199.996	1.239	0.588	1.358	1785287914.132
596	200.000	-0.259	200.004	2.938	6.210	1.328	1785287914.385
597	200.000	0.199	200.001	2.097	5.899	1.343	1785287914.603
598	200.000	0.149	200.001	0.883	4.170	1.329	1785287914.809
599	200.000	0.010	199.999	2.257	2.955	1.381	1785287915.003
600	200.000	-0.102	200.000	2.894	2.674	1.328	1785287915.201
601	200.000	-0.107	199.999	1.601	2.144	1.328	1785287915.421
602	200.000	-0.130	199.999	1.595	0.286	1.328	1785287915.617
603	200.000	0.087	199.997	2.897	6.270	1.331	1785287915.788
604	200.000	-0.142	200.002	2.593	5.974	1.349	1785287915.990
605	200.000	0.370	199.998	1.316	5.368	1.328	1785287916.178
606	200.000	-0.048	199.999	1.597	3.395	1.349	1785287916.349
607	200.000	0.027	200.000	2.734	2.824	1.328	1785287916.575
608	200.000	0.145	200.003	2.427	2.442	1.328	1785287916.798
609	200.000	0.257	199.998	0.965	1.214	1.328	1785287916.997
610	200.000	0.002	200.001	2.482	0.059	1.355	1785287917.248
611	200.000	0.171	200.002	2.783	6.065	1.339	1785287917.449
612	200.000	0.167	199.995	1.079	5.181	1.328	1785287917.695
613	200.000	0.200	200.001	1.814	3.295	1.336	1785287917.873
614	200.000	0.056	199.999	2.860	2.724	1.346	1785287918.054
615	200.000	0.019	199.996	2.670	2.520	1.328	1785287918.237
616	200.000	0.120	199.996	1.197	1.760	1.345	1785287918.423
617	200.000	0.238	200.003	2.226	0.140	1.328	1785287918.671
618	200.000	0.174	200.001	2.934	6.192	1.332	1785287918.859
619	200.000	-0.068	200.000	1.879	5.724	1.355	1785287919.071
620	200.000	0.326	200.001	1.324	3.724	1.328	1785287919.300
621	200.000	-0.142	200.004	2.751	2.931	1.328	1785287919.482
622	200.000	0.063	199.999	2.835	2.555	1.351	1785287919.658
623	200.000	0.023	199.998	1.448	2.120	1.328	1785287919.876
624	200.000	-0.053	199.998	1.862	0.279	1.360	1785287920.070
625	200.000	-0.178	200.002	3.003	6.229	1.334	1785287920.288
626	200.000	0.263	199.998	2.168	5.863	1.374	1785287920.481
627	200.000	-0.461	199.997	0.980	4.457	1.328	1785287920.669
628	200.000	-0.051	199.998	2.095	3.146	1.371	1785287920.849
629	200.000	-0.218	200.000	2.925	2.742	1.328	1785287921.041
630	200.000	-0.166	199.999	2.490	2.411	1.328	1785287921.220
631	200.000	-0.057	199.999	1.002	1.101	1.328	1785287921.441
632	200.000	-0.025	200.004	2.717	6.283	1.350	1785287921.688
633	200.000	-0.068	199.997	2.731	6.123	1.353	1785287921.862
634	200.000	-0.043	200.003	1.405	5.516	1.324	1785287922.069
635	200.000	-0.126	199.996	1.519	3.513	1.356	1785287922.308
636	200.000	0.032	200.001	2.948	2.840	1.328	1785287922.495
637	200.000	-0.077	200.000	2.620	2.488	1.328	1785287922.676
638	200.000	-0.161	200.002	1.180	1.765	1.351	1785287922.869
639	200.000	-0.205	200.003	1.933	0.202	1.328	1785287923.063
640	200.000	-0.084	200.002	2.904	6.166	1.328	1785287923.292
641	200.000	-0.328	200.001	1.905	5.775	1.328	1785287923.497
642	200.000	0.102	200.002	1.020	4.013	1.368	1785287923.681
643	200.000	-0.179	200.002	2.499	3.052	1.328	1785287923.861
644	200.000	-0.135	200.001	2.932	2.717	1.328	1785287924.074
645	200.000	0.280	199.998	1.607	2.189	1.328	1785287924.311
646	200.000	0.160	200.000	1.622	0.380	1.328	1785287924.480
647	200.000	0.234	200.000	2.955	6.258	1.328	1785287924.677
648	200.000	0.196	199.998	2.667	6.010	1.339	1785287924.852
649	200.000	-0.035	200.002	1.330	5.326	1.351	1785287925.057
650	200.000	-0.109	200.006	1.656	3.408	1.400	1785287925.240
651	200.000	0.139	199.999	2.683	2.916	1.328	1785287925.430
652	200.000	0.322	200.002	2.829	2.627	1.328	1785287925.605
653	200.000	-0.421	199.996	1.418	2.000	1.328	1785287925.802
654	200.000	-0.008	199.998	1.727	0.332	1.328	1785287925.995
655	200.000	0.249	200.000	2.837	6.234	1.346	1785287926.186
656	200.000	0.307	199.999	2.533	5.958	1.369	1785287926.380
657	200.000	0.084	200.001	1.187	5.374	1.339	1785287926.541
658	200.000	0.196	200.003	1.540	3.347	1.364	1785287926.738
659	200.000	-0.019	200.002	2.772	2.856	1.328	1785287926.947
660	200.000	0.196	199.997	2.497	2.451	1.348	1785287927.192
661	200.000	-0.061	199.999	1.136	0.577	1.328	1785287927.423
662	200.000	0.092	200.004	2.790	6.266	1.357	1785287927.607
663	200.000	0.132	199.999	2.848	6.082	1.344	1785287927.786
664	200.000	0.213	199.999	1.418	5.520	1.415	1785287927.982
665	200.000	-0.123	200.002	1.236	3.660	1.328	1785287928.158
666	200.000	-0.291	200.001	2.488	2.907	1.328	1785287928.358
667	200.000	-0.538	199.998	2.797	2.590	1.351	1785287928.537
668	200.000	0.069	199.997	1.652	2.218	1.328	1785287928.738
669	200.000	-0.064	199.998	1.428	0.428	1.328	1785287928.923
670	200.000	0.268	200.004	2.769	6.276	1.354	1785287929.121
671	200.000	-0.097	200.002	2.527	5.977	1.328	1785287929.310
672	200.000	0.097	199.997	1.274	5.459	1.310	1785287929.489
673	200.000	0.035	200.002	1.457	3.565	1.323	1785287929.676
674	200.000	0.094	199.999	2.763	2.876	1.328	1785287929.876
675	200.000	0.010	199.997	2.832	2.492	1.341	1785287930.052
676	200.000	-0.403	200.002	1.400	1.917	1.330	1785287930.251
677	200.000	-0.245	199.994	1.637	0.252	1.328	1785287930.422
678	200.000	-0.237	200.004	2.796	6.224	1.328	1785287930.597
679	200.000	0.020	200.001	2.665	5.984	1.328	1785287930.804
680	200.000	0.074	200.001	1.107	5.252	1.307	1785287931.002
681	200.000	0.012	200.002	1.516	3.453	1.328	1785287931.181
682	200.000	-0.094	200.001	2.773	2.847	1.328	1785287931.366
683	200.000	-0.183	200.002	2.664	2.538	1.328	1785287931.559
684	200.000	0.275	200.003	1.254	1.854	1.328	1785287931.748
685	200.000	-0.138	199.997	2.059	0.170	1.328	1785287931.985
686	200.000	0.303	199.999	2.898	6.145	1.328	1785287932.188
687	200.000	-0.001	200.000	2.042	5.665	1.328	1785287932.380
688	200.000	-0.237	200.002	0.961	4.170	1.355	1785287932.570
689	200.000	-0.260	200.000	2.262	3.003	1.373	1785287932.755
690	200.000	0.160	200.002	2.991	2.600	1.359	1785287932.938
691	200.000	0.033	199.995	1.938	2.216	1.342	1785287933.155
692	200.000	-0.096	199.999	1.241	0.427	1.328	1785287933.353
693	200.000	0.096	199.999	2.793	6.242	1.328	1785287933.551
694	200.000	-0.223	200.001	2.750	6.057	1.341	1785287933.728
695	200.000	-0.359	200.001	1.552	5.464	1.321	1785287933.906
696	200.000	0.369	200.002	1.290	3.720	1.328	1785287934.130
697	200.000	-0.313	200.001	2.775	2.803	1.328	1785287934.369
698	200.000	-0.130	199.999	2.227	2.384	1.328	1785287934.595
699	200.000	-0.175	199.998	0.984	1.135	1.328	1785287934.784
700	200.000	-0.029	199.999	2.603	0.085	1.328	1785287934.968
701	200.000	-0.179	199.999	2.851	6.108	1.363	1785287935.155
702	200.000	0.056	199.997	2.034	5.785	1.350	1785287935.355
703	200.000	-0.241	199.998	1.060	3.947	1.323	1785287935.547
704	200.000	-0.455	200.003	2.441	3.026	1.383	1785287935.744
705	200.000	-0.102	200.000	2.837	2.553	1.355	1785287935.962
706	200.000	0.221	200.004	1.678	2.111	1.340	1785287936.164
707	200.000	0.080	199.998	1.487	0.341	1.328	1785287936.334
708	200.000	0.167	200.004	2.829	6.246	1.328	1785287936.545
709	200.000	-0.086	199.999	2.555	5.999	1.328	1785287936.750
710	200.000	-0.086	200.001	1.124	5.103	1.336	1785287936.902
711	200.000	0.080	199.999	1.603	3.404	1.328	1785287937.122
712	200.000	0.040	200.001	3.019	2.712	1.363	1785287937.356
713	200.000	0.123	200.005	2.277	2.432	1.328	1785287937.537
714	200.000	-0.226	200.004	0.967	1.595	1.328	1785287937.722
715	200.000	0.053	199.999	2.033	0.133	1.328	1785287937.899
716	200.000	-0.015	200.002	2.856	6.188	1.328	1785287938.098
717	200.000	-0.154	199.999	2.079	5.803	1.328	1785287938.283
718	200.000	0.006	200.001	0.986	4.372	1.328	1785287938.483
719	200.000	-0.457	199.998	2.440	2.953	1.328	1785287938.738
720	200.000	0.012	200.001	2.771	2.554	1.328	1785287938.969
721	200.000	-0.085	200.003	1.209	1.737	1.335	1785287939.150
722	200.000	0.041	199.997	1.950	0.237	1.347	1785287939.352
723	200.000	0.155	200.000	2.908	6.247	1.328	1785287939.537
724	200.000	0.111	200.002	2.489	5.956	1.369	1785287939.735
725	200.000	-0.128	199.999	0.980	4.825	1.328	1785287939.912
726	200.000	0.327	200.000	1.759	3.237	1.375	1785287940.086
727	200.000	-0.050	199.999	2.952	2.747	1.343	1785287940.303
728	200.000	0.075	200.000	2.196	2.401	1.328	1785287940.536
729	200.000	0.214	200.001	0.998	0.799	1.328	1785287940.722
730	200.000	-0.162	199.997	2.698	0.125	1.337	1785287940.914
731	200.000	-0.143	200.000	2.927	6.091	1.328	1785287941.105
732	200.000	-0.159	199.997	1.808	5.601	1.400	1785287941.304
733	200.000	0.052	200.004	1.070	3.979	1.367	1785287941.471
734	200.000	-0.246	200.002	2.370	2.995	1.328	1785287941.676
735	200.000	-0.333	199.999	2.968	2.677	1.328	1785287941.847
736	200.000	-0.211	200.001	2.012	2.359	1.328	1785287942.045
737	200.000	-0.196	200.004	1.207	0.673	1.328	1785287942.210
738	200.000	0.068	199.998	2.550	0.029	1.360	1785287942.415
739	200.000	0.279	200.000	2.826	6.075	1.328	1785287942.585
740	200.000	0.114	200.001	1.761	5.648	1.342	1785287942.776
741	200.000	0.154	200.005	1.202	3.686	1.328	1785287943.019
742	200.000	0.120	199.998	2.940	2.841	1.328	1785287943.253
743	200.000	0.027	200.000	2.558	2.481	1.328	1785287943.437
744	200.000	-0.099	200.006	1.116	1.547	1.338	1785287943.634
745	200.000	-0.123	200.000	2.281	0.151	1.337	1785287943.880
746	200.000	0.055	199.997	2.917	6.073	1.328	1785287944.067
747	200.000	-0.029	199.998	1.493	5.474	1.328	1785287944.303
748	200.000	0.104	199.999	1.462	3.492	1.328	1785287944.502
749	200.000	-0.196	200.000	2.783	2.844	1.328	1785287944.744
750	200.000	-0.080	200.000	2.435	2.437	1.328	1785287944.955
751	200.000	-0.015	200.002	0.959	0.969	1.328	1785287945.189
752	200.000	-0.188	200.003	2.535	0.066	1.328	1785287945.361
753	200.000	-0.133	200.003	2.732	6.075	1.328	1785287945.571
754	200.000	0.212	200.001	1.397	5.448	1.358	1785287945.814
755	200.000	-0.285	200.003	1.633	3.368	1.348	1785287945.990
756	200.000	0.209	200.004	2.766	2.897	1.328	1785287946.182
757	200.000	-0.017	200.004	2.662	2.552	1.328	1785287946.373
758	200.000	-0.031	199.998	1.222	1.938	1.328	1785287946.560
759	200.000	-0.207	200.001	1.811	0.253	1.328	1785287946.739
760	200.000	-0.272	199.999	2.908	6.213	1.328	1785287946.942
761	200.000	0.052	199.999	2.176	5.839	1.328	1785287947.183
762	200.000	-0.170	200.001	1.055	4.430	1.328	1785287947.372
763	200.000	-0.070	199.998	2.252	3.158	1.336	1785287947.563
764	200.000	-0.081	199.997	3.036	2.747	1.328	1785287947.747
765	200.000	-0.154	199.999	2.223	2.418	1.328	1785287947.924
766	200.000	-0.164	200.001	1.139	1.089	1.336	1785287948.126
767	200.000	-0.179	200.001	2.637	0.070	1.328	1785287948.346
768	200.000	-0.209	200.002	2.683	6.061	1.328	1785287948.551
769	200.000	-0.073	200.001	1.412	5.454	1.328	1785287948.738
770	200.000	0.007	199.999	1.366	3.558	1.361	1785287948.937
771	200.000	0.012	200.004	2.631	2.909	1.328	1785287949.133
772	200.000	0.084	199.998	2.739	2.523	1.328	1785287949.363
773	200.000	-0.054	200.002	1.126	1.439	1.328	1785287949.559
774	200.000	-0.118	200.005	1.973	0.124	1.328	1785287949.747
775	200.000	-0.095	199.997	2.959	6.196	1.328	1785287949.992
776	200.000	-0.156	200.000	1.795	5.715	1.328	1785287950.176
777	200.000	0.127	200.003	1.192	4.226	1.357	1785287950.371
778	200.000	0.100	200.004	2.515	3.016	1.328	1785287950.557
779	200.000	-0.267	199.999	2.925	2.664	1.328	1785287950.756
780	200.000	-0.017	200.003	1.894	2.261	1.328	1785287950.933
781	200.000	-0.071	199.999	1.351	0.595	1.328	1785287951.117
782	200.000	-0.120	199.998	2.828	0.060	1.348	1785287951.303
783	200.000	-0.029	200.002	2.692	6.142	1.328	1785287951.481
784	200.000	0.067	200.003	1.847	5.595	1.319	1785287951.663
785	200.000	0.024	200.000	1.195	3.879	1.376	1785287951.852
786	200.000	-0.028	200.000	2.538	2.996	1.328	1785287952.041
787	200.000	0.185	199.998	2.919	2.711	1.328	1785287952.221
788	200.000	0.119	199.999	1.889	2.220	1.328	1785287952.450
789	200.000	-0.019	199.998	1.853	0.277	1.328	1785287952.683
790	200.000	0.053	199.998	2.953	6.241	1.357	1785287952.926
791	200.000	-0.357	200.002	2.018	5.719	1.370	1785287953.111
792	200.000	-0.118	200.000	0.968	4.354	1.335	1785287953.304
793	200.000	-0.002	199.998	2.568	3.000	1.328	1785287953.561
794	200.000	-0.013	199.997	2.837	2.611	1.347	1785287953.742
795	200.000	-0.283	199.999	1.557	2.089	1.328	1785287953.910
796	200.000	0.004	200.002	1.570	0.488	1.328	1785287954.107
797	200.000	-0.148	200.000	2.880	0.013	1.328	1785287954.280
798	200.000	-0.195	200.001	2.694	6.066	1.328	1785287954.483
799	200.000	0.263	199.998	1.415	5.415	1.394	1785287954.691
800	200.000	-0.055	199.997	1.569	3.374	1.360	1785287954.881
801	200.000	-0.227	200.001	2.853	2.785	1.352	1785287955.103
802	200.000	0.258	200.000	2.476	2.478	1.359	1785287955.289
803	200.000	0.009	200.000	0.992	1.570	1.328	1785287955.453
804	200.000	0.226	200.001	2.009	0.227	1.328	1785287955.661
805	200.000	0.386	200.000	2.973	6.207	1.328	1785287955.839
806	200.000	0.158	199.999	2.251	5.841	1.328	1785287956.041
807	200.000	0.237	199.999	1.011	4.697	1.359	1785287956.221
808	200.000	0.074	200.000	1.928	3.327	1.328	1785287956.425
809	200.000	0.058	200.002	2.951	2.735	1.328	1785287956.616
810	200.000	-0.155	200.000	2.119	2.422	1.328	1785287956.804
811	200.000	0.082	199.999	0.855	1.056	1.328	1785287956.998
812	200.000	-0.434	200.000	2.518	0.069	1.328	1785287957.180
813	200.000	0.090	200.000	2.847	6.155	1.328	1785287957.369
814	200.000	0.146	200.000	2.125	5.741	1.351	1785287957.547
815	200.000	-0.049	199.999	1.076	4.116	1.352	1785287957.754
816	200.000	0.127	200.006	2.320	3.078	1.328	1785287957.945
817	200.000	0.160	199.999	2.805	2.621	1.332	1785287958.133
818	200.000	-0.045	200.000	1.687	2.251	1.328	1785287958.362
819	200.000	-0.111	200.003	1.569	0.342	1.328	1785287958.587
820	200.000	-0.212	200.001	3.025	6.224	1.341	1785287958.790
821	200.000	-0.229	200.003	2.275	5.823	1.356	1785287959.022
822	200.000	-0.048	199.997	0.956	4.326	1.328	1785287959.221
823	200.000	0.268	200.000	2.300	3.077	1.328	1785287959.423
824	200.000	0.058	200.002	2.886	2.646	1.381	1785287959.601
825	200.000	0.178	199.999	2.185	2.303	1.328	1785287959.766
826	200.000	0.207	200.002	1.099	0.697	1.328	1785287959.982
827	200.000	0.077	200.003	2.875	6.229	1.343	1785287960.210
828	200.000	-0.036	200.002	2.708	5.962	1.328	1785287960.405
829	200.000	-0.184	199.999	1.286	5.287	1.316	1785287960.598
830	200.000	0.097	200.000	1.640	3.396	1.345	1785287960.781
831	200.000	-0.263	200.003	2.759	2.858	1.328	1785287960.976
832	200.000	-0.184	199.994	2.689	2.518	1.352	1785287961.182
833	200.000	-0.148	200.001	1.042	1.316	1.328	1785287961.410
834	200.000	-0.023	200.000	2.605	0.001	1.364	1785287961.648
835	200.000	-0.035	199.997	2.915	6.114	1.337	1785287961.850
836	200.000	0.240	199.998	1.294	5.284	1.351	1785287962.092
837	200.000	0.085	200.002	1.623	3.389	1.328	1785287962.273
838	200.000	-0.383	199.999	2.794	2.812	1.328	1785287962.455
839	200.000	0.182	199.997	2.760	2.513	1.361	1785287962.636
840	200.000	0.179	199.998	1.039	1.723	1.328	1785287962.874
841	200.000	0.287	200.002	2.364	0.096	1.328	1785287963.086
842	200.000	0.434	199.999	2.997	6.112	1.344	1785287963.281
843	200.000	-0.049	200.001	1.786	5.644	1.354	1785287963.488
844	200.000	0.307	200.001	1.184	3.974	1.341	1785287963.658
845	200.000	0.109	199.997	2.355	3.022	1.328	1785287963.829
846	200.000	0.050	200.000	2.874	2.639	1.344	1785287964.016
847	200.000	0.189	200.002	2.104	2.356	1.328	1785287964.211
848	200.000	0.329	200.000	1.184	0.706	1.328	1785287964.403
849	200.000	-0.046	200.001	2.755	0.005	1.328	1785287964.605
850	200.000	-0.262	200.000	2.901	6.083	1.349	1785287964.795
851	200.000	0.150	200.001	1.671	5.621	1.388	1785287964.968
852	200.000	0.004	200.002	1.116	3.947	1.371	1785287965.163
853	200.000	0.238	199.999	2.401	3.075	1.328	1785287965.352
854	200.000	-0.051	200.000	2.913	2.645	1.328	1785287965.542
855	200.000	-0.033	199.999	1.631	2.201	1.328	1785287965.747
856	200.000	-0.110	200.000	1.546	0.399	1.328	1785287965.915
857	200.000	0.249	199.998	2.895	0.026	1.328	1785287966.101
858	200.000	0.014	200.000	2.708	6.001	1.328	1785287966.315
859	200.000	0.048	199.997	1.295	5.291	1.347	1785287966.515
860	200.000	0.249	200.000	1.523	3.472	1.328	1785287966.708
861	200.000	-0.034	199.997	2.781	2.831	1.338	1785287966.875
862	200.000	0.187	200.000	2.647	2.573	1.328	1785287967.094
863	200.000	-0.205	200.002	0.994	1.383	1.328	1785287967.325
864	200.000	0.023	199.999	2.761	0.063	1.328	1785287967.586
865	200.000	0.085	200.002	2.792	6.100	1.340	1785287967.781
866	200.000	0.044	200.001	1.450	5.452	1.346	1785287967.948
867	200.000	0.026	200.000	1.527	3.529	1.331	1785287968.174
868	200.000	-0.027	200.000	2.939	2.828	1.328	1785287968.424
869	200.000	0.287	199.998	2.193	2.364	1.328	1785287968.672
870	200.000	-0.102	200.002	1.249	0.673	1.355	1785287968.840
871	200.000	-0.081	199.997	2.714	0.038	1.332	1785287969.037
872	200.000	0.136	199.997	2.893	6.109	1.328	1785287969.213
873	200.000	-0.128	199.994	1.854	5.761	1.328	1785287969.396
874	200.000	0.204	200.004	0.998	4.015	1.373	1785287969.569
875	200.000	0.198	200.001	2.362	3.022	1.328	1785287969.754
876	200.000	-0.348	199.997	2.968	2.692	1.328	1785287969.952
877	200.000	0.159	200.000	1.916	2.375	1.328	1785287970.131
878	200.000	-0.454	200.001	1.195	0.716	1.333	1785287970.335
879	200.000	0.088	200.002	2.793	0.043	1.345	1785287970.525
880	200.000	0.005	199.998	2.966	6.103	1.328	1785287970.712
881	200.000	0.120	199.999	1.649	5.647	1.359	1785287970.886
882	200.000	0.172	200.001	1.054	3.869	1.377	1785287971.080
883	200.000	-0.363	200.001	2.479	2.970	1.328	1785287971.272
884	200.000	-0.084	199.997	2.877	2.589	1.361	1785287971.445
885	200.000	0.262	199.998	1.502	2.100	1.352	1785287971.676
886	200.000	0.084	199.998	1.845	0.210	1.328	1785287971.863
887	200.000	-0.153	200.000	3.176	6.202	1.328	1785287972.091
888	200.000	0.074	200.002	2.393	5.960	1.328	1785287972.285
889	200.000	-0.045	199.999	0.993	4.834	1.407	1785287972.476
890	200.000	0.211	200.002	2.139	3.086	1.331	1785287972.695
891	200.000	0.113	200.001	2.858	2.704	1.328	1785287972.892
892	200.000	-0.080	200.001	2.197	2.417	1.328	1785287973.078
893	200.000	0.178	200.000	1.112	0.789	1.352	1785287973.272
894	200.000	0.056	200.001	2.569	0.035	1.328	1785287973.437
895	200.000	-0.482	200.002	2.901	6.133	1.328	1785287973.659
896	200.000	-0.092	200.001	1.699	5.674	1.328	1785287973.839
897	200.000	0.080	200.000	0.978	4.103	1.328	1785287974.027
898	200.000	0.105	199.999	2.428	3.010	1.353	1785287974.219
899	200.000	0.349	200.004	2.976	2.683	1.328	1785287974.402
900	200.000	-0.017	199.998	1.733	2.233	1.328	1785287974.607
901	200.000	0.114	200.002	1.370	0.495	1.332	1785287974.778
902	200.000	-0.048	199.997	2.780	6.279	1.328	1785287974.973
903	200.000	-0.224	200.001	2.725	6.036	1.328	1785287975.221
904	200.000	-0.189	199.999	1.044	4.971	1.347	1785287975.466
905	200.000	-0.240	200.002	2.140	3.100	1.412	1785287975.668
906	200.000	0.035	199.998	2.885	2.643	1.356	1785287975.909
907	200.000	-0.134	199.998	1.750	2.241	1.328	1785287976.096
908	200.000	-0.029	200.000	1.721	0.252	1.328	1785287976.339
909	200.000	0.024	199.996	2.961	6.213	1.360	1785287976.528
910	200.000	0.032	200.001	2.456	5.971	1.364	1785287976.701
911	200.000	-0.012	200.003	1.241	5.158	1.342	1785287976.877
912	200.000	0.010	200.002	1.702	3.406	1.372	1785287977.066
913	200.000	0.151	200.002	2.753	2.813	1.351	1785287977.285
914	200.000	-0.046	200.001	2.626	2.489	1.328	1785287977.475
915	200.000	0.132	200.001	1.047	1.177	1.329	1785287977.704
916	200.000	-0.281	199.999	2.649	0.032	1.328	1785287977.897
917	200.000	0.064	200.003	2.904	6.087	1.368	1785287978.094
918	200.000	0.054	200.003	1.598	5.529	1.352	1785287978.338
919	200.000	0.008	200.002	1.353	3.628	1.328	1785287978.540
920	200.000	0.041	200.000	2.923	2.799	1.328	1785287978.762
921	200.000	-0.378	200.001	2.408	2.489	1.328	1785287978.967
922	200.000	0.003	200.000	1.022	1.023	1.328	1785287979.216
923	200.000	-0.354	199.996	2.737	0.049	1.352	1785287979.405
924	200.000	-0.131	200.001	2.697	6.078	1.343	1785287979.664
925	200.000	-0.227	200.001	1.109	4.975	1.366	1785287979.901
926	200.000	-0.165	200.000	2.005	3.143	1.333	1785287980.104
927	200.000	-0.041	199.995	2.894	2.659	1.360	1785287980.347
928	200.000	-0.331	199.999	1.517	2.170	1.328	1785287980.574
929	200.000	-0.017	200.000	1.768	0.201	1.328	1785287980.771
930	200.000	-0.123	200.002	3.112	6.264	1.355	1785287980.954
931	200.000	0.075	200.000	2.579	6.068	1.334	1785287981.140
932	200.000	0.040	199.998	1.238	5.348	1.333	1785287981.309
933	200.000	-0.023	200.003	1.613	3.423	1.328	1785287981.532
934	200.000	-0.367	199.999	2.831	2.834	1.329	1785287981.713
935	200.000	-0.177	200.003	2.683	2.445	1.332	1785287981.895
936	200.000	-0.189	199.997	1.185	1.646	1.332	1785287982.107
937	200.000	0.143	200.001	2.403	0.084	1.355	1785287982.348
938	200.000	0.239	199.999	2.828	6.083	1.328	1785287982.583
939	200.000	-0.184	200.001	1.389	5.463	1.328	1785287982.775
940	200.000	0.003	200.001	1.281	3.671	1.400	1785287982.955
941	200.000	0.058	200.001	2.634	2.916	1.328	1785287983.156
942	200.000	-0.203	200.001	2.767	2.533	1.328	1785287983.405
943	200.000	0.255	200.002	1.188	1.612	1.340	1785287983.589
944	200.000	-0.306	200.001	2.154	0.138	1.347	1785287983.788
945	200.000	0.093	199.997	3.000	6.146	1.328	1785287984.028
946	200.000	0.051	199.996	1.840	5.613	1.328	1785287984.202
947	200.000	0.173	199.997	0.969	4.362	1.383	1785287984.394
948	200.000	0.084	199.999	2.520	3.004	1.351	1785287984.580
949	200.000	-0.210	199.999	2.888	2.695	1.328	1785287984.776
950	200.000	-0.016	200.003	1.895	2.318	1.328	1785287984.952
951	200.000	0.072	199.999	1.111	0.834	1.334	1785287985.147
952	200.000	-0.195	199.997	2.641	0.033	1.328	1785287985.340
953	200.000	0.019	200.002	2.916	6.119	1.328	1785287985.536
954	200.000	0.059	199.999	1.761	5.824	1.328	1785287985.703
955	200.000	0.012	200.000	1.118	4.193	1.417	1785287985.891
956	200.000	-0.073	200.004	2.448	2.992	1.370	1785287986.096
957	200.000	-0.336	199.997	2.816	2.602	1.328	1785287986.324
958	200.000	-0.053	199.999	1.495	2.023	1.343	1785287986.517
959	200.000	0.264	200.001	1.724	0.318	1.342	1785287986.699
960	200.000	0.405	199.999	2.952	6.224	1.328	1785287986.890
961	200.000	-0.253	199.995	2.543	5.960	1.328	1785287987.085
962	200.000	-0.014	199.997	1.196	5.355	1.364	1785287987.295
963	200.000	-0.217	200.000	1.554	3.526	1.324	1785287987.466
964	200.000	0.074	200.005	2.820	2.814	1.328	1785287987.654
965	200.000	0.273	200.001	2.483	2.520	1.328	1785287987.854
966	200.000	0.133	199.995	1.089	1.570	1.328	1785287988.099
967	200.000	0.249	199.994	2.704	0.083	1.351	1785287988.351
968	200.000	-0.033	200.003	2.797	6.018	1.328	1785287988.515
969	200.000	-0.141	199.997	1.658	5.610	1.373	1785287988.717
970	200.000	0.333	200.004	1.260	3.717	1.328	1785287988.892
971	200.000	0.008	200.000	2.540	2.967	1.328	1785287989.093
972	200.000	0.004	200.002	2.667	2.565	1.328	1785287989.362
973	200.000	0.475	199.999	0.952	1.233	1.328	1785287989.592
974	200.000	-0.054	199.997	2.446	0.044	1.328	1785287989.764
975	200.000	0.131	199.998	3.013	6.097	1.359	1785287989.961
976	200.000	-0.000	200.000	2.001	5.744	1.352	1785287990.135
977	200.000	0.267	199.999	1.061	4.156	1.351	1785287990.386
978	200.000	-0.356	199.999	2.668	2.847	1.342	1785287990.640
979	200.000	-0.057	200.004	2.349	2.489	1.328	1785287990.879
980	200.000	0.240	200.005	0.910	1.101	1.328	1785287991.054
981	200.000	0.166	200.001	2.426	0.084	1.328	1785287991.253
982	200.000	0.106	199.999	2.849	6.103	1.338	1785287991.509
983	200.000	-0.135	199.999	1.361	5.285	1.379	1785287991.742
984	200.000	0.048	200.000	1.697	3.313	1.328	1785287991.960
985	200.000	-0.197	200.000	2.956	2.718	1.353	1785287992.200
986	200.000	0.156	200.001	1.836	2.291	1.328	1785287992.449
987	200.000	0.051	199.999	1.808	0.296	1.328	1785287992.674
988	200.000	0.130	200.002	2.975	6.233	1.351	1785287992.883
989	200.000	0.178	200.001	2.147	5.763	1.364	1785287993.124
990	200.000	0.082	200.000	1.086	3.990	1.445	1785287993.315
991	200.000	0.054	200.001	2.280	3.071	1.336	1785287993.518
992	200.000	0.260	200.000	2.837	2.595	1.328	1785287993.744
993	200.000	-0.001	199.997	1.430	2.042	1.328	1785287993.944
994	200.000	0.015	200.000	1.652	0.293	1.328	1785287994.109
995	200.000	0.089	200.001	3.024	6.222	1.328	1785287994.308
996	200.000	0.493	199.997	2.720	6.008	1.337	1785287994.491
997	200.000	0.059	200.001	1.469	5.341	1.373	1785287994.662
998	200.000	-0.022	200.001	1.404	3.503	1.328	1785287994.858
999	200.000	-0.198	199.997	2.704	2.910	1.328	1785287995.047
1000	200.000	0.133	200.004	2.781	2.537	1.328	1785287995.225
1001	200.000	0.036	199.999	1.465	1.942	1.338	1785287995.447
1002	200.000	-0.260	200.000	2.042	0.148	1.328	1785287995.643
1003	200.000	0.222	200.000	2.922	6.199	1.328	1785287995.840
1004	200.000	-0.225	200.000	2.194	5.886	1.357	1785287996.052
1005	200.000	-0.159	200.002	1.112	4.227	1.385	1785287996.271
1006	200.000	0.101	199.999	2.232	2.940	1.353	1785287996.472
1007	200.000	-0.155	199.998	2.869	2.654	1.328	1785287996.655
1008	200.000	0.219	200.000	1.927	2.261	1.349	1785287996.850
1009	200.000	0.124	200.001	1.411	0.623	1.329	1785287997.033
1010	200.000	-0.116	199.998	2.856	6.233	1.328	1785287997.263
1011	200.000	0.122	200.001	2.552	6.002	1.343	1785287997.468
1012	200.000	0.023	199.999	1.230	5.143	1.390	1785287997.665
1013	200.000	0.067	200.002	1.549	3.407	1.406	1785287997.808
1014	200.000	-0.276	199.998	2.685	2.857	1.328	1785287998.032
1015	200.000	-0.002	200.005	2.536	2.521	1.328	1785287998.223
1016	200.000	-0.011	200.002	1.098	1.697	1.341	1785287998.410
1017	200.000	0.305	200.002	2.049	0.263	1.334	1785287998.594
1018	200.000	-0.253	199.997	3.022	6.183	1.328	1785287998.786
1019	200.000	0.201	200.004	2.357	5.883	1.382	1785287998.964
1020	200.000	-0.186	200.001	1.148	4.943	1.328	1785287999.161
1021	200.000	-0.064	200.002	1.765	3.307	1.405	1785287999.340
1022	200.000	0.019	199.999	2.839	2.748	1.342	1785287999.512
1023	200.000	0.044	199.999	2.539	2.510	1.328	1785287999.724
1024	200.000	0.191	199.999	1.104	1.140	1.328	1785287999.972
1025	200.000	0.234	200.002	2.764	0.001	1.359	1785288000.198
1026	200.000	0.060	200.000	2.685	6.077	1.350	1785288000.401
1027	200.000	0.177	199.999	1.407	5.425	1.346	1785288000.580
1028	200.000	-0.108	199.999	1.448	3.545	1.328	1785288000.761
1029	200.000	0.332	200.002	2.690	2.969	1.328	1785288000.967
1030	200.000	0.498	199.996	2.816	2.571	1.328	1785288001.165
1031	200.000	0.341	199.996	1.197	1.755	1.356	1785288001.408
1032	200.000	0.021	200.000	2.368	0.150	1.328	1785288001.590
1033	200.000	-0.226	199.996	2.991	6.176	1.343	1785288001.759
1034	200.000	0.224	200.003	2.151	5.877	1.328	1785288001.966
1035	200.000	0.563	199.996	0.941	4.239	1.370	1785288002.206
1036	200.000	0.280	200.000	2.324	3.057	1.328	1785288002.390
1037	200.000	0.077	199.997	2.915	2.657	1.328	1785288002.593
1038	200.000	0.018	199.995	1.853	2.209	1.328	1785288002.781
1039	200.000	0.173	200.002	1.406	0.413	1.328	1785288002.988
1040	200.000	-0.114	200.002	2.923	6.266	1.328	1785288003.219
1041	200.000	0.213	199.999	2.280	5.916	1.358	1785288003.451
1042	200.000	-0.209	199.996	0.914	4.653	1.353	1785288003.657
1043	200.000	0.103	200.004	2.287	3.033	1.356	1785288003.856
1044	200.000	-0.099	200.001	2.952	2.688	1.328	1785288004.033
1045	200.000	-0.069	200.002	1.928	2.313	1.328	1785288004.238
1046	200.000	0.367	199.998	1.204	0.641	1.328	1785288004.409
1047	200.000	-0.051	200.000	2.727	0.012	1.328	1785288004.656
1048	200.000	0.183	200.001	2.602	6.004	1.360	1785288004.880
1049	200.000	-0.301	200.001	1.242	5.074	1.436	1785288005.070
1050	200.000	0.158	200.004	1.603	3.394	1.354	1785288005.265
1051	200.000	0.018	200.002	2.754	2.843	1.328	1785288005.439
1052	200.000	0.238	200.002	2.566	2.487	1.328	1785288005.638
1053	200.000	0.089	200.002	1.171	1.592	1.361	1785288005.825
1054	200.000	-0.035	199.997	2.178	0.206	1.341	1785288006.016
1055	200.000	0.186	199.999	3.033	6.271	1.328	1785288006.206
1056	200.000	0.181	199.998	2.070	5.836	1.328	1785288006.460
1057	200.000	0.109	199.999	1.051	3.791	1.380	1785288006.688
1058	200.000	-0.002	199.999	2.615	2.912	1.328	1785288006.903
1059	200.000	-0.288	200.002	2.864	2.571	1.340	1785288007.060
1060	200.000	0.089	199.998	1.451	2.058	1.328	1785288007.278
1061	200.000	-0.028	200.002	1.576	0.256	1.328	1785288007.446
1062	200.000	0.294	200.000	2.960	6.246	1.328	1785288007.646
1063	200.000	-0.328	199.994	2.377	5.949	1.346	1785288007.879
1064	200.000	-0.006	199.999	1.006	4.536	1.328	1785288008.104
1065	200.000	0.115	200.000	1.990	3.099	1.349	1785288008.274
1066	200.000	0.181	199.996	2.861	2.712	1.345	1785288008.459
1067	200.000	0.042	200.002	2.039	2.311	1.328	1785288008.682
1068	200.000	-0.193	200.000	1.258	0.498	1.328	1785288008.905
1069	200.000	-0.000	200.002	2.963	6.215	1.355	1785288009.105
1070	200.000	-0.047	200.002	2.511	5.942	1.348	1785288009.349
1071	200.000	0.112	199.999	1.182	4.918	1.306	1785288009.548
1072	200.000	-0.008	200.002	1.973	3.128	1.340	1785288009.737
1073	200.000	-0.074	200.004	2.878	2.700	1.328	1785288009.926
1074	200.000	0.042	200.000	2.197	2.382	1.340	1785288010.100
1075	200.000	0.267	199.999	0.992	1.216	1.328	1785288010.283
1076	200.000	-0.054	199.998	2.361	0.110	1.328	1785288010.491
1077	200.000	-0.132	200.002	2.857	6.130	1.328	1785288010.736
1078	200.000	-0.031	200.001	1.368	5.400	1.328	1785288010.991
1079	200.000	0.225	199.999	1.858	3.212	1.359	1785288011.229
1080	200.000	0.052	199.998	2.865	2.724	1.328	1785288011.419
1081	200.000	-0.132	199.998	2.303	2.357	1.328	1785288011.616
1082	200.000	-0.198	200.000	1.117	0.657	1.328	1785288011.865
1083	200.000	-0.211	200.000	2.874	6.242	1.350	1785288012.118
1084	200.000	-0.001	199.995	2.227	5.825	1.328	1785288012.361
1085	200.000	0.293	200.000	1.162	4.456	1.327	1785288012.540
1086	200.000	-0.027	200.001	2.162	3.150	1.328	1785288012.719
1087	200.000	0.132	200.001	2.946	2.680	1.328	1785288012.895
1088	200.000	-0.056	200.005	2.106	2.428	1.328	1785288013.101
1089	200.000	-0.013	200.000	1.069	0.751	1.328	1785288013.362
1090	200.000	0.126	199.996	2.915	6.241	1.347	1785288013.550
1091	200.000	0.063	199.997	2.741	6.012	1.328	1785288013.715
1092	200.000	-0.510	200.001	1.516	5.426	1.393	1785288013.901
1093	200.000	-0.244	200.005	1.385	3.694	1.318	1785288014.099
1094	200.000	0.079	199.997	2.509	2.919	1.328	1785288014.304
1095	200.000	0.018	199.998	2.601	2.528	1.328	1785288014.544
1096	200.000	0.322	199.998	1.175	1.694	1.328	1785288014.739
1097	200.000	0.084	200.001	1.987	0.099	1.328	1785288014.924
1098	200.000	0.059	199.999	2.971	6.196	1.335	1785288015.144
1099	200.000	-0.227	200.001	1.835	5.614	1.385	1785288015.383
1100	200.000	0.028	200.001	1.328	3.468	1.359	1785288015.634
1101	200.000	-0.103	200.001	2.760	2.763	1.328	1785288015.868
1102	200.000	-0.040	199.999	2.246	2.396	1.328	1785288016.056
1103	200.000	-0.310	199.995	0.910	1.198	1.328	1785288016.230
1104	200.000	-0.091	200.001	2.391	0.103	1.328	1785288016.428
1105	200.000	0.212	200.000	3.023	6.148	1.345	1785288016.628
1106	200.000	0.195	200.000	1.984	5.687	1.375	1785288016.828
1107	200.000	0.303	200.000	1.045	4.278	1.328	1785288016.999
1108	200.000	0.134	199.997	2.142	3.085	1.356	1785288017.174
1109	200.000	0.267	199.999	2.783	2.722	1.328	1785288017.372
1110	200.000	-0.159	200.001	2.261	2.337	1.341	1785288017.564
1111	200.000	-0.020	200.002	1.250	0.572	1.328	1785288017.789
1112	200.000	-0.049	200.004	2.763	6.237	1.328	1785288018.003
1113	200.000	-0.044	199.998	2.473	5.892	1.328	1785288018.245
1114	200.000	0.060	200.001	1.254	4.945	1.361	1785288018.434
1115	200.000	0.045	200.004	1.750	3.299	1.343	1785288018.632
1116	200.000	0.122	200.002	2.743	2.858	1.328	1785288018.810
1117	200.000	-0.201	199.999	2.389	2.460	1.328	1785288019.000
1118	200.000	0.200	199.998	1.054	1.786	1.328	1785288019.174
1119	200.000	-0.300	199.998	1.915	0.188	1.328	1785288019.345
1120	200.000	-0.254	199.999	3.011	6.169	1.328	1785288019.546
1121	200.000	0.139	199.996	2.371	5.876	1.328	1785288019.726
1122	200.000	0.347	199.997	1.190	5.043	1.338	1785288019.931
1123	200.000	0.049	200.005	1.807	3.396	1.328	1785288020.108
1124	200.000	-0.052	199.997	2.804	2.866	1.328	1785288020.329
1125	200.000	-0.060	199.998	2.066	2.370	1.328	1785288020.566
1126	200.000	-0.022	199.998	1.315	0.577	1.351	1785288020.803
1127	200.000	0.130	199.998	2.802	0.010	1.332	1785288021.000
1128	200.000	0.010	199.998	2.603	6.016	1.351	1785288021.200
1129	200.000	0.015	199.997	1.170	5.088	1.350	1785288021.426
1130	200.000	-0.046	199.996	1.694	3.307	1.364	1785288021.634
1131	200.000	-0.092	199.999	2.789	2.696	1.328	1785288021.890
1132	200.000	0.128	199.997	1.535	2.119	1.349	1785288022.108
1133	200.000	-0.017	200.003	1.621	0.293	1.328	1785288022.305
1134	200.000	0.280	199.994	2.924	6.249	1.328	1785288022.480
1135	200.000	0.255	200.000	2.602	6.030	1.340	1785288022.669
1136	200.000	0.037	200.000	1.402	5.232	1.328	1785288022.884
1137	200.000	-0.067	200.002	1.794	3.240	1.386	1785288023.130
1138	200.000	-0.236	200.004	2.826	2.735	1.328	1785288023.297
1139	200.000	-0.098	200.003	2.319	2.490	1.328	1785288023.498
1140	200.000	-0.145	200.000	0.948	1.185	1.328	1785288023.676
1141	200.000	0.074	200.004	2.453	0.106	1.349	1785288023.884
1142	200.000	-0.131	200.002	2.910	6.115	1.346	1785288024.111
1143	200.000	0.104	200.003	1.647	5.587	1.389	1785288024.307
1144	200.000	0.380	200.001	1.137	3.959	1.342	1785288024.505
1145	200.000	-0.212	199.996	2.638	2.853	1.349	1785288024.729
1146	200.000	0.109	199.998	2.686	2.510	1.328	1785288024.937
1147	200.000	0.011	199.996	1.075	1.426	1.337	1785288025.184
1148	200.000	-0.096	199.999	2.705	0.053	1.343	1785288025.441
1149	200.000	0.141	199.999	2.594	5.982	1.355	1785288025.694
1150	200.000	0.393	200.005	1.117	4.787	1.356	1785288025.930
1151	200.000	0.070	200.001	2.165	3.050	1.340	1785288026.129
1152	200.000	0.232	200.001	2.906	2.674	1.328	1785288026.287
1153	200.000	-0.304	199.998	2.167	2.350	1.328	1785288026.492
1154	200.000	0.150	199.998	0.952	1.123	1.328	1785288026.665
1155	200.000	0.015	200.004	2.494	0.077	1.346	1785288026.867
1156	200.000	-0.220	200.001	2.888	6.164	1.328	1785288027.027
1157	200.000	-0.286	199.999	2.091	5.707	1.362	1785288027.264
1158	200.000	-0.231	200.004	1.270	4.015	1.380	1785288027.485
1159	200.000	-0.081	200.000	2.251	3.076	1.328	1785288027.663
1160	200.000	-0.307	199.998	2.795	2.600	1.328	1785288027.863
1161	200.000	0.202	200.000	1.808	2.191	1.328	1785288028.035
1162	200.000	0.297	199.999	1.293	0.567	1.328	1785288028.219
1163	200.000	-0.074	200.001	2.889	6.248	1.357	1785288028.428
1164	200.000	-0.200	200.004	2.445	5.845	1.364	1785288028.680
1165	200.000	0.082	200.000	1.144	4.788	1.370	1785288028.866
1166	200.000	-0.043	200.001	1.868	3.259	1.371	1785288029.066
1167	200.000	0.259	199.999	2.842	2.799	1.328	1785288029.236
1168	200.000	-0.141	200.002	2.514	2.446	1.328	1785288029.435
1169	200.000	-0.089	199.998	1.117	1.683	1.328	1785288029.595
1170	200.000	-0.138	200.000	1.969	0.196	1.328	1785288029.786
1171	200.000	-0.184	199.994	2.911	6.162	1.328	1785288029.988
1172	200.000	-0.153	199.996	2.325	5.820	1.351	1785288030.174
1173	200.000	0.023	199.997	1.117	4.683	1.328	1785288030.413
1174	200.000	-0.072	200.000	2.344	3.057	1.328	1785288030.643
1175	200.000	-0.101	199.999	2.741	2.556	1.328	1785288030.839
1176	200.000	-0.152	200.003	1.560	2.115	1.328	1785288031.036
1177	200.000	0.042	200.002	1.655	0.358	1.328	1785288031.215
1178	200.000	-0.130	200.001	3.004	6.269	1.334	1785288031.438
1179	200.000	0.253	200.002	2.493	5.981	1.328	1785288031.605
1180	200.000	0.110	200.002	1.312	5.159	1.315	1785288031.788
1181	200.000	0.095	199.998	1.515	3.566	1.328	1785288031.991
1182	200.000	-0.465	199.999	2.658	2.839	1.328	1785288032.173
1183	200.000	-0.078	199.998	2.565	2.497	1.349	1785288032.406
1184	200.000	0.023	200.003	1.082	1.347	1.328	1785288032.609
1185	200.000	0.249	199.999	2.516	0.068	1.364	1785288032.793
1186	200.000	0.028	199.998	2.843	6.100	1.328	1785288033.021
1187	200.000	-0.121	200.000	1.700	5.472	1.392	1785288033.250
1188	200.000	0.124	199.999	1.144	3.748	1.328	1785288033.430
1189	200.000	0.083	200.000	2.552	2.944	1.328	1785288033.617
1190	200.000	-0.188	200.001	2.872	2.602	1.360	1785288033.797
1191	200.000	-0.010	200.000	1.742	2.098	1.348	1785288033.980
1192	200.000	-0.002	200.004	1.238	0.317	1.328	1785288034.174
1193	200.000	0.064	200.001	2.933	6.201	1.355	1785288034.363
1194	200.000	-0.030	200.001	2.769	6.040	1.353	1785288034.559
1195	200.000	0.116	200.001	1.485	5.319	1.375	1785288034.745
1196	200.000	-0.019	200.001	1.504	3.599	1.328	1785288034.939
1197	200.000	-0.050	199.997	2.741	2.882	1.328	1785288035.121
1198	200.000	-0.188	200.000	2.672	2.554	1.345	1785288035.321
1199	200.000	0.319	200.000	1.340	2.067	1.328	1785288035.492
1200	200.000	0.141	199.996	1.958	0.215	1.336	1785288035.694
1201	200.000	0.237	199.999	2.948	6.176	1.350	1785288035.923
1202	200.000	0.151	200.000	2.164	5.800	1.337	1785288036.120
1203	200.000	0.261	199.998	0.993	4.572	1.348	1785288036.338
1204	200.000	0.015	200.000	2.354	3.018	1.347	1785288036.572
1205	200.000	0.141	199.996	2.711	2.641	1.328	1785288036.819
1206	200.000	-0.274	200.001	1.075	1.760	1.328	1785288037.060
1207	200.000	0.066	200.003	2.488	0.058	1.328	1785288037.258
1208	200.000	-0.071	200.000	2.924	6.046	1.358	1785288037.493
1209	200.000	-0.160	199.999	1.522	5.432	1.340	1785288037.700
1210	200.000	0.150	200.000	1.536	3.515	1.377	1785288037.922
1211	200.000	0.357	199.999	2.741	2.748	1.350	1785288038.102
1212	200.000	0.167	200.002	2.624	2.511	1.328	1785288038.284
1213	200.000	0.157	199.999	1.212	1.930	1.344	1785288038.468
1214	200.000	0.339	200.002	1.884	0.201	1.328	1785288038.672
1215	200.000	-0.456	199.999	3.055	6.185	1.347	1785288038.882
1216	200.000	0.015	200.002	2.357	5.846	1.334	1785288039.025
1217	200.000	-0.222	199.998	1.238	4.963	1.365	1785288039.252
1218	200.000	0.134	200.002	1.921	3.217	1.335	1785288039.453
1219	200.000	-0.137	199.998	2.846	2.684	1.355	1785288039.686
1220	200.000	0.077	200.001	1.796	2.274	1.328	1785288039.871
1221	200.000	-0.210	199.997	1.300	0.690	1.337	1785288040.047
1222	200.000	0.071	200.005	2.705	0.017	1.347	1785288040.229
1223	200.000	-0.005	200.001	2.946	6.101	1.350	1785288040.430
1224	200.000	0.040	200.003	1.550	5.439	1.338	1785288040.678
1225	200.000	-0.023	199.999	1.581	3.517	1.354	1785288040.859
1226	200.000	-0.196	200.002	2.652	2.821	1.347	1785288041.051
1227	200.000	-0.212	199.999	2.685	2.521	1.328	1785288041.253
1228	200.000	0.146	200.001	0.928	1.400	1.328	1785288041.476
1229	200.000	-0.511	200.001	2.314	0.115	1.342	1785288041.663
1230	200.000	0.020	200.000	3.060	6.189	1.360	1785288041.871
1231	200.000	-0.329	199.998	1.935	5.747	1.339	1785288042.061
1232	200.000	0.270	200.001	1.160	3.994	1.330	1785288042.304
1233	200.000	-0.265	200.000	2.466	3.014	1.328	1785288042.486
1234	200.000	-0.014	199.999	2.753	2.642	1.328	1785288042.660
1235	200.000	-0.293	200.001	1.847	2.153	1.328	1785288042.851
1236	200.000	0.164	199.997	1.528	0.385	1.328	1785288043.067
1237	200.000	-0.180	200.002	2.972	6.197	1.328	1785288043.312
1238	200.000	0.108	199.997	2.236	5.759	1.365	1785288043.531
1239	200.000	-0.134	199.998	1.122	4.412	1.395	1785288043.735
1240	200.000	0.002	200.000	2.144	3.139	1.369	1785288043.920
1241	200.000	-0.327	200.001	2.861	2.715	1.351	1785288044.128
1242	200.000	-0.025	199.999	1.984	2.334	1.328	1785288044.298
1243	200.000	-0.020	200.001	1.216	0.738	1.328	1785288044.487
1244	200.000	0.143	200.002	2.757	0.066	1.331	1785288044.687
1245	200.000	-0.208	200.001	2.910	6.081	1.352	1785288044.869
1246	200.000	-0.165	199.998	1.955	5.629	1.328	1785288045.063
1247	200.000	-0.276	200.002	1.324	3.956	1.365	1785288045.240
1248	200.000	-0.018	200.003	2.373	3.042	1.328	1785288045.437
1249	200.000	0.290	200.001	2.947	2.608	1.356	1785288045.618
1250	200.000	-0.005	199.996	1.872	2.249	1.328	1785288045.782
1251	200.000	0.080	200.003	1.167	0.671	1.328	1785288045.987
1252	200.000	-0.127	200.002	2.698	0.050	1.328	1785288046.149
1253	200.000	0.221	199.998	3.105	6.122	1.329	1785288046.381
1254	200.000	-0.160	199.998	1.501	5.299	1.343	1785288046.627
1255	200.000	-0.026	200.000	1.883	3.290	1.328	1785288046.857
1256	200.000	-0.306	199.996	2.834	2.715	1.328	1785288047.056
1257	200.000	0.283	199.998	2.148	2.335	1.328	1785288047.236
1258	200.000	-0.056	200.003	1.187	1.152	1.328	1785288047.418
1259	200.000	-0.129	200.000	2.593	0.103	1.328	1785288047.635
1260	200.000	0.002	199.999	2.917	6.096	1.328	1785288047.866
1261	200.000	-0.188	199.998	1.435	5.338	1.334	1785288048.066
1262	200.000	0.120	199.998	1.480	3.593	1.364	1785288048.315
1263	200.000	0.498	199.996	2.811	2.714	1.328	1785288048.570
1264	200.000	-0.341	199.996	1.792	2.150	1.346	1785288048.807
1265	200.000	-0.012	200.000	1.576	0.393	1.335	1785288049.004
1266	200.000	0.147	200.002	2.864	0.031	1.351	1785288049.191
1267	200.000	0.136	200.001	2.733	5.954	1.328	1785288049.372
1268	200.000	0.061	200.000	1.406	5.271	1.328	1785288049.560
1269	200.000	0.122	200.003	1.426	3.670	1.408	1785288049.733
1270	200.000	-0.099	199.999	2.655	2.898	1.342	1785288049.946
1271	200.000	-0.101	200.000	2.527	2.405	1.341	1785288050.170
1272	200.000	-0.211	200.001	1.267	1.585	1.328	1785288050.354
1273	200.000	-0.316	200.000	2.036	0.132	1.357	1785288050.550
1274	200.000	0.088	200.001	3.070	6.204	1.342	1785288050.737
1275	200.000	0.184	200.002	2.367	5.896	1.328	1785288050.917
1276	200.000	0.161	199.999	1.304	4.828	1.360	1785288051.095
1277	200.000	0.138	200.002	1.865	3.309	1.328	1785288051.299
1278	200.000	0.112	200.000	2.853	2.786	1.365	1785288051.490
1279	200.000	0.279	200.001	2.495	2.462	1.328	1785288051.671
1280	200.000	-0.127	199.998	1.173	1.648	1.328	1785288051.840
1281	200.000	-0.156	200.003	2.258	0.111	1.328	1785288052.044
1282	200.000	0.261	199.998	2.956	6.134	1.328	1785288052.239
1283	200.000	-0.172	199.998	2.146	5.744	1.336	1785288052.399
1284	200.000	-0.094	199.997	1.180	4.615	1.381	1785288052.588
1285	200.000	-0.230	199.999	1.910	3.223	1.366	1785288052.778
1286	200.000	-0.045	199.998	3.031	2.748	1.328	1785288052.990
1287	200.000	-0.069	200.001	2.184	2.350	1.328	1785288053.183
1288	200.000	0.070	200.000	1.085	1.151	1.328	1785288053.376
1289	200.000	-0.182	199.999	2.715	0.048	1.357	1785288053.614
1290	200.000	-0.318	199.998	2.860	5.980	1.328	1785288053.797
1291	200.000	-0.068	200.001	1.652	5.367	1.328	1785288053.983
1292	200.000	0.251	200.001	1.480	3.747	1.331	1785288054.176
1293	200.000	-0.069	200.001	2.691	2.948	1.328	1785288054.350
1294	200.000	-0.049	200.001	2.817	2.572	1.337	1785288054.571
1295	200.000	-0.323	200.000	1.684	2.161	1.328	1785288054.762
1296	200.000	-0.130	200.000	1.918	0.265	1.328	1785288054.995
1297	200.000	0.239	199.999	2.984	6.140	1.349	1785288055.196
1298	200.000	-0.201	199.996	2.103	5.687	1.364	1785288055.439
1299	200.000	0.220	199.998	1.329	4.039	1.345	1785288055.614
1300	200.000	0.160	200.002	2.241	3.129	1.350	1785288055.820
1301	200.000	-0.178	199.997	2.834	2.557	1.328	1785288056.038
1302	200.000	0.165	200.000	1.416	1.941	1.351	1785288056.271
1303	200.000	-0.044	199.999	2.184	0.106	1.328	1785288056.518
1304	200.000	0.063	199.999	2.946	6.080	1.328	1785288056.749
1305	200.000	0.117	200.001	1.683	5.408	1.361	1785288056.950
1306	200.000	0.057	199.998	1.382	3.787	1.328	1785288057.128
1307	200.000	-0.284	200.001	2.491	3.008	1.328	1785288057.314
1308	200.000	-0.200	200.002	2.906	2.597	1.328	1785288057.519
1309	200.000	0.149	200.000	1.638	2.093	1.328	1785288057.710
1310	200.000	0.125	199.998	1.982	0.270	1.328	1785288057.962
1311	200.000	0.081	200.005	3.024	6.148	1.328	1785288058.197
1312	200.000	0.414	200.002	2.063	5.586	1.327	1785288058.392
1313	200.000	-0.030	199.997	1.330	4.176	1.398	1785288058.578
1314	200.000	0.344	200.003	2.264	3.091	1.395	1785288058.771
1315	200.000	-0.134	200.002	2.842	2.671	1.328	1785288058.958
1316	200.000	0.220	199.999	1.971	2.205	1.328	1785288059.148
1317	200.000	0.122	199.999	1.375	0.840	1.328	1785288059.314
1318	200.000	0.068	200.000	2.716	0.039	1.328	1785288059.506
1319	200.000	0.234	199.997	2.920	6.022	1.328	1785288059.719
1320	200.000	0.100	200.000	1.571	5.233	1.358	1785288059.947
1321	200.000	0.028	199.999	1.578	3.583	1.365	1785288060.120
1322	200.000	-0.189	200.002	2.641	2.900	1.328	1785288060.349
1323	200.000	0.065	199.999	2.488	2.429	1.328	1785288060.567
1324	200.000	-0.000	200.000	1.034	1.357	1.328	1785288060.764
1325	200.000	-0.567	200.002	2.350	0.139	1.328	1785288060.934
1326	200.000	-0.038	199.998	3.084	6.194	1.353	1785288061.119
1327	200.000	0.035	200.001	2.386	5.741	1.328	1785288061.315
1328	200.000	-0.125	199.999	1.278	4.459	1.351	1785288061.554
1329	200.000	-0.200	200.003	2.365	3.106	1.351	1785288061.765
1330	200.000	0.113	200.000	2.945	2.624	1.328	1785288061.938
1331	200.000	-0.079	200.001	1.816	2.192	1.328	1785288062.141
1332	200.000	-0.107	200.000	1.391	0.682	1.349	1785288062.324
1333	200.000	-0.062	200.000	2.842	0.023	1.328	1785288062.492
1334	200.000	0.048	200.001	2.842	6.079	1.348	1785288062.693
1335	200.000	-0.271	200.005	1.715	5.472	1.329	1785288062.866
1336	200.000	-0.209	200.000	1.329	4.103	1.328	1785288063.064
1337	200.000	-0.058	200.001	2.387	3.015	1.328	1785288063.270
1338	200.000	-0.036	200.003	2.884	2.609	1.328	1785288063.452
1339	200.000	0.168	200.001	1.596	2.141	1.328	1785288063.668
1340	200.000	-0.023	200.000	1.893	0.305	1.355	1785288063.897
1341	200.000	0.088	199.997	3.060	6.216	1.328	1785288064.076
1342	200.000	0.033	200.000	2.423	5.880	1.339	1785288064.298
1343	200.000	-0.261	199.999	1.296	4.213	1.328	1785288064.535
1344	200.000	0.114	200.004	2.552	3.101	1.328	1785288064.722
1345	200.000	-0.216	200.000	2.993	2.687	1.328	1785288064.881
1346	200.000	0.181	199.999	2.026	2.257	1.328	1785288065.104
1347	200.000	0.030	199.999	1.340	0.737	1.360	1785288065.284
1348	200.000	-0.185	199.999	2.844	0.046	1.328	1785288065.439
1349	200.000	-0.038	199.996	2.959	6.138	1.342	1785288065.644
1350	200.000	-0.096	200.001	2.063	5.660	1.358	1785288065.815
1351	200.000	-0.362	199.998	1.335	4.124	1.328	1785288066.013
1352	200.000	0.093	200.000	2.431	3.183	1.328	1785288066.196
1353	200.000	0.198	199.999	2.987	2.645	1.328	1785288066.405
1354	200.000	0.047	199.999	1.877	2.189	1.328	1785288066.609
1355	200.000	-0.018	199.999	1.377	0.589	1.328	1785288066.785
1356	200.000	-0.040	199.998	2.843	0.010	1.328	1785288066.994
1357	200.000	0.273	200.004	2.680	6.016	1.328	1785288067.201
1358	200.000	-0.058	200.003	1.464	5.049	1.398	1785288067.391
1359	200.000	0.035	200.001	1.756	3.620	1.328	1785288067.615
1360	200.000	0.158	200.003	2.833	2.791	1.328	1785288067.867
1361	200.000	-0.003	199.998	2.059	2.233	1.352	1785288068.081
1362	200.000	0.352	199.999	1.312	0.642	1.328	1785288068.303
1363	200.000	0.105	199.999	2.871	6.246	1.328	1785288068.489
1364	200.000	-0.066	200.000	2.697	5.913	1.353	1785288068.737
1365	200.000	0.328	199.999	1.384	4.698	1.328	1785288068.963
1366	200.000	0.058	200.000	2.252	3.171	1.368	1785288069.157
1367	200.000	-0.279	200.000	2.949	2.726	1.328	1785288069.337
1368	200.000	0.077	199.995	2.227	2.296	1.361	1785288069.565
1369	200.000	0.110	199.998	1.285	0.816	1.336	1785288069.793
1370	200.000	-0.285	200.001	2.840	6.261	1.328	1785288069.960
1371	200.000	-0.263	200.002	2.917	6.062	1.349	1785288070.156
1372	200.000	0.182	200.004	1.888	5.523	1.366	1785288070.337
1373	200.000	-0.087	199.999	1.396	3.929	1.337	1785288070.550
1374	200.000	-0.232	199.997	2.672	2.920	1.328	1785288070.812
1375	200.000	-0.376	200.000	2.394	2.325	1.348	1785288071.040
1376	200.000	0.072	199.998	1.216	0.728	1.328	1785288071.285
1377	200.000	0.145	200.004	3.066	0.007	1.328	1785288071.476
1378	200.000	-0.002	200.002	2.972	5.984	1.328	1785288071.668
1379	200.000	0.292	200.003	2.006	5.497	1.328	1785288071.857
1380	200.000	0.153	200.005	1.450	4.021	1.328	1785288072.025
1381	200.000	0.009	200.002	2.573	3.117	1.326	1785288072.229
1382	200.000	-0.238	200.001	2.937	2.631	1.328	1785288072.405
1383	200.000	-0.200	200.001	1.789	2.020	1.328	1785288072.609
1384	200.000	-0.135	200.001	1.610	0.410	1.328	1785288072.790
1385	200.000	-0.427	199.998	3.035	6.239	1.344	1785288073.022
1386	200.000	-0.068	199.999	2.439	5.853	1.339	1785288073.226
1387	200.000	-0.488	199.999	1.281	4.743	1.328	1785288073.409
1388	200.000	0.016	200.001	1.978	3.388	1.328	1785288073.593
1389	200.000	-0.048	199.991	2.927	2.814	1.328	1785288073.794
1390	200.000	-0.137	200.000	2.254	2.375	1.346	1785288074.016
1391	200.000	0.281	200.000	1.169	0.946	1.328	1785288074.210
1392	200.000	0.287	200.001	2.695	0.085	1.336	1785288074.400
1393	200.000	-0.234	199.998	2.975	6.080	1.363	1785288074.605
1394	200.000	0.271	200.003	1.831	5.458	1.345	1785288074.826
1395	200.000	0.449	200.002	1.524	3.721	1.328	1785288074.996
1396	200.000	-0.059	199.999	2.668	2.953	1.328	1785288075.197
1397	200.000	0.124	200.001	2.913	2.536	1.358	1785288075.359
1398	200.000	0.001	200.004	1.720	2.110	1.328	1785288075.536
1399	200.000	0.428	199.997	1.323	0.529	1.328	1785288075.743
1400	200.000	-0.077	200.001	2.848	6.233	1.328	1785288076.025
1401	200.000	-0.200	199.998	2.112	5.619	1.363	1785288076.253
1402	200.000	-0.410	200.001	1.388	4.225	1.325	1785288076.431
1403	200.000	0.016	200.000	2.368	3.165	1.328	1785288076.613
1404	200.000	-0.105	199.999	3.067	2.579	1.330	1785288076.803
1405	200.000	0.002	199.998	2.122	2.329	1.328	1785288076.992
1406	200.000	0.032	200.000	1.148	0.957	1.328	1785288077.193
1407	200.000	-0.111	200.004	2.686	0.065	1.328	1785288077.391
1408	200.000	-0.047	200.000	2.683	5.943	1.350	1785288077.654
1409	200.000	0.338	200.000	1.433	4.817	1.374	1785288077.862
1410	200.000	-0.243	200.000	2.089	3.370	1.341	1785288078.090
1411	200.000	-0.076	200.000	2.924	2.692	1.328	1785288078.312
1412	200.000	0.181	200.001	2.004	2.176	1.328	1785288078.507
1413	200.000	0.151	199.999	1.351	0.470	1.328	1785288078.704
1414	200.000	0.168	200.002	2.891	6.248	1.348	1785288078.869
1415	200.000	-0.524	199.999	2.998	6.016	1.328	1785288079.092
1416	200.000	-0.027	199.997	1.674	5.333	1.335	1785288079.278
1417	200.000	0.057	200.004	1.605	3.756	1.353	1785288079.474
1418	200.000	0.077	199.999	2.845	2.838	1.345	1785288079.711
1419	200.000	-0.012	200.001	2.547	2.441	1.328	1785288079.910
1420	200.000	0.188	200.003	1.101	1.202	1.353	1785288080.157
1421	200.000	0.046	200.004	2.602	0.050	1.328	1785288080.347
1422	200.000	-0.088	200.002	2.959	6.079	1.330	1785288080.548
1423	200.000	-0.228	200.007	1.642	5.328	1.369	1785288080.774
1424	200.000	-0.013	200.002	1.735	3.654	1.355	1785288080.955
1425	200.000	-0.129	200.000	2.779	2.957	1.328	1785288081.135
1426	200.000	-0.055	199.999	2.764	2.505	1.328	1785288081.339
1427	200.000	0.414	199.999	1.406	1.863	1.328	1785288081.526
1428	200.000	0.138	199.999	2.075	0.255	1.347	1785288081.711
1429	200.000	-0.061	199.999	3.028	6.248	1.328	1785288081.893
1430	200.000	0.203	199.997	2.725	5.917	1.328	1785288082.085
1431	200.000	0.063	200.004	1.649	5.008	1.376	1785288082.272
1432	200.000	0.167	199.999	1.897	3.623	1.347	1785288082.463
1433	200.000	0.452	199.999	2.825	2.858	1.352	1785288082.665
1434	200.000	0.354	200.001	2.538	2.421	1.328	1785288082.897
1435	200.000	-0.126	200.004	1.268	0.860	1.328	1785288083.146
1436	200.000	0.443	199.998	2.858	0.047	1.339	1785288083.334
1437	200.000	-0.120	200.000	2.955	6.043	1.359	1785288083.534
1438	200.000	-0.453	200.005	1.686	5.300	1.339	1785288083.707
1439	200.000	0.034	200.002	1.706	3.896	1.328	1785288083.905
1440	200.000	-0.265	199.998	2.646	2.995	1.369	1785288084.065
1441	200.000	0.048	199.997	2.838	2.629	1.328	1785288084.263
1442	200.000	-0.107	200.000	1.817	2.121	1.328	1785288084.442
1443	200.000	-0.365	199.999	1.604	0.500	1.355	1785288084.628
1444	200.000	-0.403	199.998	2.941	6.279	1.368	1785288084.816
1445	200.000	-0.104	199.997	2.805	6.076	1.353	1785288085.004
1446	200.000	0.138	200.004	1.729	5.202	1.328	1785288085.245
1447	200.000	-0.147	199.997	1.744	3.652	1.328	1785288085.408
1448	200.000	0.062	200.002	2.940	2.915	1.328	1785288085.618
1449	200.000	0.139	200.006	2.732	2.508	1.328	1785288085.804
1450	200.000	0.031	199.997	1.274	1.525	1.328	1785288086.029
1451	200.000	0.255	200.003	2.611	0.101	1.328	1785288086.250
1452	200.000	0.067	199.998	3.160	6.114	1.328	1785288086.413
1453	200.000	0.102	199.999	2.262	5.720	1.357	1785288086.589
1454	200.000	-0.036	200.002	1.469	4.361	1.386	1785288086.810
1455	200.000	-0.193	199.997	2.559	2.996	1.328	1785288087.045
1456	200.000	-0.069	200.005	2.839	2.495	1.351	1785288087.221
1457	200.000	0.159	200.002	1.652	2.038	1.328	1785288087.399
1458	200.000	0.039	199.999	1.725	0.413	1.328	1785288087.596
1459	200.000	-0.043	200.001	3.102	6.220	1.328	1785288087.869
1460	200.000	-0.083	200.001	2.062	5.585	1.368	1785288088.094
1461	200.000	-0.341	200.003	1.396	4.249	1.405	1785288088.275
1462	200.000	0.250	200.002	2.518	3.102	1.348	1785288088.479
1463	200.000	0.160	200.002	2.798	2.609	1.328	1785288088.729
1464	200.000	-0.112	200.003	1.403	1.892	1.328	1785288088.908
1465	200.000	-0.058	199.997	1.978	0.303	1.328	1785288089.102
1466	200.000	0.055	200.001	2.891	6.252	1.328	1785288089.293
1467	200.000	-0.055	200.001	2.592	5.927	1.370	1785288089.476
1468	200.000	-0.030	200.001	1.548	5.040	1.361	1785288089.649
1469	200.000	-0.199	200.006	1.911	3.568	1.371	1785288089.833
1470	200.000	-0.126	200.001	2.751	2.901	1.337	1785288090.017
1471	200.000	-0.124	199.998	2.845	2.481	1.344	1785288090.197
1472	200.000	0.316	199.999	1.566	1.759	1.350	1785288090.411
1473	200.000	-0.089	200.000	2.055	0.268	1.352	1785288090.585
1474	200.000	-0.228	200.000	3.060	6.250	1.335	1785288090.784
1475	200.000	0.216	200.001	2.288	5.805	1.328	1785288090.998
1476	200.000	-0.029	199.998	1.356	4.284	1.390	1785288091.228
1477	200.000	0.127	199.999	2.531	3.150	1.323	1785288091.407
1478	200.000	-0.212	199.999	2.974	2.684	1.328	1785288091.580
1479	200.000	-0.132	200.001	2.045	2.225	1.328	1785288091.784
1480	200.000	0.162	200.001	1.366	0.665	1.328	1785288091.974
1481	200.000	-0.357	200.000	2.803	0.053	1.328	1785288092.166
1482	200.000	0.092	200.002	2.821	6.042	1.362	1785288092.361
1483	200.000	0.028	200.001	1.508	5.122	1.356	1785288092.617
1484	200.000	-0.147	200.002	2.134	3.375	1.328	1785288092.849
1485	200.000	0.001	200.004	2.965	2.762	1.352	1785288093.032
1486	200.000	0.144	200.000	2.393	2.384	1.328	1785288093.225
1487	200.000	0.332	199.999	1.253	1.020	1.328	1785288093.428
1488	200.000	0.228	199.998	2.807	0.035	1.328	1785288093.667
1489	200.000	0.468	199.997	2.788	6.061	1.337	1785288093.845
1490	200.000	0.063	200.002	1.702	5.247	1.339	1785288094.021
1491	200.000	0.156	200.001	1.580	3.871	1.328	1785288094.218
1492	200.000	0.196	199.997	2.709	2.932	1.355	1785288094.412
1493	200.000	-0.065	199.999	2.711	2.561	1.328	1785288094.597
1494	200.000	0.349	200.003	1.604	2.001	1.328	1785288094.791
1495	200.000	0.125	199.997	1.763	0.400	1.328	1785288094.971
1496	200.000	0.064	199.996	3.148	6.244	1.337	1785288095.175
1497	200.000	0.122	199.999	2.545	5.928	1.342	1785288095.367
1498	200.000	-0.163	200.000	1.555	5.002	1.328	1785288095.532
1499	200.000	-0.223	199.999	1.850	3.591	1.352	1785288095.734
1500	200.000	0.555	200.001	2.805	2.861	1.358	1785288095.918
1501	200.000	-0.104	200.004	2.463	2.502	1.328	1785288096.098
1502	200.000	0.077	200.001	1.470	1.756	1.350	1785288096.262
1503	200.000	-0.153	200.006	2.046	0.262	1.328	1785288096.461
1504	200.000	-0.195	200.004	3.147	0.002	1.328	1785288096.638
1505	200.000	-0.430	200.003	2.472	5.890	1.341	1785288096.879
1506	200.000	0.184	199.997	1.510	4.407	1.382	1785288097.096
1507	200.000	0.020	200.000	2.296	3.289	1.328	1785288097.291
1508	200.000	0.095	200.000	3.039	2.685	1.374	1785288097.473
1509	200.000	-0.374	199.998	2.049	2.237	1.328	1785288097.670
1510	200.000	0.303	199.997	1.263	0.962	1.328	1785288097.845
1511	200.000	0.149	199.999	2.746	0.085	1.328	1785288098.016
1512	200.000	0.158	199.997	2.987	6.101	1.358	1785288098.225
1513	200.000	0.373	200.000	1.858	5.492	1.328	1785288098.409
1514	200.000	-0.024	200.003	1.494	4.132	1.343	1785288098.626
1515	200.000	0.377	199.997	2.633	3.030	1.371	1785288098.853
1516	200.000	-0.093	200.000	2.811	2.489	1.328	1785288099.029
1517	200.000	-0.157	199.997	1.672	1.893	1.336	1785288099.234
1518	200.000	-0.096	200.002	1.895	0.386	1.328	1785288099.412
1519	200.000	0.221	200.000	3.196	0.062	1.331	1785288099.601
1520	200.000	0.119	200.003	2.469	5.875	1.345	1785288099.873
1521	200.000	-0.196	200.000	1.547	4.262	1.328	1785288100.097
1522	200.000	0.227	199.999	2.341	3.196	1.328	1785288100.278
1523	200.000	0.207	200.000	2.802	2.653	1.328	1785288100.478
1524	200.000	0.155	200.005	1.638	2.004	1.328	1785288100.727
1525	200.000	0.031	200.001	1.940	0.215	1.328	1785288100.922
1526	200.000	-0.192	199.999	3.104	6.263	1.328	1785288101.097
1527	200.000	0.110	200.000	2.553	5.908	1.338	1785288101.300
1528	200.000	-0.012	200.000	1.487	4.792	1.384	1785288101.527
1529	200.000	-0.395	200.000	2.102	3.369	1.376	1785288101.691
1530	200.000	-0.115	200.006	2.816	2.803	1.340	1785288101.923
1531	200.000	-0.149	200.000	2.242	2.251	1.346	1785288102.102
1532	200.000	0.037	199.998	1.327	1.079	1.328	1785288102.276
1533	200.000	0.404	199.998	2.638	0.092	1.343	1785288102.479
1534	200.000	0.179	199.999	3.155	6.099	1.364	1785288102.657
1535	200.000	-0.125	200.000	2.076	5.615	1.367	1785288102.868
1536	200.000	-0.176	200.000	1.545	4.259	1.366	1785288103.028
1537	200.000	0.049	199.999	2.355	3.269	1.400	1785288103.238
1538	200.000	0.202	199.998	2.915	2.706	1.361	1785288103.417
1539	200.000	0.388	200.003	1.990	2.254	1.328	1785288103.622
1540	200.000	-0.074	200.000	1.499	0.601	1.328	1785288103.878
1541	200.000	0.345	199.998	3.069	6.267	1.328	1785288104.058
1542	200.000	-0.079	200.001	2.779	5.976	1.328	1785288104.250
1543	200.000	0.170	199.999	1.606	4.990	1.328	1785288104.455
1544	200.000	-0.179	199.999	2.003	3.413	1.344	1785288104.681
1545	200.000	-0.260	199.998	2.836	2.860	1.328	1785288104.851
1546	200.000	0.027	200.000	2.548	2.478	1.328	1785288105.038
1547	200.000	0.182	199.997	1.265	1.503	1.353	1785288105.240
1548	200.000	-0.086	199.998	2.280	0.178	1.333	1785288105.442
1549	200.000	-0.131	200.004	3.121	6.160	1.350	1785288105.682
1550	200.000	0.270	199.999	2.091	5.557	1.381	1785288105.848
1551	200.000	-0.312	199.999	1.514	4.239	1.328	1785288106.052
1552	200.000	0.151	200.000	2.340	3.154	1.386	1785288106.250
1553	200.000	-0.070	199.999	2.912	2.667	1.328	1785288106.451
1554	200.000	-0.007	200.002	1.667	2.013	1.349	1785288106.689
1555	200.000	-0.076	200.004	2.077	0.387	1.329	1785288106.924
1556	200.000	0.095	200.003	3.179	6.202	1.351	1785288107.148
1557	200.000	0.038	199.997	2.251	5.647	1.328	1785288107.397
1558	200.000	-0.381	200.002	1.726	3.903	1.328	1785288107.611
1559	200.000	0.230	200.000	2.589	3.103	1.328	1785288107.782
1560	200.000	0.244	200.000	2.774	2.543	1.350	1785288107.992
1561	200.000	-0.282	200.001	1.524	1.882	1.328	1785288108.185
1562	200.000	0.209	200.005	2.020	0.387	1.328	1785288108.374
1563	200.000	-0.203	200.002	3.167	6.223	1.328	1785288108.571
1564	200.000	0.222	199.997	2.405	5.806	1.360	1785288108.786
1565	200.000	0.021	199.998	1.557	4.724	1.328	1785288108.994
1566	200.000	-0.016	200.005	2.323	3.246	1.339	1785288109.265
1567	200.000	0.147	199.999	2.702	2.563	1.328	1785288109.498
1568	200.000	-0.299	199.996	1.610	1.769	1.332	1785288109.682
1569	200.000	-0.275	199.999	1.981	0.381	1.336	1785288109.837
1570	200.000	0.304	200.002	3.004	6.275	1.328	1785288110.025
1571	200.000	0.181	199.999	2.816	6.011	1.328	1785288110.210
1572	200.000	-0.175	200.003	1.691	5.139	1.375	1785288110.438
1573	200.000	-0.044	200.004	1.933	3.599	1.385	1785288110.616
1574	200.000	0.519	199.998	2.714	2.922	1.347	1785288110.820
1575	200.000	-0.007	200.001	2.656	2.510	1.328	1785288111.013
1576	200.000	-0.363	200.005	1.454	1.463	1.328	1785288111.241
1577	200.000	-0.165	200.000	2.298	0.206	1.336	1785288111.417
1578	200.000	0.151	200.002	3.046	6.125	1.360	1785288111.626
1579	200.000	0.098	200.004	2.029	5.519	1.336	1785288111.875
1580	200.000	-0.061	199.999	1.682	4.072	1.328	1785288112.059
1581	200.000	0.279	200.003	2.595	3.085	1.345	1785288112.239
1582	200.000	0.033	200.004	2.908	2.636	1.328	1785288112.428
1583	200.000	0.082	199.998	1.695	2.004	1.328	1785288112.634
1584	200.000	-0.304	199.998	1.612	0.485	1.328	1785288112.799
1585	200.000	0.038	200.002	2.937	0.002	1.332	1785288113.006
1586	200.000	-0.039	200.004	2.736	5.929	1.345	1785288113.213
1587	200.000	0.062	200.000	1.687	5.056	1.328	1785288113.407
1588	200.000	-0.067	200.001	1.836	3.759	1.385	1785288113.603
1589	200.000	0.281	199.998	2.838	2.983	1.328	1785288113.791
1590	200.000	-0.051	200.006	2.730	2.463	1.328	1785288113.965
1591	200.000	0.540	200.000	1.529	1.947	1.328	1785288114.148
1592	200.000	-0.023	200.000	1.980	0.293	1.328	1785288114.346
1593	200.000	-0.275	199.997	3.053	6.253	1.336	1785288114.518
1594	200.000	0.120	199.995	2.633	5.900	1.328	1785288114.718
1595	200.000	-0.065	199.998	1.514	5.049	1.389	1785288114.890
1596	200.000	0.272	200.005	1.917	3.758	1.357	1785288115.068
1597	200.000	0.157	200.000	2.761	2.929	1.349	1785288115.270
1598	200.000	0.063	200.002	2.672	2.427	1.339	1785288115.458
1599	200.000	-0.280	199.998	1.585	1.811	1.328	1785288115.646
1600	200.000	-0.182	200.002	2.140	0.321	1.335	1785288115.840
1601	200.000	-0.049	200.005	3.200	6.238	1.328	1785288116.039
1602	200.000	0.157	200.002	2.672	5.950	1.358	1785288116.204
1603	200.000	0.156	200.000	1.669	5.040	1.392	1785288116.385
1604	200.000	0.170	199.999	1.905	3.633	1.328	1785288116.595
1605	200.000	-0.107	199.999	2.852	2.863	1.328	1785288116.774
1606	200.000	0.300	199.992	2.641	2.490	1.328	1785288116.961
1607	200.000	0.307	199.998	1.402	1.477	1.328	1785288117.168
1608	200.000	-0.047	200.000	2.402	0.129	1.328	1785288117.406
1609	200.000	-0.279	200.000	3.168	6.125	1.353	1785288117.583
1610	200.000	0.239	199.999	2.280	5.594	1.358	1785288117.802
1611	200.000	0.220	199.998	1.613	3.902	1.363	1785288118.030
1612	200.000	-0.041	200.000	2.780	2.908	1.350	1785288118.275
1613	200.000	-0.302	200.000	2.566	2.415	1.334	1785288118.470
1614	200.000	0.133	200.003	1.364	1.616	1.328	1785288118.630
1615	200.000	-0.055	200.005	2.184	0.252	1.328	1785288118.857
1616	200.000	-0.276	199.999	3.026	6.132	1.328	1785288119.036
1617	200.000	-0.076	200.002	2.411	5.745	1.328	1785288119.237
1618	200.000	0.138	200.002	1.436	4.500	1.360	1785288119.411
1619	200.000	0.015	200.000	2.308	3.294	1.368	1785288119.604
1620	200.000	-0.188	200.001	2.789	2.792	1.328	1785288119.790
1621	200.000	0.241	199.997	2.315	2.298	1.328	1785288119.953
1622	200.000	-0.071	199.998	1.277	1.261	1.328	1785288120.157
1623	200.000	-0.059	199.998	2.695	0.110	1.328	1785288120.366
1624	200.000	-0.212	200.002	2.983	6.057	1.343	1785288120.610
1625	200.000	-0.092	200.002	1.818	5.297	1.371	1785288120.809
1626	200.000	-0.157	200.002	1.791	3.756	1.368	1785288121.039
1627	200.000	0.247	199.998	2.768	2.893	1.328	1785288121.241
1628	200.000	0.136	199.999	2.258	2.375	1.328	1785288121.479
1629	200.000	-0.177	200.002	1.476	0.814	1.329	1785288121.681
1630	200.000	0.233	200.001	3.028	6.270	1.348	1785288121.920
1631	200.000	-0.356	200.003	2.667	5.959	1.354	1785288122.119
1632	200.000	0.167	199.998	1.574	4.962	1.346	1785288122.354
1633	200.000	0.135	199.997	2.081	3.418	1.328	1785288122.525
1634	200.000	-0.035	200.002	2.790	2.821	1.331	1785288122.735
1635	200.000	-0.254	200.004	2.167	2.275	1.328	1785288122.983
1636	200.000	-0.187	200.000	1.449	0.724	1.328	1785288123.169
1637	200.000	0.062	199.998	2.753	0.063	1.346	1785288123.366
1638	200.000	-0.019	199.999	2.871	6.007	1.328	1785288123.579
1639	200.000	0.092	199.997	1.668	5.156	1.375	1785288123.775
1640	200.000	0.236	199.998	1.871	3.637	1.361	1785288123.967
1641	200.000	0.095	199.998	2.720	2.919	1.328	1785288124.154
1642	200.000	0.170	199.996	2.462	2.459	1.335	1785288124.362
1643	200.000	0.188	199.999	1.540	1.729	1.328	1785288124.538
1644	200.000	-0.155	200.002	2.108	0.309	1.328	1785288124.749
1645	200.000	0.050	199.997	3.130	6.162	1.354	1785288124.990
1646	200.000	-0.056	199.995	1.914	5.491	1.333	1785288125.217
1647	200.000	-0.132	200.001	1.535	4.025	1.355	1785288125.403
1648	200.000	-0.135	200.000	2.525	3.177	1.328	1785288125.588
1649	200.000	-0.273	200.001	2.747	2.588	1.337	1785288125.783
1650	200.000	0.250	200.003	1.714	2.039	1.328	1785288125.966
1651	200.000	-0.043	199.999	1.478	0.608	1.328	1785288126.161
1652	200.000	-0.006	200.005	3.141	6.267	1.355	1785288126.343
1653	200.000	-0.019	200.002	2.887	6.010	1.336	1785288126.533
1654	200.000	0.012	200.004	1.686	5.201	1.360	1785288126.736
1655	200.000	-0.227	200.002	1.698	3.766	1.328	1785288126.905
1656	200.000	0.361	200.002	2.707	2.986	1.335	1785288127.089
1657	200.000	0.162	199.999	2.634	2.498	1.328	1785288127.297
1658	200.000	-0.321	200.002	1.478	1.710	1.328	1785288127.459
1659	200.000	0.037	200.002	2.056	0.372	1.341	1785288127.684
1660	200.000	0.025	199.997	3.163	6.206	1.334	1785288127.854
1661	200.000	0.184	199.999	2.767	5.922	1.346	1785288128.035
1662	200.000	0.132	199.999	1.630	5.095	1.335	1785288128.248
1663	200.000	0.246	199.999	1.915	3.551	1.339	1785288128.414
1664	200.000	-0.034	200.000	2.720	2.899	1.361	1785288128.617
1665	200.000	0.339	200.004	2.459	2.395	1.328	1785288128.782
1666	200.000	0.245	199.999	1.355	1.504	1.353	1785288128.972
1667	200.000	-0.167	200.002	2.381	0.216	1.328	1785288129.174
1668	200.000	0.051	200.000	3.221	6.148	1.328	1785288129.397
1669	200.000	0.134	199.998	2.245	5.629	1.377	1785288129.594
1670	200.000	0.013	200.001	1.573	4.428	1.328	1785288129.785
1671	200.000	-0.089	200.000	2.463	3.226	1.328	1785288130.008
1672	200.000	-0.071	199.998	2.596	2.542	1.328	1785288130.245
1673	200.000	-0.117	200.001	1.400	1.516	1.344	1785288130.488
1674	200.000	0.157	200.003	2.644	0.072	1.328	1785288130.743
1675	200.000	-0.175	199.996	2.889	6.040	1.328	1785288130.984
1676	200.000	0.223	200.003	1.635	5.220	1.329	1785288131.174
1677	200.000	-0.017	199.998	1.732	3.726	1.328	1785288131.351
1678	200.000	-0.106	199.999	2.555	3.015	1.325	1785288131.546
1679	200.000	0.193	200.002	2.340	2.382	1.328	1785288131.799
1680	200.000	-0.220	200.004	1.375	0.843	1.328	1785288132.044
1681	200.000	0.150	199.998	3.079	6.247	1.328	1785288132.294
1682	200.000	-0.080	199.998	2.697	5.935	1.332	1785288132.468
1683	200.000	-0.168	200.001	1.630	5.109	1.328	1785288132.648
1684	200.000	-0.127	200.001	1.732	3.642	1.392	1785288132.838
1685	200.000	-0.313	199.995	2.663	2.923	1.328	1785288133.019
1686	200.000	0.218	200.001	2.502	2.457	1.344	1785288133.235
1687	200.000	0.235	200.001	1.368	1.579	1.328	1785288133.385
1688	200.000	0.219	200.002	2.007	0.324	1.336	1785288133.594
1689	200.000	-0.203	200.000	3.203	6.212	1.328	1785288133.787
1690	200.000	0.133	199.998	2.993	6.025	1.345	1785288133.995
1691	200.000	0.156	200.003	1.548	5.006	1.355	1785288134.204
1692	200.000	-0.091	199.999	2.147	3.330	1.328	1785288134.445
1693	200.000	0.411	200.000	2.745	2.595	1.328	1785288134.692
1694	200.000	0.304	199.999	1.611	1.867	1.328	1785288134.883
1695	200.000	0.272	200.001	2.165	0.205	1.328	1785288135.112
1696	200.000	0.058	200.000	3.174	6.129	1.341	1785288135.354
1697	200.000	0.002	199.999	2.075	5.577	1.328	1785288135.563
1698	200.000	0.101	200.001	1.505	4.163	1.409	1785288135.752
1699	200.000	-0.421	200.000	2.438	3.015	1.340	1785288135.968
1700	200.000	0.262	199.997	2.632	2.562	1.328	1785288136.158
1701	200.000	0.167	199.997	1.601	1.866	1.328	1785288136.332
1702	200.000	-0.176	200.003	1.872	0.455	1.336	1785288136.560
1703	200.000	0.477	199.998	3.028	6.225	1.328	1785288136.754
1704	200.000	0.121	200.000	2.377	5.775	1.328	1785288137.006
1705	200.000	-0.028	200.001	1.515	4.433	1.388	1785288137.177
1706	200.000	-0.018	199.998	2.173	3.351	1.425	1785288137.349
1707	200.000	0.243	200.000	2.642	2.871	1.328	1785288137.524
1708	200.000	-0.289	199.998	2.292	2.333	1.328	1785288137.735
1709	200.000	-0.121	200.002	1.411	1.049	1.328	1785288137.919
1710	200.000	0.256	200.005	2.521	0.172	1.340	1785288138.119
1711	200.000	0.144	200.002	3.196	6.112	1.349	1785288138.295
1712	200.000	0.067	200.006	2.321	5.697	1.328	1785288138.479
1713	200.000	0.000	200.002	1.422	4.581	1.333	1785288138.681
1714	200.000	0.060	200.001	2.281	3.341	1.328	1785288138.878
1715	200.000	0.078	200.001	2.752	2.646	1.336	1785288139.072
1716	200.000	-0.129	199.997	1.780	2.000	1.328	1785288139.296
1717	200.000	-0.417	200.004	1.804	0.411	1.342	1785288139.506
1718	200.000	0.190	200.000	3.108	6.177	1.328	1785288139.760
1719	200.000	-0.145	200.002	2.177	5.627	1.366	1785288139.992
1720	200.000	0.184	200.004	1.568	4.210	1.334	1785288140.166
1721	200.000	0.104	199.999	2.336	3.365	1.321	1785288140.373
1722	200.000	0.330	199.998	2.595	2.672	1.354	1785288140.552
1723	200.000	-0.214	200.002	2.057	2.169	1.328	1785288140.766
1724	200.000	-0.219	200.003	1.852	0.411	1.357	1785288141.004
1725	200.000	0.170	200.003	3.168	6.193	1.328	1785288141.246
1726	200.000	0.048	199.998	2.512	5.845	1.328	1785288141.434
1727	200.000	0.075	200.004	1.540	4.881	1.346	1785288141.628
1728	200.000	0.224	200.001	2.252	3.358	1.328	1785288141.810
1729	200.000	0.165	200.002	2.813	2.787	1.328	1785288141.999
1730	200.000	-0.000	200.000	2.175	2.203	1.328	1785288142.183
1731	200.000	0.382	200.000	1.366	0.960	1.328	1785288142.368
1732	200.000	-0.097	199.999	2.637	0.073	1.328	1785288142.567
1733	200.000	-0.073	199.999	3.150	6.093	1.328	1785288142.800
1734	200.000	-0.132	200.000	1.835	5.497	1.327	1785288143.009
1735	200.000	-0.301	199.997	1.779	3.638	1.370	1785288143.261
1736	200.000	-0.079	200.002	2.693	2.783	1.342	1785288143.495
1737	200.000	-0.246	199.997	2.098	2.191	1.328	1785288143.713
1738	200.000	-0.059	199.998	1.674	0.551	1.328	1785288143.954
1739	200.000	-0.242	200.000	3.110	6.253	1.328	1785288144.149
1740	200.000	0.004	199.997	2.815	5.962	1.328	1785288144.362
1741	200.000	-0.175	199.998	1.488	4.848	1.328	1785288144.586
1742	200.000	0.372	199.998	2.155	3.345	1.328	1785288144.807
1743	200.000	-0.266	199.997	2.710	2.703	1.328	1785288145.008
1744	200.000	0.286	199.997	1.935	2.128	1.328	1785288145.243
1745	200.000	0.123	200.001	1.766	0.580	1.328	1785288145.434
1746	200.000	-0.220	200.004	3.030	0.015	1.328	1785288145.641
1747	200.000	-0.141	200.000	2.608	5.913	1.365	1785288145.880
1748	200.000	0.053	200.001	1.437	4.663	1.345	1785288146.108
1749	200.000	0.087	199.996	2.395	3.196	1.328	1785288146.310
1750	200.000	0.152	199.998	2.510	2.503	1.328	1785288146.569
1751	200.000	0.048	200.001	1.485	1.283	1.328	1785288146.807
1752	200.000	0.053	199.998	2.866	0.076	1.339	1785288147.065
1753	200.000	0.231	199.999	2.838	5.998	1.328	1785288147.261
1754	200.000	-0.041	200.001	1.613	5.170	1.342	1785288147.492
1755	200.000	-0.041	199.997	2.033	3.509	1.328	1785288147.679
1756	200.000	0.137	199.997	2.714	2.892	1.328	1785288147.874
1757	200.000	-0.275	200.001	2.377	2.366	1.364	1785288148.057
1758	200.000	0.255	200.000	1.447	1.460	1.328	1785288148.242
1759	200.000	-0.063	199.998	2.367	0.213	1.328	1785288148.425
1760	200.000	0.193	200.000	3.236	6.217	1.328	1785288148.612
1761	200.000	0.331	200.000	2.611	5.830	1.328	1785288148.817
1762	200.000	0.044	199.998	1.548	4.875	1.408	1785288148.995
1763	200.000	-0.005	199.999	1.978	3.501	1.357	1785288149.190
1764	200.000	-0.174	200.001	2.633	2.903	1.363	1785288149.368
1765	200.000	-0.150	199.994	2.367	2.313	1.349	1785288149.544
1766	200.000	-0.126	200.003	1.385	1.543	1.328	1785288149.709
1767	200.000	-0.187	200.002	2.126	0.269	1.328	1785288149.911
1768	200.000	-0.181	200.004	3.192	6.218	1.344	1785288150.101
1769	200.000	0.109	200.001	2.551	5.848	1.328	1785288150.297
1770	200.000	-0.100	200.005	1.548	4.873	1.326	1785288150.490
1771	200.000	0.114	199.998	1.997	3.471	1.334	1785288150.679
1772	200.000	0.142	199.998	2.653	2.830	1.333	1785288150.880
1773	200.000	-0.057	200.002	2.169	2.333	1.328	1785288151.034
1774	200.000	0.122	199.999	1.360	1.359	1.328	1785288151.240
1775	200.000	-0.171	199.998	2.489	0.145	1.328	1785288151.428
1776	200.000	-0.034	200.004	3.082	6.142	1.351	1785288151.623
1777	200.000	0.082	200.005	2.290	5.729	1.352	1785288151.809
1778	200.000	-0.224	200.003	1.463	4.515	1.328	1785288151.984
1779	200.000	-0.043	200.002	2.337	3.313	1.328	1785288152.186
1780	200.000	0.100	200.001	2.678	2.782	1.328	1785288152.375
1781	200.000	-0.286	200.001	2.055	2.136	1.328	1785288152.598
1782	200.000	0.094	199.999	1.490	0.793	1.328	1785288152.794
1783	200.000	-0.270	200.001	2.739	0.098	1.328	1785288152.950
1784	200.000	-0.007	200.000	3.288	6.101	1.328	1785288153.152
1785	200.000	0.247	200.002	2.227	5.602	1.328	1785288153.333
1786	200.000	0.179	200.001	1.543	3.998	1.349	1785288153.570
1787	200.000	0.059	200.001	2.657	3.040	1.328	1785288153.782
1788	200.000	-0.086	200.001	2.283	2.334	1.348	1785288154.026
1789	200.000	0.217	199.998	1.591	1.068	1.328	1785288154.223
1790	200.000	-0.103	200.001	2.690	0.153	1.337	1785288154.407
1791	200.000	0.277	200.001	3.130	6.119	1.342	1785288154.581
1792	200.000	0.061	200.002	2.320	5.739	1.343	1785288154.785
1793	200.000	0.171	200.003	1.462	4.346	1.394	1785288155.033
1794	200.000	-0.058	200.003	2.468	3.172	1.369	1785288155.225
1795	200.000	-0.097	199.999	2.532	2.531	1.328	1785288155.449
1796	200.000	-0.033	199.999	1.527	1.554	1.328	1785288155.638
1797	200.000	-0.129	200.004	1.940	0.359	1.348	1785288155.818
1798	200.000	0.057	199.997	3.210	6.234	1.344	1785288155.998
1799	200.000	0.045	199.998	2.851	5.978	1.338	1785288156.200
1800	200.000	-0.351	200.001	1.594	5.066	1.363	1785288156.391
1801	200.000	-0.118	199.999	1.827	3.839	1.339	1785288156.578
1802	200.000	0.041	200.005	2.550	3.026	1.328	1785288156.766
1803	200.000	-0.068	200.002	2.532	2.495	1.365	1785288156.954
1804	200.000	0.429	200.002	1.521	1.681	1.328	1785288157.143
1805	200.000	0.091	199.997	2.248	0.312	1.328	1785288157.344
1806	200.000	0.033	199.998	3.056	6.281	1.351	1785288157.521
1807	200.000	0.248	200.001	3.013	6.135	1.342	1785288157.722
1808	200.000	-0.187	200.002	2.454	5.750	1.355	1785288157.904
1809	200.000	0.155	200.003	1.515	3.879	1.401	1785288158.083
1810	200.000	-0.132	199.998	2.666	2.917	1.328	1785288158.301
1811	200.000	0.104	199.997	2.182	2.269	1.328	1785288158.541
1812	200.000	-0.231	200.003	1.740	0.838	1.328	1785288158.726
1813	200.000	0.132	200.000	2.945	0.124	1.328	1785288158.921
1814	200.000	-0.031	199.998	3.153	6.100	1.334	1785288159.094
1815	200.000	0.124	199.999	2.162	5.586	1.328	1785288159.281
1816	200.000	-0.057	200.001	1.554	4.208	1.361	1785288159.457
1817	200.000	0.219	200.000	2.346	3.255	1.356	1785288159.652
1818	200.000	-0.045	199.999	2.669	2.704	1.328	1785288159.834
1819	200.000	0.071	199.995	1.918	2.133	1.328	1785288160.031
1820	200.000	-0.041	200.001	1.583	0.841	1.328	1785288160.226
1821	200.000	-0.072	200.001	2.838	0.136	1.343	1785288160.414
1822	200.000	0.442	200.003	3.195	6.119	1.328	1785288160.610
1823	200.000	-0.088	199.999	1.839	5.437	1.349	1785288160.841
1824	200.000	-0.170	199.998	1.724	3.909	1.341	1785288161.018
1825	200.000	-0.059	200.001	2.618	3.083	1.328	1785288161.225
1826	200.000	-0.005	199.999	2.389	2.431	1.328	1785288161.485
1827	200.000	-0.149	200.002	1.536	1.061	1.328	1785288161.711
1828	200.000	-0.034	199.999	2.802	0.109	1.328	1785288161.885
1829	200.000	0.149	200.002	3.154	6.130	1.328	1785288162.081
1830	200.000	0.286	200.002	2.043	5.540	1.328	1785288162.294
1831	200.000	0.174	200.001	1.541	4.136	1.354	1785288162.480
1832	200.000	0.028	200.000	2.547	3.020	1.367	1785288162.742
1833	200.000	0.153	199.995	2.642	2.496	1.359	1785288162.905
1834	200.000	-0.068	200.001	1.610	1.817	1.328	1785288163.102
1835	200.000	-0.169	199.997	1.839	0.578	1.328	1785288163.285
1836	200.000	0.117	200.001	3.069	0.064	1.338	1785288163.484
1837	200.000	-0.416	200.005	2.911	6.068	1.328	1785288163.652
1838	200.000	0.143	199.999	1.922	5.379	1.380	1785288163.858
1839	200.000	-0.072	199.998	1.623	4.031	1.343	1785288164.037
1840	200.000	0.281	200.000	2.497	3.018	1.331	1785288164.265
1841	200.000	-0.126	200.000	2.612	2.639	1.328	1785288164.439
1842	200.000	0.090	200.000	1.912	2.016	1.328	1785288164.613
1843	200.000	-0.271	200.000	2.013	0.488	1.333	1785288164.802
1844	200.000	0.239	200.002	3.227	6.230	1.343	1785288165.006
1845	200.000	0.307	199.999	2.430	5.815	1.328	1785288165.243
1846	200.000	-0.416	199.998	1.447	4.598	1.352	1785288165.441
1847	200.000	0.460	200.004	2.372	3.231	1.328	1785288165.658
1848	200.000	-0.015	200.002	2.743	2.698	1.328	1785288165.837
1849	200.000	-0.256	199.999	1.879	2.091	1.328	1785288166.029
1850	200.000	-0.011	200.001	1.693	0.745	1.328	1785288166.225
1851	200.000	-0.026	200.001	2.948	0.052	1.328	1785288166.469
1852	200.000	-0.202	199.999	2.930	5.977	1.347	1785288166.656
1853	200.000	0.090	200.001	1.727	5.251	1.353	1785288166.838
1854	200.000	-0.037	200.001	1.707	3.857	1.427	1785288167.016
1855	200.000	-0.205	199.999	2.653	2.956	1.357	1785288167.211
1856	200.000	-0.119	199.999	2.592	2.578	1.328	1785288167.409
1857	200.000	-0.077	200.000	1.746	1.634	1.347	1785288167.588
1858	200.000	-0.564	199.999	2.155	0.410	1.328	1785288167.781
1859	200.000	-0.054	200.002	3.204	0.056	1.351	1785288167.961
1860	200.000	-0.244	200.000	2.964	6.064	1.352	1785288168.161
1861	200.000	-0.081	200.002	1.688	5.137	1.364	1785288168.410
1862	200.000	-0.209	200.001	2.224	3.387	1.342	1785288168.653
1863	200.000	0.209	200.003	2.889	2.734	1.328	1785288168.849
1864	200.000	0.267	199.999	2.006	2.114	1.328	1785288169.098
1865	200.000	0.353	199.995	1.853	0.692	1.328	1785288169.259
1866	200.000	0.143	199.998	3.090	6.260	1.363	1785288169.467
1867	200.000	-0.335	200.003	2.722	5.897	1.328	1785288169.658
1868	200.000	-0.176	199.998	1.509	4.281	1.360	1785288169.880
1869	200.000	0.210	199.998	2.441	3.222	1.327	1785288170.091
1870	200.000	0.149	199.998	2.749	2.639	1.328	1785288170.346
1871	200.000	-0.186	200.002	1.574	1.586	1.330	1785288170.533
1872	200.000	0.040	200.000	2.405	0.346	1.328	1785288170.747
1873	200.000	-0.151	200.001	3.094	0.045	1.328	1785288170.946
1874	200.000	0.088	200.005	2.322	5.735	1.358	1785288171.128
1875	200.000	-0.161	199.999	1.525	4.385	1.332	1785288171.352
1876	200.000	-0.152	200.000	2.558	3.136	1.356	1785288171.579
1877	200.000	-0.139	200.001	2.775	2.477	1.331	1785288171.778
1878	200.000	-0.118	200.000	1.940	1.877	1.353	1785288171.971
1879	200.000	-0.015	200.004	1.978	0.536	1.328	1785288172.143
1880	200.000	0.196	200.002	3.253	0.037	1.354	1785288172.344
1881	200.000	-0.047	200.002	2.965	5.990	1.336	1785288172.516
1882	200.000	-0.326	199.999	1.807	5.249	1.328	1785288172.702
1883	200.000	0.053	199.999	1.711	3.778	1.328	1785288172.897
1884	200.000	-0.260	200.000	2.720	3.092	1.328	1785288173.087
1885	200.000	-0.001	199.999	2.784	2.524	1.328	1785288173.273
1886	200.000	0.267	200.004	1.752	1.866	1.328	1785288173.468
1887	200.000	0.202	199.999	2.049	0.448	1.328	1785288173.663
1888	200.000	-0.030	199.998	3.222	6.226	1.328	1785288173.852
1889	200.000	0.636	199.998	2.643	5.877	1.348	1785288174.072
1890	200.000	0.091	199.999	1.648	4.950	1.331	1785288174.282
1891	200.000	0.029	200.002	2.201	3.490	1.361	1785288174.458
1892	200.000	-0.010	200.002	2.841	2.804	1.328	1785288174.652
1893	200.000	0.325	200.000	2.396	2.282	1.328	1785288174.836
1894	200.000	-0.046	200.002	1.747	1.265	1.328	1785288175.015
1895	200.000	0.131	200.003	2.662	0.268	1.333	1785288175.235
1896	200.000	-0.218	199.996	3.059	6.140	1.346	1785288175.461
1897	200.000	-0.073	200.003	1.968	5.598	1.341	1785288175.646
1898	200.000	-0.040	199.999	1.586	4.109	1.359	1785288175.810
1899	200.000	-0.091	199.999	2.458	3.287	1.328	1785288176.012
1900	200.000	-0.086	200.000	2.832	2.676	1.328	1785288176.211
1901	200.000	-0.207	199.999	2.111	2.182	1.328	1785288176.400
1902	200.000	-0.476	200.001	1.772	1.101	1.328	1785288176.596
1903	200.000	-0.003	200.001	2.817	0.186	1.328	1785288176.779
1904	200.000	0.132	199.999	3.166	6.128	1.350	1785288176.978
1905	200.000	0.234	200.000	1.880	5.404	1.328	1785288177.166
1906	200.000	0.072	200.003	1.972	3.769	1.349	1785288177.398
1907	200.000	0.178	200.000	2.754	2.857	1.361	1785288177.582
1908	200.000	-0.116	199.997	2.495	2.410	1.360	1785288177.777
1909	200.000	-0.172	200.001	1.719	1.375	1.328	1785288177.961
1910	200.000	-0.267	199.999	2.474	0.375	1.328	1785288178.150
1911	200.000	0.064	200.001	3.245	0.007	1.328	1785288178.337
1912	200.000	0.012	199.997	2.582	5.860	1.335	1785288178.540
1913	200.000	0.310	200.000	1.610	4.425	1.328	1785288178.767
1914	200.000	-0.208	200.003	2.308	3.355	1.328	1785288178.942
1915	200.000	-0.085	200.001	2.865	2.842	1.328	1785288179.141
1916	200.000	0.158	200.002	2.418	2.266	1.328	1785288179.317
1917	200.000	-0.584	199.998	1.691	1.166	1.353	1785288179.530
1918	200.000	0.004	200.003	2.976	0.161	1.328	1785288179.719
1919	200.000	-0.057	200.000	3.117	6.087	1.346	1785288179.893
1920	200.000	-0.026	199.999	1.974	5.601	1.360	1785288180.071
1921	200.000	-0.012	199.998	1.608	4.277	1.355	1785288180.269
1922	200.000	-0.137	200.000	2.428	3.229	1.328	1785288180.478
1923	200.000	0.202	199.998	2.769	2.598	1.328	1785288180.705
1924	200.000	0.017	199.999	1.818	1.791	1.328	1785288180.885
1925	200.000	-0.177	199.998	1.943	0.510	1.328	1785288181.088
1926	200.000	0.012	200.001	3.273	6.279	1.357	1785288181.288
1927	200.000	-0.186	199.996	2.456	5.801	1.348	1785288181.528
1928	200.000	0.214	200.001	1.476	4.324	1.343	1785288181.729
1929	200.000	-0.148	199.996	2.536	3.169	1.358	1785288181.975
1930	200.000	-0.168	200.002	2.883	2.549	1.342	1785288182.172
1931	200.000	-0.017	199.999	1.528	1.682	1.328	1785288182.415
1932	200.000	-0.035	199.997	2.691	0.291	1.328	1785288182.639
1933	200.000	-0.346	200.000	3.255	6.182	1.356	1785288182.843
1934	200.000	-0.024	200.001	2.290	5.635	1.345	1785288183.075
1935	200.000	0.090	200.000	1.721	3.973	1.328	1785288183.302
1936	200.000	-0.025	199.998	2.716	3.012	1.346	1785288183.566
1937	200.000	-0.060	199.997	2.353	2.244	1.366	1785288183.769
1938	200.000	0.112	199.999	1.887	0.694	1.328	1785288183.994
1939	200.000	-0.125	200.002	3.259	0.007	1.328	1785288184.264
1940	200.000	0.292	200.001	2.352	5.776	1.346	1785288184.481
1941	200.000	-0.252	200.000	1.596	4.352	1.380	1785288184.683
1942	200.000	-0.069	200.001	2.459	3.334	1.337	1785288184.863
1943	200.000	0.256	199.999	2.871	2.741	1.354	1785288185.056
1944	200.000	-0.102	200.003	2.291	2.263	1.328	1785288185.260
1945	200.000	-0.113	200.000	1.963	0.621	1.338	1785288185.487
1946	200.000	-0.108	200.003	3.292	0.045	1.328	1785288185.704
1947	200.000	0.060	199.999	2.685	5.887	1.356	1785288185.908
1948	200.000	-0.196	200.005	1.568	4.706	1.355	1785288186.119
1949	200.000	0.110	200.001	2.442	3.450	1.322	1785288186.316
1950	200.000	-0.152	200.002	2.917	2.796	1.328	1785288186.493
1951	200.000	-0.209	199.998	2.442	2.306	1.328	1785288186.690
1952	200.000	0.041	200.002	1.726	0.923	1.335	1785288186.875
1953	200.000	-0.274	200.005	3.023	0.164	1.348	1785288187.110
1954	200.000	-0.294	199.997	3.150	6.046	1.345	1785288187.306
1955	200.000	0.202	200.003	1.850	5.292	1.350	1785288187.558
1956	200.000	0.308	200.001	1.784	4.218	1.345	1785288187.742
1957	200.000	-0.285	199.998	2.853	2.895	1.328	1785288187.947
1958	200.000	0.029	199.999	2.029	2.077	1.328	1785288188.174
1959	200.000	0.218	199.995	2.095	0.619	1.328	1785288188.361
1960	200.000	0.163	200.005	3.297	0.076	1.348	1785288188.534
1961	200.000	-0.156	200.006	3.100	6.041	1.328	1785288188.734
1962	200.000	-0.216	199.999	1.798	5.238	1.328	1785288188.920
1963	200.000	0.089	200.002	1.956	3.849	1.328	1785288189.123
1964	200.000	-0.122	200.001	2.812	2.947	1.377	1785288189.320
1965	200.000	-0.284	199.998	2.704	2.513	1.328	1785288189.486
1966	200.000	-0.261	200.001	1.631	1.738	1.328	1785288189.687
1967	200.000	0.276	200.002	2.414	0.342	1.328	1785288189.919
1968	200.000	-0.246	199.998	3.440	6.241	1.336	1785288190.106
1969	200.000	0.059	200.004	2.832	5.952	1.354	1785288190.320
1970	200.000	-0.406	200.000	1.621	4.870	1.344	1785288190.551
1971	200.000	-0.021	200.000	2.502	3.390	1.328	1785288190.748
1972	200.000	0.130	200.000	2.934	2.724	1.344	1785288190.998
1973	200.000	0.073	200.001	1.873	1.896	1.358	1785288191.198
1974	200.000	-0.062	200.003	2.326	0.394	1.328	1785288191.355
1975	200.000	-0.091	200.000	3.341	0.070	1.337	1785288191.576
1976	200.000	-0.250	200.002	2.549	5.834	1.355	1785288191.805
1977	200.000	-0.053	200.000	1.552	4.546	1.336	1785288191.977
1978	200.000	-0.219	200.000	2.506	3.325	1.340	1785288192.182
1979	200.000	0.027	200.002	2.941	2.672	1.329	1785288192.337
1980	200.000	-0.131	200.003	2.273	2.253	1.345	1785288192.551
1981	200.000	0.220	200.001	1.832	0.918	1.328	1785288192.741
1982	200.000	-0.186	200.005	3.011	0.166	1.328	1785288192.933
1983	200.000	-0.210	200.000	3.241	6.186	1.328	1785288193.120
1984	200.000	0.222	199.999	2.459	5.736	1.337	1785288193.310
1985	200.000	-0.013	199.996	1.505	4.762	1.470	1785288193.509
1986	200.000	0.158	200.000	2.340	3.506	1.328	1785288193.742
1987	200.000	-0.087	200.003	2.845	2.776	1.328	1785288193.993
1988	200.000	-0.085	199.999	2.769	2.726	1.328	1785288194.187
1989	200.000	-0.167	199.999	2.890	2.690	1.328	1785288194.410
1990	200.000	-0.043	199.996	2.853	2.672	1.352	1785288194.614
1991	200.000	0.137	200.001	2.962	2.729	1.328	1785288194.837
1992	200.000	0.318	199.999	2.862	2.728	1.328	1785288195.021
1993	200.000	0.132	199.998	2.864	2.723	1.328	1785288195.214
1994	200.000	-0.057	200.001	2.831	2.705	1.337	1785288195.410
1995	200.000	-0.236	200.001	2.910	2.678	1.363	1785288195.646
1996	200.000	0.419	200.001	2.890	2.715	1.328	1785288195.898
1997	200.000	0.022	200.006	2.796	2.704	1.328	1785288196.111
1998	200.000	-0.508	199.997	2.908	2.701	1.328	1785288196.323
1999	200.000	-0.030	200.001	2.783	2.706	1.328	1785288196.522
2000	200.000	0.081	199.997	2.970	2.686	1.328	1785288196.790
2001	200.000	-0.259	199.999	2.833	2.698	1.328	1785288197.014
2002	200.000	-0.112	200.003	2.817	2.719	1.328	1785288197.213
2003	200.000	0.025	200.002	2.843	2.668	1.372	1785288197.383
2004	200.000	-0.015	200.004	2.879	2.715	1.328	1785288197.571
2005	200.000	-0.266	200.001	2.913	2.673	1.327	1785288197.778
2006	200.000	-0.058	200.000	2.819	2.678	1.328	1785288197.965
2007	200.000	0.061	199.999	2.875	2.660	1.347	1785288198.164
2008	200.000	-0.162	200.002	2.905	2.687	1.328	1785288198.402
2009	200.000	0.057	199.999	2.809	2.701	1.328	1785288198.601
2010	200.000	-0.112	199.997	2.816	2.670	1.335	1785288198.762
2011	200.000	0.168	199.997	2.763	2.681	1.328	1785288198.963
2012	200.000	-0.215	200.000	2.959	2.693	1.328	1785288199.208
2013	200.000	0.328	200.000	2.866	2.713	1.328	1785288199.399
2014	200.000	0.589	199.999	2.873	2.641	1.355	1785288199.605
2015	200.000	-0.277	200.001	2.845	2.705	1.328	1785288199.806
2016	200.000	0.297	199.999	2.813	2.712	1.328	1785288200.046
2017	200.000	0.058	200.005	2.856	2.723	1.328	1785288200.222
2018	200.000	0.164	199.999	2.754	2.711	1.328	1785288200.416
2019	200.000	0.331	199.999	2.927	2.705	1.328	1785288200.609
2020	200.000	0.183	200.000	2.810	2.714	1.328	1785288200.802
2021	200.000	-0.136	199.998	2.912	2.727	1.328	1785288201.025
2022	200.000	-0.232	200.002	2.901	2.718	1.328	1785288201.211
2023	200.000	-0.052	200.003	2.879	2.696	1.346	1785288201.416
2024	200.000	0.035	200.002	2.802	2.727	1.328	1785288201.597
2025	200.000	0.578	200.001	2.913	2.732	1.328	1785288201.811
2026	200.000	0.075	199.996	2.928	2.709	1.328	1785288202.059
2027	200.000	-0.216	200.004	2.891	2.701	1.328	1785288202.293
2028	200.000	-0.233	200.002	2.923	2.695	1.328	1785288202.476
2029	200.000	0.024	200.001	2.945	2.691	1.328	1785288202.680
2030	200.000	0.084	199.998	2.842	2.660	1.347	1785288202.936
2031	200.000	-0.003	199.998	2.962	2.683	1.337	1785288203.156
2032	200.000	0.040	199.999	2.942	2.683	1.328	1785288203.356
2033	200.000	-0.279	200.000	2.930	2.686	1.328	1785288203.541
2034	200.000	-0.294	199.999	2.800	2.704	1.328	1785288203.726
2035	200.000	0.182	200.000	2.952	2.624	1.332	1785288203.939
2036	200.000	-0.349	199.997	2.876	2.687	1.328	1785288204.155
2037	200.000	-0.155	200.001	2.915	2.639	1.331	1785288204.354
2038	200.000	0.110	199.997	2.871	2.688	1.328	1785288204.616
2039	200.000	0.078	200.000	2.882	2.665	1.352	1785288204.851
2040	200.000	-0.231	200.000	2.775	2.654	1.328	1785288205.030
2041	200.000	0.031	199.999	2.827	2.649	1.328	1785288205.189
2042	200.000	-0.329	200.000	2.909	2.691	1.328	1785288205.353
2043	200.000	-0.094	199.997	2.844	2.667	1.345	1785288205.553
2044	200.000	-0.011	200.001	2.868	2.669	1.338	1785288205.784
2045	200.000	-0.014	200.002	2.870	2.669	1.349	1785288206.002
2046	200.000	0.323	200.000	2.789	2.678	1.328	1785288206.242
2047	200.000	0.143	200.003	2.901	2.656	1.328	1785288206.477
2048	200.000	-0.172	200.001	2.785	2.679	1.345	1785288206.672
2049	200.000	-0.081	200.003	2.916	2.620	1.356	1785288206.871
2050	200.000	0.119	200.001	2.874	2.663	1.328	1785288207.100
2051	200.000	-0.104	200.000	2.901	2.688	1.328	1785288207.302
2052	200.000	-0.086	200.000	2.824	2.638	1.328	1785288207.549
2053	200.000	0.178	200.002	2.815	2.625	1.328	1785288207.738
2054	200.000	-0.142	200.000	2.845	2.563	1.332	1785288207.913
2055	200.000	0.011	200.001	2.839	2.624	1.328	1785288208.083
2056	200.000	-0.137	200.000	2.788	2.631	1.328	1785288208.291
2057	200.000	-0.087	200.002	2.781	2.626	1.328	1785288208.486
2058	200.000	0.234	199.998	2.792	2.612	1.328	1785288208.648
2059	200.000	-0.003	199.996	2.838	2.646	1.328	1785288208.863
2060	200.000	0.405	199.998	2.796	2.626	1.328	1785288209.098
