Point No.	Frequency Set (GHz)	THz Photocurrent (nA)	Frequency Act (GHz)	Amplitude (via StrMod)	Phase (via StrMod)	Frequency Fit	Timestamp (s)
1	100.000	-0.021	100.002	10.657	4.240	0.664	1785269513.568
2	100.000	0.076	99.999	10.634	4.461	0.664	1785269513.762
3	100.000	0.451	100.001	8.782	4.739	0.664	1785269513.964
4	100.000	-0.087	99.996	6.314	5.172	0.664	1785269514.149
5	100.000	0.087	100.001	5.286	5.967	0.664	1785269514.322
6	100.000	0.281	100.003	7.137	0.389	0.676	1785269514.540
7	100.000	-0.080	99.994	10.490	0.786	0.685	1785269514.742
8	100.000	-0.213	100.000	13.213	1.034	0.677	1785269514.950
9	100.000	-0.228	99.997	13.735	1.217	0.683	1785269515.154
10	100.000	0.122	99.999	12.566	1.410	0.683	1785269515.329
11	100.000	-0.115	100.001	10.621	1.630	0.687	1785269515.535
12	100.000	0.077	100.003	7.634	2.065	0.677	1785269515.729
13	100.000	-0.066	99.999	5.515	2.926	0.700	1785269515.955
14	100.000	0.156	99.999	6.916	3.648	0.664	1785269516.139
15	100.000	0.338	100.003	9.112	4.049	0.664	1785269516.299
16	100.000	-0.192	100.000	10.444	4.276	0.664	1785269516.524
17	100.000	-0.042	100.006	10.305	4.495	0.664	1785269516.691
18	100.000	-0.111	100.004	8.947	4.714	0.664	1785269516.885
19	100.000	-0.157	99.999	6.338	5.136	0.664	1785269517.086
20	100.000	-0.078	100.001	5.288	6.089	0.664	1785269517.258
21	100.000	0.184	99.999	7.457	0.410	0.668	1785269517.460
22	100.000	0.178	100.001	10.981	0.809	0.681	1785269517.674
23	100.000	-0.028	99.999	13.375	1.046	0.682	1785269517.875
24	100.000	-0.221	99.998	13.777	1.227	0.679	1785269518.142
25	100.000	0.059	100.002	11.582	1.512	0.686	1785269518.389
26	100.000	0.002	100.002	8.271	1.914	0.686	1785269518.597
27	100.000	-0.115	100.003	5.900	2.564	0.677	1785269518.809
28	100.000	0.048	100.004	6.258	3.443	0.664	1785269519.001
29	100.000	0.040	100.003	8.538	3.916	0.664	1785269519.189
30	100.000	0.139	100.001	9.858	4.209	0.664	1785269519.367
31	100.000	0.040	100.005	10.494	4.419	0.664	1785269519.546
32	100.000	0.320	99.997	9.246	4.619	0.664	1785269519.731
33	100.000	-0.027	100.003	7.224	4.982	0.664	1785269519.937
34	100.000	0.018	100.000	5.079	5.870	0.664	1785269520.155
35	100.000	0.177	100.000	7.031	0.397	0.671	1785269520.368
36	100.000	0.010	100.001	10.296	0.787	0.684	1785269520.564
37	100.000	0.211	100.004	12.547	0.988	0.679	1785269520.755
38	100.000	0.194	100.000	13.488	1.178	0.682	1785269520.946
39	100.000	-0.318	100.005	12.978	1.371	0.681	1785269521.147
40	100.000	-0.016	100.003	11.241	1.586	0.675	1785269521.313
41	100.000	0.007	100.000	8.190	1.940	0.686	1785269521.514
42	100.000	-0.079	100.002	5.981	2.579	0.693	1785269521.699
43	100.000	-0.086	100.002	6.357	3.340	0.664	1785269521.874
44	100.000	0.055	99.998	8.409	3.816	0.664	1785269522.073
45	100.000	-0.165	99.999	9.818	4.098	0.664	1785269522.227
46	100.000	0.267	100.000	10.627	4.327	0.664	1785269522.441
47	100.000	0.045	100.001	9.746	4.570	0.664	1785269522.636
48	100.000	0.096	100.003	7.157	4.877	0.664	1785269522.825
49	100.000	0.113	99.999	4.995	5.556	0.664	1785269523.021
50	100.000	0.011	100.000	5.947	0.185	0.673	1785269523.198
51	100.000	-0.130	99.997	9.154	0.638	0.687	1785269523.398
52	100.000	0.309	100.005	12.238	0.935	0.675	1785269523.586
53	100.000	0.008	99.996	13.450	1.111	0.685	1785269523.807
54	100.000	0.104	100.002	12.957	1.314	0.680	1785269524.011
55	100.000	0.100	100.001	11.160	1.539	0.683	1785269524.201
56	100.000	0.210	100.001	8.512	1.840	0.682	1785269524.393
57	100.000	-0.318	99.997	6.024	2.452	0.691	1785269524.576
58	100.000	0.030	100.002	6.166	3.304	0.664	1785269524.764
59	100.000	-0.249	99.998	7.778	3.817	0.664	1785269524.962
60	100.000	0.084	99.997	10.001	4.132	0.664	1785269525.174
61	100.000	0.094	99.999	10.703	4.347	0.664	1785269525.371
62	100.000	-0.037	100.003	9.250	4.553	0.664	1785269525.577
63	100.000	0.035	100.002	6.584	4.893	0.664	1785269525.771
64	100.000	0.184	99.999	4.676	5.738	0.664	1785269526.018
65	100.000	0.073	100.001	7.210	0.471	0.695	1785269526.187
66	100.000	0.102	100.001	10.415	0.801	0.675	1785269526.394
67	100.000	-0.195	100.000	12.684	0.994	0.685	1785269526.577
68	100.000	-0.052	100.002	13.505	1.173	0.684	1785269526.748
69	100.000	-0.236	100.003	13.383	1.333	0.681	1785269526.951
70	100.000	-0.026	99.999	10.582	1.610	0.681	1785269527.200
71	100.000	-0.006	99.999	7.573	2.013	0.680	1785269527.393
72	100.000	-0.077	99.999	5.813	2.651	0.667	1785269527.588
73	100.000	0.017	99.997	6.963	3.615	0.664	1785269527.815
74	100.000	-0.548	100.003	9.203	4.035	0.664	1785269528.001
75	100.000	0.045	100.001	10.561	4.280	0.664	1785269528.268
76	100.000	-0.108	99.999	9.867	4.509	0.664	1785269528.448
77	100.000	0.054	99.997	7.447	4.817	0.664	1785269528.642
78	100.000	0.281	99.997	4.846	5.419	0.664	1785269528.838
79	100.000	-0.388	99.996	5.729	0.235	0.674	1785269529.065
80	100.000	0.096	99.999	8.973	0.713	0.685	1785269529.268
81	100.000	0.151	100.002	12.393	0.964	0.682	1785269529.461
82	100.000	0.152	100.003	13.908	1.120	0.679	1785269529.614
83	100.000	0.059	100.000	13.268	1.292	0.681	1785269529.828
84	100.000	-0.279	100.001	11.854	1.511	0.681	1785269530.019
85	100.000	-0.061	100.002	9.046	1.814	0.686	1785269530.202
86	100.000	0.331	99.999	6.555	2.345	0.679	1785269530.410
87	100.000	-0.256	100.007	6.164	3.255	0.665	1785269530.604
88	100.000	-0.178	100.002	8.000	3.819	0.664	1785269530.818
89	100.000	-0.244	99.998	10.313	4.162	0.664	1785269530.991
90	100.000	-0.168	100.001	10.604	4.332	0.664	1785269531.205
91	100.000	-0.501	100.003	9.317	4.542	0.664	1785269531.394
92	100.000	-0.293	99.999	6.425	4.878	0.664	1785269531.620
93	100.000	-0.113	99.999	4.201	5.781	0.664	1785269531.809
94	100.000	-0.133	99.995	6.163	0.394	0.680	1785269531.993
95	100.000	-0.212	100.005	9.708	0.784	0.680	1785269532.190
96	100.000	0.351	99.996	12.476	1.002	0.682	1785269532.380
97	100.000	-0.081	100.003	13.737	1.167	0.683	1785269532.576
98	100.000	-0.361	100.000	13.442	1.352	0.684	1785269532.774
99	100.000	-0.040	99.998	11.832	1.520	0.683	1785269532.945
100	100.000	-0.429	99.999	8.945	1.809	0.685	1785269533.150
101	100.000	0.158	99.998	6.080	2.476	0.682	1785269533.367
102	100.000	-0.034	99.998	6.177	3.376	0.664	1785269533.533
103	100.000	0.264	100.003	7.835	3.874	0.664	1785269533.745
104	100.000	-0.196	99.998	10.238	4.192	0.664	1785269533.923
105	100.000	-0.509	99.999	10.335	4.380	0.664	1785269534.146
106	100.000	-0.300	99.999	9.667	4.591	0.664	1785269534.317
107	100.000	0.059	99.999	6.821	4.894	0.664	1785269534.511
108	100.000	0.117	100.000	4.725	5.633	0.664	1785269534.714
109	100.000	-0.592	99.998	6.107	0.307	0.676	1785269534.880
110	100.000	0.104	99.998	9.664	0.734	0.681	1785269535.072
111	100.000	-0.351	99.998	12.309	0.937	0.682	1785269535.276
112	100.000	-0.041	100.001	14.095	1.132	0.683	1785269535.455
113	100.000	-0.217	100.000	13.351	1.285	0.683	1785269535.633
114	100.000	-0.173	100.002	12.166	1.454	0.686	1785269535.809
115	100.000	-0.086	100.005	9.450	1.730	0.679	1785269536.003
116	100.000	0.171	100.001	6.693	2.191	0.681	1785269536.194
117	100.000	-0.136	100.003	5.514	2.951	0.693	1785269536.391
118	100.000	-0.121	99.999	7.366	3.734	0.664	1785269536.581
119	100.000	0.276	99.999	9.598	4.084	0.664	1785269536.770
120	100.000	0.148	100.000	10.492	4.318	0.664	1785269536.961
121	100.000	0.188	99.999	10.151	4.495	0.664	1785269537.140
122	100.000	-0.385	99.999	8.399	4.692	0.664	1785269537.344
123	100.000	0.237	100.002	5.307	5.245	0.664	1785269537.573
124	100.000	0.127	100.003	4.893	6.258	0.679	1785269537.771
125	100.000	0.509	99.997	8.106	0.658	0.673	1785269537.961
126	100.000	-0.096	99.999	11.655	0.908	0.682	1785269538.141
127	100.000	0.118	100.001	13.313	1.049	0.683	1785269538.333
128	100.000	-0.061	99.996	14.044	1.234	0.682	1785269538.527
129	100.000	-0.064	99.998	12.693	1.419	0.683	1785269538.687
130	100.000	-0.011	100.000	10.509	1.629	0.685	1785269538.872
131	100.000	-0.382	100.000	7.227	2.079	0.683	1785269539.084
132	100.000	-0.063	100.001	5.668	2.834	0.665	1785269539.254
133	100.000	-0.158	99.999	6.703	3.538	0.664	1785269539.457
134	100.000	-0.098	99.998	9.172	4.003	0.664	1785269539.640
135	100.000	0.145	99.996	10.694	4.229	0.664	1785269539.817
136	100.000	-0.086	100.003	10.800	4.406	0.664	1785269540.013
137	100.000	0.383	99.999	9.191	4.637	0.664	1785269540.197
138	100.000	0.194	99.999	6.563	4.942	0.664	1785269540.381
139	100.000	0.114	100.000	4.507	5.625	0.664	1785269540.580
140	100.000	0.229	99.999	6.116	0.375	0.687	1785269540.775
141	100.000	0.053	99.995	10.432	0.823	0.675	1785269541.034
142	100.000	0.110	100.001	13.752	1.071	0.681	1785269541.272
143	100.000	-0.049	99.997	14.232	1.250	0.681	1785269541.470
144	100.000	0.058	99.998	12.505	1.440	0.681	1785269541.700
145	100.000	0.034	100.004	9.317	1.768	0.687	1785269541.893
146	100.000	0.223	99.999	6.385	2.293	0.678	1785269542.078
147	100.000	0.307	100.002	5.618	3.179	0.670	1785269542.264
148	100.000	-0.228	100.000	7.240	3.786	0.664	1785269542.450
149	100.000	0.044	100.001	9.750	4.145	0.664	1785269542.693
150	100.000	-0.382	99.997	10.783	4.360	0.664	1785269542.891
151	100.000	0.128	100.002	9.711	4.562	0.664	1785269543.061
152	100.000	-0.063	100.000	7.195	4.854	0.664	1785269543.268
153	100.000	-0.202	100.002	4.771	5.567	0.664	1785269543.443
154	100.000	-0.038	99.999	5.531	0.221	0.664	1785269543.645
155	100.000	0.056	100.000	9.000	0.716	0.680	1785269543.819
156	100.000	-0.229	99.998	11.596	0.925	0.682	1785269543.989
157	100.000	-0.314	99.999	14.015	1.087	0.681	1785269544.207
158	100.000	0.008	99.999	14.445	1.251	0.681	1785269544.364
159	100.000	0.262	100.003	12.946	1.427	0.689	1785269544.589
160	100.000	-0.340	99.998	9.648	1.742	0.687	1785269544.830
161	100.000	-0.527	100.001	6.379	2.342	0.675	1785269545.031
162	100.000	0.378	100.000	6.103	3.326	0.664	1785269545.270
163	100.000	-0.083	100.000	8.709	3.972	0.664	1785269545.518
164	100.000	0.044	100.004	10.340	4.203	0.664	1785269545.697
165	100.000	-0.066	100.005	10.329	4.422	0.664	1785269545.893
166	100.000	-0.632	99.998	8.630	4.602	0.664	1785269546.054
167	100.000	-0.165	100.003	6.256	4.928	0.664	1785269546.249
168	100.000	0.227	99.999	4.238	5.745	0.664	1785269546.430
169	100.000	0.223	100.003	6.194	0.360	0.684	1785269546.613
170	100.000	0.177	99.999	9.879	0.750	0.688	1785269546.821
171	100.000	-0.016	100.002	13.370	0.980	0.681	1785269547.013
172	100.000	-0.230	100.001	14.373	1.113	0.683	1785269547.203
173	100.000	-0.179	100.001	14.215	1.282	0.684	1785269547.388
174	100.000	-0.516	100.001	12.469	1.467	0.678	1785269547.581
175	100.000	0.269	99.998	8.887	1.792	0.686	1785269547.803
176	100.000	-0.037	100.001	5.900	2.434	0.677	1785269548.005
177	100.000	0.020	99.996	6.108	3.340	0.664	1785269548.191
178	100.000	-0.083	99.998	7.894	3.807	0.664	1785269548.366
179	100.000	0.066	99.999	9.675	4.103	0.664	1785269548.566
180	100.000	0.167	100.002	10.367	4.311	0.664	1785269548.764
181	100.000	-0.154	100.002	9.277	4.538	0.664	1785269548.967
182	100.000	-0.350	100.004	6.460	4.900	0.664	1785269549.191
183	100.000	0.044	100.006	4.632	5.853	0.664	1785269549.354
184	100.000	0.253	100.002	6.556	0.452	0.668	1785269549.565
185	100.000	-0.117	100.003	10.340	0.809	0.683	1785269549.774
186	100.000	-0.122	100.000	13.015	0.999	0.680	1785269549.965
187	100.000	-0.155	100.000	14.669	1.143	0.683	1785269550.146
188	100.000	0.311	100.003	14.241	1.280	0.680	1785269550.337
189	100.000	-0.235	100.001	11.771	1.520	0.685	1785269550.581
190	100.000	-0.118	99.996	8.388	1.883	0.681	1785269550.750
191	100.000	-0.039	99.996	5.714	2.461	0.686	1785269550.956
192	100.000	-0.305	100.000	5.935	3.370	0.667	1785269551.139
193	100.000	-0.265	100.001	7.985	3.894	0.664	1785269551.339
194	100.000	0.138	99.999	9.976	4.153	0.664	1785269551.519
195	100.000	0.062	100.001	10.381	4.357	0.664	1785269551.726
196	100.000	-0.129	100.005	9.114	4.605	0.664	1785269551.913
197	100.000	0.135	100.001	6.273	4.947	0.664	1785269552.096
198	100.000	0.203	99.997	4.445	5.680	0.664	1785269552.272
199	100.000	0.065	100.001	5.960	0.281	0.675	1785269552.465
200	100.000	0.057	100.002	10.102	0.746	0.674	1785269552.676
201	100.000	0.035	99.996	13.257	0.952	0.683	1785269552.894
202	100.000	-0.291	100.001	14.741	1.123	0.682	1785269553.078
203	100.000	-0.032	99.999	14.282	1.259	0.681	1785269553.280
204	100.000	0.075	100.002	11.953	1.492	0.686	1785269553.474
205	100.000	-0.034	99.998	9.051	1.779	0.684	1785269553.666
206	100.000	0.144	99.997	5.874	2.529	0.681	1785269553.902
207	100.000	0.040	100.002	6.358	3.425	0.664	1785269554.076
208	100.000	0.053	99.999	8.521	3.910	0.664	1785269554.256
209	100.000	0.169	100.000	10.134	4.163	0.664	1785269554.453
210	100.000	-0.338	100.002	10.218	4.347	0.664	1785269554.635
211	100.000	-0.115	100.007	9.202	4.538	0.664	1785269554.821
212	100.000	0.345	99.995	6.105	4.878	0.664	1785269555.041
213	100.000	-0.222	100.005	4.492	5.681	0.664	1785269555.202
214	100.000	-0.181	100.002	5.707	0.275	0.687	1785269555.393
215	100.000	-0.270	99.998	9.562	0.719	0.675	1785269555.615
216	100.000	0.125	99.997	13.472	0.975	0.684	1785269555.845
217	100.000	-0.327	100.001	14.811	1.142	0.684	1785269556.042
218	100.000	0.340	100.003	13.949	1.323	0.680	1785269556.291
219	100.000	-0.092	100.001	11.445	1.574	0.674	1785269556.469
220	100.000	0.280	99.999	7.859	1.923	0.685	1785269556.653
221	100.000	0.014	100.001	5.624	2.623	0.686	1785269556.853
222	100.000	-0.129	99.999	6.495	3.463	0.664	1785269557.026
223	100.000	0.026	99.999	9.108	3.916	0.664	1785269557.234
224	100.000	0.132	100.001	10.626	4.204	0.664	1785269557.435
225	100.000	-0.359	100.002	10.177	4.378	0.664	1785269557.658
226	100.000	-0.244	100.002	7.959	4.612	0.664	1785269557.868
227	100.000	0.248	99.999	4.618	5.230	0.664	1785269558.080
228	100.000	0.262	100.004	5.043	0.121	0.677	1785269558.294
229	100.000	-0.200	99.999	8.678	0.673	0.683	1785269558.491
230	100.000	-0.032	100.000	12.616	0.934	0.685	1785269558.720
231	100.000	0.153	100.002	14.361	1.086	0.683	1785269558.934
232	100.000	0.054	100.002	14.288	1.261	0.683	1785269559.178
233	100.000	-0.006	100.004	11.881	1.502	0.685	1785269559.370
234	100.000	0.124	99.998	8.946	1.770	0.686	1785269559.527
235	100.000	0.120	100.005	6.034	2.322	0.694	1785269559.729
236	100.000	0.023	100.001	5.932	3.358	0.664	1785269559.932
237	100.000	-0.297	100.002	7.800	3.828	0.664	1785269560.099
238	100.000	0.034	100.001	10.061	4.162	0.664	1785269560.273
239	100.000	-0.121	100.002	11.006	4.314	0.664	1785269560.477
240	100.000	0.334	100.001	9.461	4.475	0.664	1785269560.662
241	100.000	0.091	99.997	7.053	4.741	0.664	1785269560.868
242	100.000	0.066	100.001	3.866	5.636	0.664	1785269561.102
243	100.000	0.042	100.004	5.998	0.416	0.681	1785269561.295
244	100.000	0.221	99.999	9.876	0.800	0.685	1785269561.495
245	100.000	0.289	100.003	13.372	1.001	0.683	1785269561.730
246	100.000	-0.297	100.003	14.533	1.165	0.683	1785269561.911
247	100.000	0.352	99.999	14.119	1.309	0.684	1785269562.090
248	100.000	0.238	100.005	12.088	1.488	0.688	1785269562.282
249	100.000	0.437	99.999	8.755	1.838	0.686	1785269562.485
250	100.000	-0.279	99.997	6.010	2.429	0.692	1785269562.659
251	100.000	-0.136	99.998	6.098	3.317	0.664	1785269562.849
252	100.000	0.020	100.000	8.276	3.815	0.664	1785269563.039
253	100.000	-0.275	100.003	10.296	4.116	0.664	1785269563.267
254	100.000	0.286	99.997	10.254	4.312	0.664	1785269563.473
255	100.000	-0.236	100.003	8.528	4.529	0.664	1785269563.712
256	100.000	0.195	99.995	4.509	5.186	0.664	1785269563.972
257	100.000	0.230	100.002	5.486	0.362	0.700	1785269564.202
258	100.000	0.158	100.002	10.017	0.782	0.688	1785269564.399
259	100.000	-0.154	99.999	13.350	0.981	0.680	1785269564.629
260	100.000	-0.046	99.999	14.867	1.145	0.682	1785269564.844
261	100.000	0.281	100.003	13.995	1.339	0.681	1785269565.099
262	100.000	-0.025	99.997	10.700	1.606	0.684	1785269565.337
263	100.000	-0.016	100.003	6.369	2.254	0.681	1785269565.556
264	100.000	0.113	100.000	5.701	3.189	0.687	1785269565.763
265	100.000	0.160	100.004	8.157	3.844	0.664	1785269565.965
266	100.000	0.038	100.002	10.238	4.113	0.664	1785269566.134
267	100.000	0.239	100.000	11.006	4.248	0.664	1785269566.317
268	100.000	0.218	100.002	9.879	4.450	0.664	1785269566.496
269	100.000	0.303	99.999	7.389	4.711	0.664	1785269566.718
270	100.000	-0.235	99.999	3.896	5.541	0.664	1785269566.950
271	100.000	0.021	100.002	6.313	0.492	0.681	1785269567.186
272	100.000	0.121	100.002	10.488	0.846	0.685	1785269567.383
273	100.000	-0.129	100.004	13.448	1.008	0.683	1785269567.554
274	100.000	-0.053	99.998	14.546	1.157	0.684	1785269567.769
275	100.000	0.207	99.997	13.866	1.304	0.683	1785269567.950
276	100.000	-0.286	100.002	11.590	1.508	0.684	1785269568.138
277	100.000	0.040	100.003	8.564	1.812	0.680	1785269568.329
278	100.000	-0.203	99.999	5.702	2.421	0.691	1785269568.492
279	100.000	-0.023	100.002	5.893	3.274	0.666	1785269568.692
280	100.000	-0.217	100.002	8.070	3.802	0.664	1785269568.864
281	100.000	-0.345	100.000	9.958	4.109	0.664	1785269569.063
282	100.000	0.092	100.000	10.493	4.291	0.664	1785269569.251
283	100.000	0.387	99.999	9.742	4.441	0.664	1785269569.459
284	100.000	-0.273	100.002	6.665	4.702	0.664	1785269569.652
285	100.000	-0.053	99.997	3.540	5.693	0.664	1785269569.876
286	100.000	-0.048	100.000	5.829	0.481	0.699	1785269570.076
287	100.000	-0.309	100.000	10.218	0.841	0.678	1785269570.265
288	100.000	0.096	100.001	12.996	0.984	0.683	1785269570.439
289	100.000	-0.460	100.004	14.264	1.100	0.684	1785269570.624
290	100.000	-0.159	99.997	14.401	1.225	0.684	1785269570.800
291	100.000	0.215	100.001	12.870	1.389	0.683	1785269571.010
292	100.000	0.065	99.998	9.524	1.668	0.686	1785269571.206
293	100.000	0.264	99.998	5.612	2.266	0.694	1785269571.450
294	100.000	0.198	99.999	5.634	3.375	0.664	1785269571.640
295	100.000	-0.367	100.002	8.247	3.911	0.664	1785269571.814
296	100.000	-0.159	99.996	10.114	4.166	0.664	1785269571.988
297	100.000	-0.011	100.002	10.680	4.327	0.664	1785269572.181
298	100.000	0.279	100.000	9.894	4.487	0.664	1785269572.360
299	100.000	0.103	99.995	7.299	4.718	0.664	1785269572.584
300	100.000	0.233	99.998	4.132	5.356	0.667	1785269572.747
301	100.000	0.187	99.999	4.989	0.239	0.673	1785269572.955
302	100.000	-0.221	100.000	9.125	0.745	0.682	1785269573.150
303	100.000	-0.237	99.998	12.734	0.947	0.683	1785269573.375
304	100.000	0.167	99.996	14.328	1.106	0.684	1785269573.561
305	100.000	-0.004	100.002	14.166	1.244	0.683	1785269573.750
306	100.000	-0.075	100.001	12.088	1.430	0.684	1785269573.936
307	100.000	0.026	99.999	8.900	1.685	0.685	1785269574.130
308	100.000	-0.022	100.004	5.437	2.270	0.686	1785269574.318
309	100.000	-0.062	100.000	5.281	3.192	0.664	1785269574.510
310	100.000	0.098	99.999	7.349	3.787	0.664	1785269574.698
311	100.000	0.449	100.004	9.866	4.113	0.664	1785269574.896
312	100.000	-0.079	99.998	10.993	4.318	0.664	1785269575.096
313	100.000	-0.276	100.000	9.932	4.472	0.664	1785269575.278
314	100.000	-0.198	99.998	7.204	4.671	0.664	1785269575.445
315	100.000	0.051	100.003	4.132	5.230	0.664	1785269575.653
316	100.000	-0.201	100.002	4.479	0.157	0.664	1785269575.833
317	100.000	-0.126	100.003	8.259	0.715	0.676	1785269575.999
318	100.000	-0.138	100.000	11.597	0.904	0.682	1785269576.198
319	100.000	-0.168	100.000	14.175	1.063	0.680	1785269576.384
320	100.000	0.185	100.000	14.373	1.195	0.682	1785269576.607
321	100.000	-0.570	99.998	12.469	1.393	0.681	1785269576.853
322	100.000	-0.236	99.996	8.562	1.735	0.683	1785269577.103
323	100.000	-0.065	100.004	5.040	2.509	0.692	1785269577.291
324	100.000	-0.057	99.998	5.549	3.458	0.664	1785269577.467
325	100.000	0.019	100.002	8.323	3.925	0.664	1785269577.657
326	100.000	0.299	99.999	10.117	4.156	0.664	1785269577.845
327	100.000	-0.229	99.999	10.804	4.328	0.664	1785269578.030
328	100.000	0.058	100.003	10.025	4.485	0.664	1785269578.218
329	100.000	0.093	100.001	7.147	4.696	0.664	1785269578.382
330	100.000	0.071	100.005	3.975	5.310	0.664	1785269578.588
331	100.000	-0.129	99.998	4.662	0.205	0.697	1785269578.771
332	100.000	-0.029	100.003	8.239	0.743	0.677	1785269578.944
333	100.000	0.566	100.001	11.373	0.919	0.688	1785269579.148
334	100.000	-0.131	99.998	13.677	1.067	0.683	1785269579.321
335	100.000	-0.359	100.002	14.054	1.192	0.683	1785269579.497
336	100.000	0.329	100.002	12.828	1.341	0.682	1785269579.730
337	100.000	-0.106	99.999	8.944	1.638	0.684	1785269579.967
338	100.000	-0.302	100.002	5.253	2.278	0.696	1785269580.137
339	100.000	0.267	99.995	4.834	3.207	0.674	1785269580.334
340	100.000	-0.227	100.001	7.499	3.839	0.664	1785269580.517
341	100.000	0.198	100.000	9.733	4.079	0.664	1785269580.698
342	100.000	0.039	99.999	10.875	4.251	0.664	1785269580.893
343	100.000	0.023	100.005	10.277	4.435	0.664	1785269581.082
344	100.000	0.137	99.999	8.111	4.597	0.664	1785269581.268
345	100.000	-0.239	100.003	4.796	4.965	0.664	1785269581.466
346	100.000	-0.041	99.996	3.396	6.240	0.687	1785269581.658
347	100.000	-0.310	100.000	6.583	0.686	0.686	1785269581.835
348	100.000	-0.117	100.001	10.566	0.935	0.679	1785269582.033
349	100.000	-0.036	100.000	12.802	1.076	0.687	1785269582.197
350	100.000	0.223	100.000	13.874	1.198	0.681	1785269582.406
351	100.000	0.203	100.000	12.770	1.332	0.686	1785269582.592
352	100.000	-0.112	100.001	10.571	1.543	0.688	1785269582.778
353	100.000	0.415	100.002	7.418	1.860	0.681	1785269582.957
354	100.000	0.187	100.002	5.039	2.554	0.686	1785269583.122
355	100.000	0.204	99.996	5.868	3.451	0.669	1785269583.332
356	100.000	0.198	100.000	8.576	3.954	0.664	1785269583.519
357	100.000	0.018	100.000	10.640	4.170	0.664	1785269583.733
358	100.000	-0.207	99.999	10.646	4.365	0.664	1785269583.995
359	100.000	-0.052	100.001	8.008	4.598	0.664	1785269584.214
360	100.000	-0.239	99.997	4.246	5.032	0.664	1785269584.434
361	100.000	0.233	99.998	3.690	0.231	0.687	1785269584.628
362	100.000	0.664	100.002	8.024	0.829	0.676	1785269584.807
363	100.000	-0.294	100.000	11.018	0.977	0.684	1785269585.005
364	100.000	0.037	99.995	13.637	1.124	0.680	1785269585.193
365	100.000	0.055	99.996	13.830	1.245	0.684	1785269585.379
366	100.000	-0.097	100.004	12.430	1.398	0.689	1785269585.556
367	100.000	-0.164	100.002	10.084	1.594	0.683	1785269585.741
368	100.000	0.135	99.999	6.894	1.933	0.688	1785269585.925
369	100.000	-0.275	99.997	4.900	2.760	0.681	1785269586.105
370	100.000	-0.175	100.000	6.128	3.574	0.664	1785269586.278
371	100.000	0.162	100.001	8.918	4.016	0.664	1785269586.476
372	100.000	0.029	100.004	10.557	4.236	0.664	1785269586.701
373	100.000	0.070	100.003	10.296	4.429	0.664	1785269586.925
374	100.000	-0.063	100.004	7.744	4.636	0.664	1785269587.127
375	100.000	0.221	100.002	4.632	5.030	0.664	1785269587.286
376	100.000	0.295	99.995	3.285	6.085	0.664	1785269587.469
377	100.000	-0.016	99.996	6.677	0.668	0.680	1785269587.672
378	100.000	-0.220	99.997	11.104	0.974	0.682	1785269587.941
379	100.000	-0.234	99.993	14.070	1.131	0.680	1785269588.125
380	100.000	0.262	100.001	14.069	1.244	0.684	1785269588.315
381	100.000	0.010	99.999	12.395	1.393	0.686	1785269588.492
382	100.000	-0.217	100.000	9.657	1.600	0.688	1785269588.700
383	100.000	0.129	99.998	5.964	2.089	0.684	1785269588.948
384	100.000	-0.052	99.999	5.373	3.312	0.664	1785269589.190
385	100.000	-0.472	100.002	8.259	3.942	0.664	1785269589.367
386	100.000	-0.085	99.996	9.808	4.174	0.664	1785269589.568
387	100.000	-0.039	100.000	10.411	4.388	0.664	1785269589.805
388	100.000	-0.012	99.998	8.605	4.545	0.664	1785269590.000
389	100.000	-0.136	99.999	5.487	4.872	0.664	1785269590.180
390	100.000	0.037	99.999	3.258	5.845	0.664	1785269590.359
391	100.000	0.758	100.001	5.368	0.543	0.686	1785269590.564
392	100.000	0.251	100.002	9.717	0.879	0.687	1785269590.748
393	100.000	-0.386	100.003	13.085	1.047	0.681	1785269590.940
394	100.000	-0.105	100.000	14.139	1.172	0.683	1785269591.117
395	100.000	-0.023	100.000	13.667	1.289	0.684	1785269591.325
396	100.000	-0.002	100.000	11.063	1.494	0.681	1785269591.557
397	100.000	-0.189	100.003	7.607	1.811	0.685	1785269591.735
398	100.000	-0.013	100.000	4.650	2.483	0.700	1785269591.934
399	100.000	-0.006	99.999	5.453	3.457	0.664	1785269592.132
400	100.000	-0.337	100.000	8.709	4.004	0.664	1785269592.308
401	100.000	-0.561	100.002	10.402	4.199	0.664	1785269592.514
402	100.000	0.385	100.001	10.538	4.372	0.664	1785269592.750
403	100.000	-0.035	99.998	8.037	4.562	0.664	1785269593.004
404	100.000	0.133	100.000	3.961	5.135	0.664	1785269593.191
405	100.000	0.009	100.002	3.739	0.144	0.688	1785269593.371
406	100.000	-0.122	99.999	7.492	0.786	0.681	1785269593.574
407	100.000	0.072	99.995	11.833	0.999	0.683	1785269593.825
408	100.000	-0.041	99.995	14.163	1.158	0.681	1785269594.059
409	100.000	-0.143	100.000	13.963	1.286	0.681	1785269594.244
410	100.000	-0.072	100.003	11.882	1.455	0.681	1785269594.430
411	100.000	-0.023	100.001	8.445	1.692	0.687	1785269594.611
412	100.000	-0.312	100.001	5.317	2.265	0.684	1785269594.800
413	100.000	-0.089	99.999	4.887	3.293	0.667	1785269594.977
414	100.000	0.175	100.003	7.533	3.875	0.664	1785269595.175
415	100.000	-0.189	100.001	9.529	4.117	0.664	1785269595.369
416	100.000	0.156	100.002	10.591	4.306	0.664	1785269595.546
417	100.000	0.066	100.002	9.799	4.442	0.664	1785269595.737
418	100.000	-0.399	99.999	7.236	4.657	0.664	1785269595.930
419	100.000	0.267	99.995	3.863	5.147	0.664	1785269596.120
420	100.000	0.220	100.002	3.691	0.261	0.664	1785269596.308
421	100.000	-0.064	99.999	8.031	0.827	0.684	1785269596.511
422	100.000	0.128	99.999	12.086	1.017	0.683	1785269596.751
423	100.000	0.203	99.999	14.729	1.172	0.683	1785269597.000
424	100.000	-0.089	100.002	14.092	1.326	0.682	1785269597.170
425	100.000	0.084	99.998	11.756	1.476	0.681	1785269597.381
426	100.000	-0.133	100.001	8.160	1.779	0.682	1785269597.557
427	100.000	-0.005	100.004	5.188	2.286	0.693	1785269597.746
428	100.000	-0.320	99.996	4.745	3.264	0.664	1785269597.921
429	100.000	-0.207	100.002	7.164	3.898	0.664	1785269598.086
430	100.000	-0.131	100.002	9.196	4.157	0.664	1785269598.285
431	100.000	0.142	99.998	10.480	4.330	0.664	1785269598.470
432	100.000	-0.021	100.005	9.589	4.465	0.664	1785269598.664
433	100.000	-0.227	99.998	7.342	4.686	0.664	1785269598.883
434	100.000	-0.481	100.002	3.870	5.188	0.664	1785269599.064
435	100.000	-0.019	100.001	3.983	0.253	0.689	1785269599.262
436	100.000	0.018	100.003	8.057	0.824	0.677	1785269599.439
437	100.000	0.060	99.997	11.863	1.018	0.683	1785269599.648
438	100.000	0.215	100.000	14.243	1.140	0.685	1785269599.808
439	100.000	-0.110	100.000	14.791	1.235	0.683	1785269600.007
440	100.000	-0.683	100.000	13.466	1.366	0.685	1785269600.188
441	100.000	0.366	99.996	10.495	1.534	0.684	1785269600.391
442	100.000	-0.073	100.006	6.178	1.979	0.683	1785269600.639
443	100.000	-0.210	100.002	4.322	3.068	0.664	1785269600.833
444	100.000	0.054	99.998	6.492	3.748	0.664	1785269601.001
445	100.000	0.111	99.999	8.859	4.126	0.664	1785269601.204
446	100.000	-0.098	99.998	10.198	4.305	0.664	1785269601.365
447	100.000	0.205	100.001	9.717	4.422	0.664	1785269601.572
448	100.000	-0.548	100.000	7.091	4.609	0.664	1785269601.774
449	100.000	0.004	99.999	3.548	5.168	0.664	1785269602.007
450	100.000	-0.017	100.001	3.829	0.352	0.683	1785269602.197
451	100.000	-0.143	100.000	8.174	0.877	0.678	1785269602.389
452	100.000	0.260	100.001	11.630	1.014	0.688	1785269602.587
453	100.000	-0.165	99.998	14.241	1.163	0.684	1785269602.805
454	100.000	0.313	100.001	14.412	1.285	0.681	1785269603.006
455	100.000	-0.495	100.005	12.326	1.435	0.684	1785269603.196
456	100.000	0.058	99.999	8.968	1.636	0.685	1785269603.398
457	100.000	-0.038	100.001	5.705	2.051	0.686	1785269603.577
458	100.000	-0.283	100.001	4.175	3.129	0.664	1785269603.768
459	100.000	-0.145	100.001	6.522	3.853	0.664	1785269603.955
460	100.000	0.367	100.001	8.932	4.190	0.664	1785269604.140
461	100.000	0.487	100.000	10.071	4.342	0.664	1785269604.318
462	100.000	-0.172	100.001	9.493	4.460	0.664	1785269604.533
463	100.000	0.101	100.001	6.516	4.673	0.664	1785269604.765
464	100.000	-0.143	100.002	3.124	5.355	0.664	1785269604.956
465	100.000	-0.219	100.001	4.103	0.500	0.664	1785269605.144
466	100.000	0.094	99.999	8.748	0.917	0.685	1785269605.381
467	100.000	-0.146	100.003	12.691	1.094	0.686	1785269605.583
468	100.000	-0.465	99.999	14.447	1.216	0.681	1785269605.824
469	100.000	0.036	100.001	13.463	1.334	0.689	1785269606.015
470	100.000	0.005	100.001	11.248	1.499	0.683	1785269606.217
471	100.000	-0.061	100.002	6.777	1.844	0.682	1785269606.449
472	100.000	-0.038	99.998	4.052	2.793	0.664	1785269606.633
473	100.000	0.098	100.001	6.010	3.809	0.664	1785269606.899
474	100.000	0.239	100.004	9.229	4.169	0.664	1785269607.060
475	100.000	0.124	99.995	10.119	4.327	0.664	1785269607.279
476	100.000	0.090	100.003	9.015	4.494	0.664	1785269607.515
477	100.000	0.219	100.003	5.597	4.763	0.664	1785269607.780
478	100.000	-0.045	100.001	3.011	0.083	0.673	1785269607.994
479	100.000	-0.023	100.001	7.071	0.828	0.683	1785269608.197
480	100.000	0.058	100.003	11.138	1.020	0.683	1785269608.377
481	100.000	0.007	100.000	13.477	1.128	0.681	1785269608.560
482	100.000	0.098	99.999	14.462	1.231	0.684	1785269608.766
483	100.000	0.019	100.002	13.687	1.344	0.684	1785269608.942
484	100.000	-0.094	99.999	11.441	1.471	0.680	1785269609.127
485	100.000	-0.139	100.002	8.065	1.702	0.685	1785269609.328
486	100.000	0.150	100.001	4.203	2.430	0.700	1785269609.529
487	100.000	-0.184	100.001	4.983	3.628	0.664	1785269609.763
488	100.000	-0.018	100.002	8.495	4.154	0.664	1785269610.005
489	100.000	0.302	99.995	9.873	4.357	0.664	1785269610.202
490	100.000	0.416	100.001	9.095	4.475	0.664	1785269610.406
491	100.000	0.057	100.000	6.643	4.704	0.664	1785269610.617
492	100.000	-0.049	99.999	3.175	5.476	0.664	1785269610.860
493	100.000	0.009	99.999	5.023	0.575	0.669	1785269611.062
494	100.000	0.145	99.998	9.120	0.910	0.684	1785269611.216
495	100.000	0.009	99.997	12.419	1.054	0.681	1785269611.447
496	100.000	0.053	100.001	13.999	1.162	0.684	1785269611.678
497	100.000	0.099	99.999	13.067	1.310	0.685	1785269611.913
498	100.000	-0.065	100.004	9.656	1.523	0.687	1785269612.143
499	100.000	-0.419	100.000	5.362	1.991	0.689	1785269612.360
500	100.000	0.245	100.000	3.788	3.110	0.664	1785269612.537
501	100.000	0.075	99.998	6.100	3.822	0.664	1785269612.717
502	100.000	0.037	100.000	8.894	4.185	0.664	1785269612.900
503	100.000	-0.313	100.004	10.332	4.313	0.664	1785269613.102
504	100.000	0.125	100.002	10.015	4.445	0.664	1785269613.292
505	100.000	-0.130	100.002	7.710	4.621	0.664	1785269613.482
506	100.000	0.265	100.000	4.495	5.038	0.664	1785269613.669
507	100.000	0.047	100.000	3.410	6.238	0.664	1785269613.869
508	100.000	0.153	99.999	6.902	0.763	0.679	1785269614.046
509	100.000	-0.395	100.000	10.303	0.963	0.683	1785269614.225
510	100.000	0.122	99.999	13.099	1.090	0.680	1785269614.452
511	100.000	-0.196	100.002	14.283	1.214	0.680	1785269614.637
512	100.000	0.063	99.999	12.804	1.341	0.684	1785269614.886
513	100.000	-0.002	100.001	8.804	1.556	0.681	1785269615.125
514	100.000	0.102	100.001	4.596	2.100	0.688	1785269615.311
515	100.000	0.033	99.996	4.139	3.405	0.664	1785269615.486
516	100.000	0.033	100.000	7.077	3.986	0.664	1785269615.677
517	100.000	-0.160	100.000	9.876	4.245	0.664	1785269615.843
518	100.000	-0.522	99.999	10.520	4.360	0.664	1785269616.045
519	100.000	-0.110	100.000	10.361	4.502	0.664	1785269616.270
520	100.000	-0.100	99.999	7.075	4.719	0.664	1785269616.503
521	100.000	0.070	100.000	3.356	5.626	0.664	1785269616.702
522	100.000	0.081	100.000	4.538	0.426	0.697	1785269616.869
523	100.000	-0.161	100.002	8.113	0.826	0.686	1785269617.054
524	100.000	0.003	99.999	11.649	1.021	0.683	1785269617.267
525	100.000	0.147	100.001	13.773	1.143	0.682	1785269617.523
526	100.000	0.290	99.998	12.630	1.292	0.681	1785269617.754
527	100.000	0.211	100.005	9.654	1.476	0.681	1785269617.940
528	100.000	0.012	100.003	5.649	1.802	0.688	1785269618.114
529	100.000	-0.078	100.001	3.537	2.864	0.675	1785269618.331
530	100.000	-0.281	99.997	5.476	3.797	0.664	1785269618.505
531	100.000	-0.097	99.995	8.513	4.137	0.664	1785269618.695
532	100.000	-0.192	100.002	10.570	4.307	0.664	1785269618.880
533	100.000	-0.193	99.997	10.859	4.436	0.664	1785269619.082
534	100.000	-0.207	99.999	9.044	4.569	0.664	1785269619.276
535	100.000	0.009	99.999	5.415	4.877	0.664	1785269619.500
536	100.000	-0.199	100.000	2.958	5.909	0.664	1785269619.675
537	100.000	-0.192	99.997	5.811	0.689	0.680	1785269619.880
538	100.000	-0.297	99.997	9.844	0.976	0.684	1785269620.073
539	100.000	-0.032	100.004	12.411	1.098	0.686	1785269620.265
540	100.000	-0.270	100.000	13.672	1.212	0.683	1785269620.436
541	100.000	0.061	100.005	12.945	1.320	0.683	1785269620.630
542	100.000	0.283	100.000	10.495	1.477	0.683	1785269620.829
543	100.000	-0.393	100.002	6.552	1.751	0.690	1785269621.025
544	100.000	-0.164	99.999	3.354	2.559	0.670	1785269621.200
545	100.000	-0.168	99.999	4.767	3.656	0.664	1785269621.379
546	100.000	-0.263	100.002	8.238	4.120	0.664	1785269621.580
547	100.000	-0.129	100.000	10.280	4.266	0.664	1785269621.741
548	100.000	0.031	99.997	11.051	4.428	0.664	1785269621.943
549	100.000	0.093	100.001	9.978	4.529	0.664	1785269622.115
550	100.000	0.453	99.999	7.418	4.710	0.664	1785269622.323
551	100.000	0.145	100.002	3.639	5.337	0.664	1785269622.585
552	100.000	-0.129	100.004	4.892	0.502	0.684	1785269622.740
553	100.000	0.053	100.000	8.705	0.902	0.683	1785269622.958
554	100.000	0.266	99.998	11.682	1.066	0.687	1785269623.146
555	100.000	0.295	100.004	13.283	1.178	0.684	1785269623.322
556	100.000	0.064	100.001	12.845	1.278	0.682	1785269623.508
557	100.000	0.440	100.001	10.694	1.409	0.682	1785269623.689
558	100.000	-0.487	99.998	7.496	1.654	0.682	1785269623.863
559	100.000	0.262	100.000	3.865	2.298	0.695	1785269624.077
560	100.000	-0.063	100.002	4.519	3.550	0.664	1785269624.226
561	100.000	-0.023	100.000	7.190	3.981	0.664	1785269624.433
562	100.000	-0.347	99.997	10.272	4.236	0.664	1785269624.635
563	100.000	-0.156	100.006	11.144	4.375	0.664	1785269624.813
564	100.000	0.013	100.003	10.440	4.482	0.664	1785269624.991
565	100.000	-0.278	100.001	7.924	4.616	0.664	1785269625.215
566	100.000	0.031	99.998	3.377	5.298	0.664	1785269625.451
567	100.000	-0.245	99.999	5.185	0.613	0.675	1785269625.688
568	100.000	0.405	100.004	9.561	0.983	0.681	1785269625.899
569	100.000	0.405	100.004	12.366	1.094	0.682	1785269626.104
570	100.000	0.073	99.999	13.509	1.221	0.682	1785269626.335
571	100.000	0.316	99.997	11.648	1.388	0.680	1785269626.592
572	100.000	0.163	100.004	7.706	1.618	0.688	1785269626.785
573	100.000	0.090	99.999	4.483	2.182	0.683	1785269626.965
574	100.000	-0.215	99.998	4.382	3.525	0.665	1785269627.153
575	100.000	0.149	99.999	7.151	3.963	0.664	1785269627.316
576	100.000	0.167	100.000	9.807	4.206	0.664	1785269627.502
577	100.000	0.250	99.999	11.154	4.356	0.664	1785269627.688
578	100.000	-0.582	99.998	10.605	4.452	0.664	1785269627.889
579	100.000	-0.125	99.997	8.502	4.629	0.664	1785269628.080
580	100.000	-0.397	100.002	4.926	4.917	0.664	1785269628.279
581	100.000	-0.205	99.997	3.043	6.152	0.664	1785269628.470
582	100.000	0.275	100.003	6.361	0.736	0.683	1785269628.654
583	100.000	0.193	100.002	10.073	0.964	0.677	1785269628.847
584	100.000	-0.088	99.997	12.908	1.111	0.678	1785269629.058
585	100.000	0.304	100.001	13.537	1.216	0.684	1785269629.239
586	100.000	0.139	99.999	12.362	1.326	0.682	1785269629.441
587	100.000	-0.176	99.997	8.982	1.490	0.688	1785269629.610
588	100.000	-0.168	100.001	5.308	1.844	0.690	1785269629.806
589	100.000	0.126	99.998	3.204	3.047	0.679	1785269629.990
590	100.000	-0.055	100.003	6.356	3.927	0.664	1785269630.209
591	100.000	-0.201	99.998	9.910	4.214	0.664	1785269630.461
592	100.000	0.074	100.006	11.328	4.362	0.664	1785269630.679
593	100.000	-0.285	100.001	10.060	4.508	0.664	1785269630.879
594	100.000	-0.078	99.997	7.081	4.669	0.664	1785269631.074
595	100.000	0.128	100.002	3.851	5.105	0.664	1785269631.279
596	100.000	-0.111	99.998	4.022	0.469	0.661	1785269631.467
597	100.000	-0.552	100.001	7.598	0.896	0.681	1785269631.652
598	100.000	-0.152	100.001	11.222	1.060	0.680	1785269631.844
599	100.000	-0.158	100.003	13.033	1.138	0.684	1785269632.045
600	100.000	0.350	100.002	13.179	1.254	0.682	1785269632.226
601	100.000	-0.094	100.001	11.267	1.367	0.685	1785269632.407
602	100.000	-0.181	100.002	8.287	1.515	0.685	1785269632.576
603	100.000	-0.101	99.998	4.292	1.994	0.680	1785269632.769
604	100.000	-0.217	100.003	3.630	3.342	0.664	1785269632.953
605	100.000	-0.226	100.000	7.124	4.036	0.664	1785269633.163
606	100.000	0.221	99.999	10.076	4.240	0.664	1785269633.356
607	100.000	-0.247	99.998	11.598	4.351	0.664	1785269633.553
608	100.000	0.297	100.005	11.037	4.434	0.664	1785269633.721
609	100.000	-0.139	99.998	9.189	4.566	0.664	1785269633.905
610	100.000	0.008	99.997	5.549	4.807	0.664	1785269634.096
611	100.000	-0.052	100.001	2.520	5.831	0.664	1785269634.290
612	100.000	-0.181	99.999	5.436	0.771	0.682	1785269634.469
613	100.000	0.220	100.002	9.248	0.999	0.687	1785269634.672
614	100.000	0.106	99.999	12.353	1.133	0.679	1785269634.885
615	100.000	0.269	100.000	13.175	1.252	0.682	1785269635.143
616	100.000	-0.050	99.999	11.066	1.413	0.685	1785269635.378
617	100.000	-0.380	99.997	7.430	1.626	0.686	1785269635.548
618	100.000	-0.176	99.998	4.002	2.165	0.675	1785269635.731
619	100.000	0.462	99.998	4.515	3.549	0.664	1785269635.955
620	100.000	0.243	100.003	8.154	4.076	0.664	1785269636.192
621	100.000	-0.196	100.000	11.065	4.280	0.664	1785269636.364
622	100.000	0.355	100.001	11.479	4.372	0.664	1785269636.558
623	100.000	-0.120	100.002	10.305	4.439	0.664	1785269636.742
624	100.000	0.065	99.998	7.355	4.643	0.664	1785269636.947
625	100.000	0.116	100.001	3.452	5.123	0.664	1785269637.106
626	100.000	0.215	100.001	3.349	0.418	0.666	1785269637.293
627	100.000	0.302	100.002	6.947	0.909	0.678	1785269637.476
628	100.000	-0.264	100.001	10.819	1.092	0.684	1785269637.673
629	100.000	-0.131	100.000	13.180	1.213	0.686	1785269637.865
630	100.000	-0.112	100.001	13.423	1.291	0.683	1785269638.059
631	100.000	0.018	100.001	11.918	1.414	0.685	1785269638.262
632	100.000	-0.324	99.997	7.726	1.663	0.684	1785269638.490
633	100.000	-0.080	99.999	4.101	2.343	0.685	1785269638.697
634	100.000	0.066	100.002	5.057	3.670	0.664	1785269638.936
635	100.000	-0.012	100.000	8.690	4.100	0.664	1785269639.134
636	100.000	-0.143	99.998	11.006	4.285	0.664	1785269639.372
637	100.000	0.323	100.000	11.026	4.382	0.664	1785269639.538
638	100.000	-0.110	99.997	9.283	4.498	0.664	1785269639.745
639	100.000	0.200	99.998	5.251	4.722	0.664	1785269640.004
640	100.000	-0.188	100.003	2.424	0.088	0.645	1785269640.187
641	100.000	0.160	100.002	5.989	0.867	0.694	1785269640.362
642	100.000	0.191	100.002	9.854	1.070	0.680	1785269640.549
643	100.000	0.013	100.002	12.586	1.170	0.684	1785269640.766
644	100.000	0.256	99.999	13.547	1.279	0.685	1785269640.946
645	100.000	0.054	100.001	12.323	1.375	0.681	1785269641.127
646	100.000	-0.014	100.000	9.896	1.508	0.682	1785269641.302
647	100.000	-0.378	99.999	6.043	1.829	0.690	1785269641.466
648	100.000	-0.039	100.002	3.541	2.608	0.684	1785269641.664
649	100.000	-0.121	100.003	5.525	3.806	0.664	1785269641.857
650	100.000	0.352	99.998	8.566	4.125	0.664	1785269642.075
651	100.000	0.007	99.997	11.246	4.295	0.664	1785269642.311
652	100.000	-0.055	100.000	10.973	4.416	0.664	1785269642.541
653	100.000	-0.338	99.999	8.407	4.515	0.664	1785269642.739
654	100.000	0.073	100.004	4.541	4.816	0.664	1785269642.911
655	100.000	-0.073	100.001	2.268	6.048	0.664	1785269643.127
656	100.000	-0.389	100.001	5.700	0.847	0.680	1785269643.313
657	100.000	-0.109	100.001	9.875	1.100	0.679	1785269643.509
658	100.000	0.247	100.001	12.936	1.215	0.682	1785269643.766
659	100.000	0.263	100.001	13.100	1.339	0.681	1785269643.994
660	100.000	0.025	99.999	11.010	1.460	0.677	1785269644.188
661	100.000	-0.313	100.000	7.164	1.676	0.681	1785269644.391
662	100.000	0.119	99.999	3.667	2.374	0.709	1785269644.554
663	100.000	0.077	99.998	4.237	3.582	0.664	1785269644.754
664	100.000	0.286	99.999	7.851	4.039	0.664	1785269644.933
665	100.000	0.146	100.000	10.433	4.245	0.664	1785269645.110
666	100.000	0.367	100.002	11.265	4.368	0.664	1785269645.320
667	100.000	-0.126	100.001	10.443	4.462	0.664	1785269645.554
668	100.000	0.153	100.000	7.554	4.599	0.664	1785269645.746
669	100.000	0.381	99.998	3.649	4.988	0.664	1785269645.933
670	100.000	-0.045	100.005	2.948	0.355	0.678	1785269646.124
671	100.000	0.260	99.995	7.407	0.962	0.677	1785269646.326
672	100.000	0.240	100.001	11.165	1.117	0.684	1785269646.554
673	100.000	-0.024	99.998	13.381	1.226	0.678	1785269646.724
674	100.000	-0.401	100.003	13.018	1.317	0.682	1785269646.925
675	100.000	0.162	100.005	10.182	1.479	0.682	1785269647.178
676	100.000	-0.392	99.998	6.008	1.818	0.682	1785269647.358
677	100.000	0.193	100.001	3.415	2.747	0.681	1785269647.558
678	100.000	0.061	100.002	6.040	3.860	0.664	1785269647.744
679	100.000	-0.180	100.001	8.904	4.159	0.664	1785269647.930
680	100.000	-0.438	100.000	11.125	4.304	0.664	1785269648.102
681	100.000	0.075	100.004	11.496	4.414	0.664	1785269648.304
682	100.000	0.090	99.997	9.854	4.502	0.664	1785269648.467
683	100.000	-0.036	100.001	7.056	4.633	0.664	1785269648.706
684	100.000	0.205	99.999	2.543	5.399	0.664	1785269648.933
685	100.000	0.200	99.999	4.627	0.759	0.676	1785269649.116
686	100.000	0.080	100.002	8.694	1.060	0.684	1785269649.314
687	100.000	0.173	100.001	11.677	1.181	0.677	1785269649.494
688	100.000	0.219	100.003	13.041	1.243	0.682	1785269649.677
689	100.000	0.109	100.000	12.839	1.336	0.683	1785269649.850
690	100.000	-0.024	99.999	10.851	1.467	0.683	1785269650.046
691	100.000	0.224	99.999	7.200	1.710	0.688	1785269650.247
692	100.000	-0.048	99.999	4.083	2.399	0.665	1785269650.452
693	100.000	-0.275	99.999	5.376	3.709	0.664	1785269650.666
694	100.000	-0.099	99.997	8.890	4.110	0.664	1785269650.874
695	100.000	0.019	100.001	11.158	4.235	0.664	1785269651.054
696	100.000	-0.135	100.001	11.514	4.351	0.664	1785269651.245
697	100.000	0.257	99.999	10.039	4.441	0.664	1785269651.418
698	100.000	-0.188	100.000	7.584	4.543	0.664	1785269651.601
699	100.000	0.199	100.004	3.490	4.952	0.664	1785269651.784
700	100.000	-0.048	99.998	2.643	0.377	0.677	1785269651.979
701	100.000	-0.323	100.000	7.136	1.007	0.674	1785269652.175
702	100.000	-0.023	99.997	10.737	1.148	0.685	1785269652.353
703	100.000	-0.381	99.999	12.578	1.233	0.683	1785269652.571
704	100.000	0.151	100.000	12.765	1.340	0.682	1785269652.832
705	100.000	-0.237	100.003	9.719	1.534	0.683	1785269653.082
706	100.000	0.275	99.999	4.805	2.045	0.687	1785269653.297
707	100.000	0.120	100.003	3.847	3.421	0.664	1785269653.507
708	100.000	-0.044	100.004	7.480	4.037	0.664	1785269653.748
709	100.000	-0.259	100.000	10.717	4.271	0.664	1785269653.951
710	100.000	-0.140	99.998	11.378	4.362	0.664	1785269654.180
711	100.000	-0.006	99.997	9.918	4.442	0.664	1785269654.369
712	100.000	0.084	99.999	6.512	4.584	0.664	1785269654.574
713	100.000	0.030	99.998	2.028	5.376	0.664	1785269654.806
714	100.000	0.188	100.000	4.606	0.842	0.688	1785269654.986
715	100.000	-0.113	100.004	9.133	1.073	0.683	1785269655.191
716	100.000	0.555	100.001	12.002	1.196	0.681	1785269655.372
717	100.000	-0.145	100.003	13.392	1.270	0.683	1785269655.574
718	100.000	-0.078	99.998	12.468	1.366	0.685	1785269655.789
719	100.000	0.016	100.002	9.725	1.519	0.688	1785269656.002
720	100.000	0.183	100.003	5.770	1.835	0.691	1785269656.205
721	100.000	-0.160	100.003	3.351	2.970	0.664	1785269656.402
722	100.000	0.193	99.998	5.792	3.855	0.664	1785269656.568
723	100.000	-0.291	99.999	8.841	4.158	0.664	1785269656.766
724	100.000	0.318	99.999	11.050	4.274	0.664	1785269656.960
725	100.000	0.119	99.998	10.872	4.377	0.664	1785269657.164
726	100.000	0.077	100.000	8.710	4.496	0.664	1785269657.371
727	100.000	-0.102	100.006	4.423	4.765	0.664	1785269657.579
728	100.000	0.071	100.001	2.141	0.137	0.680	1785269657.786
729	100.000	0.005	100.000	6.194	0.916	0.682	1785269657.978
730	100.000	-0.223	99.999	9.999	1.133	0.678	1785269658.151
731	100.000	-0.068	100.002	12.738	1.203	0.684	1785269658.350
732	100.000	0.014	100.003	13.526	1.292	0.684	1785269658.580
733	100.000	-0.023	99.999	11.690	1.410	0.684	1785269658.793
734	100.000	0.040	100.001	7.899	1.607	0.686	1785269659.045
735	100.000	0.271	100.000	3.352	2.445	0.684	1785269659.254
736	100.000	-0.377	99.997	4.784	3.789	0.664	1785269659.458
737	100.000	0.215	100.003	7.963	4.158	0.664	1785269659.621
738	100.000	-0.116	100.000	10.229	4.297	0.664	1785269659.808
739	100.000	0.037	100.001	10.786	4.390	0.664	1785269660.037
740	100.000	0.083	100.003	9.335	4.440	0.664	1785269660.192
741	100.000	-0.091	99.998	6.712	4.584	0.664	1785269660.401
742	100.000	-0.309	99.999	2.732	5.033	0.664	1785269660.589
743	100.000	0.051	100.001	3.609	0.677	0.675	1785269660.776
744	100.000	-0.188	100.002	8.051	1.032	0.678	1785269660.984
745	100.000	0.019	100.001	12.143	1.186	0.683	1785269661.200
746	100.000	0.223	99.999	13.503	1.249	0.684	1785269661.412
747	100.000	0.283	100.003	13.263	1.367	0.685	1785269661.610
748	100.000	0.106	99.998	10.876	1.487	0.689	1785269661.782
749	100.000	-0.119	100.001	7.346	1.683	0.687	1785269661.982
750	100.000	-0.193	99.999	3.517	2.549	0.671	1785269662.220
751	100.000	0.369	100.000	5.177	3.768	0.664	1785269662.386
752	100.000	-0.353	100.003	8.009	4.098	0.664	1785269662.592
753	100.000	-0.087	99.997	10.342	4.278	0.664	1785269662.841
754	100.000	0.001	99.995	10.490	4.380	0.664	1785269663.029
755	100.000	0.289	99.999	8.122	4.469	0.664	1785269663.203
756	100.000	-0.074	100.001	5.147	4.630	0.664	1785269663.403
757	100.000	0.052	100.004	1.502	0.106	0.664	1785269663.609
758	100.000	0.154	100.002	6.004	1.004	0.679	1785269663.842
759	100.000	0.325	100.002	10.618	1.175	0.681	1785269664.037
760	100.000	0.059	100.001	12.881	1.240	0.688	1785269664.223
761	100.000	0.092	100.003	13.937	1.310	0.682	1785269664.424
762	100.000	0.103	100.002	11.933	1.441	0.684	1785269664.659
763	100.000	0.195	100.005	7.576	1.669	0.686	1785269664.901
764	100.000	0.303	100.001	3.510	2.339	0.689	1785269665.090
765	100.000	-0.055	100.003	4.199	3.660	0.664	1785269665.286
766	100.000	0.155	100.002	7.206	4.069	0.664	1785269665.453
767	100.000	0.198	100.004	9.646	4.251	0.664	1785269665.642
768	100.000	0.199	99.999	10.873	4.355	0.664	1785269665.829
769	100.000	-0.098	100.002	9.416	4.433	0.664	1785269666.018
770	100.000	0.001	100.003	6.905	4.563	0.664	1785269666.223
771	100.000	-0.052	99.999	3.006	4.900	0.664	1785269666.398
772	100.000	-0.177	100.000	2.878	0.557	0.680	1785269666.604
773	100.000	-0.172	99.998	7.778	1.033	0.681	1785269666.847
774	100.000	0.102	100.002	11.697	1.161	0.686	1785269667.007
775	100.000	-0.275	99.998	13.699	1.242	0.678	1785269667.204
776	100.000	-0.594	99.998	13.591	1.316	0.685	1785269667.393
777	100.000	-0.134	99.999	11.698	1.417	0.684	1785269667.609
778	100.000	-0.247	99.998	7.974	1.564	0.683	1785269667.785
779	100.000	0.279	99.998	3.566	2.112	0.705	1785269667.993
780	100.000	-0.040	99.997	3.916	3.709	0.664	1785269668.166
781	100.000	-0.278	100.002	7.121	4.107	0.664	1785269668.358
782	100.000	-0.053	100.001	9.854	4.274	0.664	1785269668.542
783	100.000	-0.662	99.999	10.970	4.349	0.664	1785269668.750
784	100.000	-0.100	99.998	9.783	4.440	0.664	1785269669.005
785	100.000	-0.035	100.001	6.117	4.585	0.664	1785269669.196
786	100.000	-0.022	100.003	1.835	5.386	0.664	1785269669.435
787	100.000	0.150	100.001	4.903	0.949	0.681	1785269669.630
788	100.000	0.200	100.001	9.117	1.103	0.686	1785269669.807
789	100.000	-0.227	100.002	12.266	1.196	0.680	1785269669.996
790	100.000	-0.062	100.000	13.655	1.266	0.681	1785269670.195
791	100.000	-0.050	100.001	12.787	1.364	0.684	1785269670.430
792	100.000	-0.022	100.001	10.022	1.489	0.681	1785269670.611
793	100.000	-0.150	100.001	5.917	1.711	0.688	1785269670.803
794	100.000	0.008	100.001	2.715	2.632	0.683	1785269671.001
795	100.000	-0.248	100.003	5.066	3.923	0.664	1785269671.193
796	100.000	0.309	99.998	8.420	4.205	0.664	1785269671.373
797	100.000	-0.255	99.997	10.962	4.311	0.664	1785269671.628
798	100.000	-0.269	100.001	10.281	4.386	0.664	1785269671.828
799	100.000	0.036	100.001	7.828	4.498	0.664	1785269672.050
800	100.000	-0.082	100.001	3.110	4.761	0.664	1785269672.230
801	100.000	-0.027	99.997	2.047	0.350	0.667	1785269672.417
802	100.000	0.338	100.000	6.262	1.018	0.683	1785269672.614
803	100.000	-0.068	100.002	10.238	1.121	0.687	1785269672.812
804	100.000	-0.219	99.997	13.179	1.219	0.682	1785269672.999
805	100.000	0.023	99.997	13.792	1.293	0.683	1785269673.192
806	100.000	0.123	99.998	11.993	1.364	0.686	1785269673.362
807	100.000	-0.041	99.998	9.955	1.470	0.682	1785269673.564
808	100.000	-0.218	100.001	5.492	1.741	0.684	1785269673.749
809	100.000	0.328	99.998	2.405	2.988	0.672	1785269673.985
810	100.000	-0.398	100.001	6.132	4.079	0.664	1785269674.184
811	100.000	0.031	99.998	9.241	4.263	0.664	1785269674.380
812	100.000	0.509	100.000	10.784	4.362	0.664	1785269674.566
813	100.000	0.092	100.005	10.355	4.392	0.664	1785269674.770
814	100.000	0.208	99.998	7.873	4.501	0.664	1785269674.954
815	100.000	0.505	100.002	3.930	4.725	0.664	1785269675.161
816	100.000	0.421	99.999	2.123	0.403	0.666	1785269675.363
817	100.000	0.025	99.998	6.873	1.044	0.683	1785269675.604
818	100.000	-0.339	99.997	10.890	1.175	0.682	1785269675.788
819	100.000	-0.706	100.002	13.062	1.246	0.681	1785269675.967
820	100.000	-0.094	100.000	13.020	1.330	0.682	1785269676.152
821	100.000	0.018	100.002	11.485	1.407	0.687	1785269676.343
822	100.000	0.308	100.001	8.003	1.552	0.686	1785269676.521
823	100.000	0.341	100.001	3.974	1.933	0.677	1785269676.728
824	100.000	0.133	100.001	2.879	3.470	0.664	1785269676.906
825	100.000	-0.083	100.003	6.455	4.145	0.664	1785269677.084
826	100.000	-0.354	100.002	9.280	4.292	0.664	1785269677.282
827	100.000	-0.105	99.998	11.664	4.373	0.664	1785269677.472
828	100.000	-0.103	99.996	10.922	4.439	0.664	1785269677.660
829	100.000	-0.209	100.000	8.688	4.516	0.664	1785269677.841
830	100.000	-0.131	99.998	4.895	4.662	0.664	1785269678.030
831	100.000	-0.128	99.999	1.539	5.771	0.664	1785269678.225
832	100.000	0.157	99.999	5.248	0.944	0.683	1785269678.429
833	100.000	0.316	100.000	9.369	1.104	0.682	1785269678.615
834	100.000	0.210	100.000	12.002	1.212	0.686	1785269678.792
835	100.000	0.037	100.000	13.144	1.267	0.687	1785269678.961
836	100.000	-0.051	99.999	13.098	1.339	0.681	1785269679.163
837	100.000	0.046	99.997	10.064	1.458	0.682	1785269679.348
838	100.000	-0.476	99.999	6.787	1.607	0.686	1785269679.527
839	100.000	0.019	100.003	3.014	2.246	0.682	1785269679.708
840	100.000	-0.389	100.000	3.783	3.814	0.664	1785269679.913
841	100.000	0.226	99.998	7.918	4.196	0.664	1785269680.117
842	100.000	-0.095	100.002	11.003	4.356	0.664	1785269680.335
843	100.000	-0.127	100.001	11.284	4.412	0.664	1785269680.532
844	100.000	-0.228	99.998	9.991	4.497	0.664	1785269680.691
845	100.000	-0.095	100.000	6.886	4.586	0.664	1785269680.922
846	100.000	0.293	100.003	2.764	5.084	0.664	1785269681.108
847	100.000	0.039	100.003	3.413	0.728	0.693	1785269681.293
848	100.000	0.140	100.005	7.819	1.071	0.683	1785269681.480
849	100.000	-0.144	100.001	11.258	1.187	0.680	1785269681.661
850	100.000	0.295	100.003	12.801	1.221	0.681	1785269681.866
851	100.000	0.169	100.004	12.590	1.326	0.684	1785269682.050
852	100.000	0.278	100.002	10.215	1.449	0.683	1785269682.251
853	100.000	0.212	99.998	6.429	1.669	0.689	1785269682.458
854	100.000	-0.266	100.002	2.592	2.542	0.688	1785269682.657
855	100.000	-0.056	100.001	5.036	3.982	0.664	1785269682.838
856	100.000	0.229	100.001	8.260	4.212	0.664	1785269683.018
857	100.000	0.135	99.999	10.785	4.341	0.664	1785269683.239
858	100.000	0.352	99.999	11.746	4.399	0.664	1785269683.403
859	100.000	0.007	100.001	10.431	4.428	0.664	1785269683.619
860	100.000	-0.172	99.998	6.828	4.577	0.664	1785269683.853
861	100.000	-0.221	100.002	2.580	5.083	0.664	1785269684.021
862	100.000	0.105	100.000	3.585	0.740	0.678	1785269684.242
863	100.000	0.303	100.001	8.795	1.084	0.683	1785269684.491
864	100.000	0.676	99.994	12.052	1.202	0.681	1785269684.676
865	100.000	-0.075	99.998	12.905	1.270	0.685	1785269684.881
866	100.000	-0.395	100.006	11.719	1.371	0.682	1785269685.140
867	100.000	0.122	99.998	7.075	1.576	0.685	1785269685.367
868	100.000	-0.218	100.001	3.359	2.156	0.685	1785269685.539
869	100.000	-0.042	99.997	3.685	3.765	0.664	1785269685.748
870	100.000	-0.143	99.999	7.249	4.184	0.664	1785269685.908
871	100.000	-0.188	100.001	10.310	4.302	0.664	1785269686.142
872	100.000	-0.281	100.001	11.501	4.376	0.664	1785269686.360
873	100.000	0.085	99.995	10.027	4.436	0.664	1785269686.549
874	100.000	0.328	99.998	6.839	4.560	0.664	1785269686.752
875	100.000	-0.215	100.002	3.048	4.872	0.664	1785269686.924
876	100.000	-0.137	100.001	2.661	0.607	0.707	1785269687.131
877	100.000	-0.264	100.001	7.945	1.073	0.683	1785269687.377
878	100.000	0.453	100.004	11.656	1.160	0.683	1785269687.567
879	100.000	-0.164	100.004	13.145	1.242	0.680	1785269687.765
880	100.000	-0.133	99.999	12.200	1.323	0.682	1785269687.997
881	100.000	-0.544	99.999	8.584	1.453	0.686	1785269688.239
882	100.000	-0.010	99.998	4.043	1.793	0.677	1785269688.444
883	100.000	-0.045	100.001	3.117	3.887	0.664	1785269688.673
884	100.000	-0.003	99.999	7.354	4.246	0.664	1785269688.865
885	100.000	0.240	100.000	10.193	4.383	0.664	1785269689.047
886	100.000	0.337	100.002	11.148	4.456	0.664	1785269689.208
887	100.000	-0.560	100.002	10.569	4.489	0.664	1785269689.417
888	100.000	0.086	100.004	8.280	4.572	0.664	1785269689.615
889	100.000	-0.084	100.004	4.188	4.818	0.664	1785269689.801
890	100.000	0.435	100.003	1.904	6.185	0.716	1785269689.986
891	100.000	0.142	100.004	5.704	0.936	0.683	1785269690.164
892	100.000	-0.026	99.997	9.604	1.111	0.687	1785269690.380
893	100.000	0.451	99.998	12.568	1.190	0.686	1785269690.572
894	100.000	0.310	99.998	13.113	1.288	0.683	1785269690.797
895	100.000	-0.263	100.005	11.463	1.354	0.684	1785269690.985
896	100.000	0.067	100.000	7.952	1.483	0.681	1785269691.183
897	100.000	0.406	100.000	3.665	1.707	0.685	1785269691.387
898	100.000	0.173	100.000	3.045	4.006	0.664	1785269691.606
899	100.000	-0.235	99.999	7.198	4.313	0.664	1785269691.810
900	100.000	0.151	100.000	10.216	4.394	0.664	1785269691.995
901	100.000	-0.282	100.002	11.043	4.454	0.664	1785269692.247
902	100.000	0.109	100.002	9.435	4.539	0.664	1785269692.439
903	100.000	-0.435	100.000	6.740	4.661	0.664	1785269692.638
904	100.000	-0.063	99.998	2.688	5.277	0.664	1785269692.789
905	100.000	0.078	99.996	3.029	0.557	0.689	1785269693.003
906	100.000	0.220	100.002	7.377	1.033	0.686	1785269693.187
907	100.000	-0.002	100.000	11.107	1.181	0.680	1785269693.383
908	100.000	0.102	100.000	12.979	1.254	0.682	1785269693.549
909	100.000	-0.028	100.002	12.934	1.308	0.687	1785269693.730
910	100.000	-0.051	99.997	11.079	1.371	0.686	1785269693.939
911	100.000	0.378	100.000	6.974	1.523	0.685	1785269694.195
912	100.000	0.043	99.999	1.675	2.355	0.662	1785269694.428
913	100.000	-0.309	99.996	4.807	4.255	0.664	1785269694.609
914	100.000	0.124	100.000	8.388	4.375	0.664	1785269694.776
915	100.000	0.134	99.999	10.137	4.441	0.664	1785269694.982
916	100.000	0.077	100.000	10.864	4.492	0.664	1785269695.171
917	100.000	-0.599	100.004	9.129	4.555	0.664	1785269695.364
918	100.000	-0.180	100.001	6.877	4.683	0.664	1785269695.560
919	100.000	0.029	99.999	2.515	5.250	0.664	1785269695.747
920	100.000	0.434	99.998	3.464	0.661	0.665	1785269695.939
921	100.000	0.256	100.002	8.203	1.068	0.679	1785269696.175
922	100.000	-0.210	100.002	11.682	1.193	0.684	1785269696.360
923	100.000	-0.379	99.998	12.863	1.270	0.685	1785269696.546
924	100.000	0.551	100.002	12.500	1.363	0.689	1785269696.725
925	100.000	0.287	100.000	10.262	1.428	0.687	1785269696.922
926	100.000	0.126	100.002	6.785	1.519	0.686	1785269697.113
927	100.000	-0.125	100.002	2.254	2.057	0.706	1785269697.317
928	100.000	-0.252	99.999	3.466	4.014	0.664	1785269697.530
929	100.000	0.074	99.994	7.598	4.298	0.664	1785269697.704
930	100.000	-0.271	100.002	9.969	4.401	0.664	1785269697.914
931	100.000	-0.232	99.999	10.781	4.469	0.664	1785269698.168
932	100.000	-0.210	100.000	8.257	4.583	0.664	1785269698.428
933	100.000	-0.242	99.997	3.521	4.970	0.664	1785269698.657
934	100.000	0.028	100.003	3.234	0.674	0.670	1785269698.860
935	100.000	-0.177	100.005	7.717	1.049	0.680	1785269699.094
936	100.000	-0.417	99.999	11.495	1.166	0.684	1785269699.278
937	100.000	-0.148	100.000	12.880	1.251	0.688	1785269699.477
938	100.000	-0.227	100.006	12.470	1.333	0.685	1785269699.656
939	100.000	0.296	100.000	10.293	1.439	0.686	1785269699.841
940	100.000	0.108	100.003	6.848	1.514	0.691	1785269700.023
941	100.000	-0.070	100.000	2.366	2.004	0.693	1785269700.243
942	100.000	0.017	99.998	3.348	4.083	0.664	1785269700.461
943	100.000	-0.154	99.998	7.440	4.417	0.664	1785269700.652
944	100.000	0.212	99.998	10.150	4.497	0.664	1785269700.853
945	100.000	0.291	99.998	10.407	4.530	0.664	1785269701.086
946	100.000	0.477	99.998	9.207	4.624	0.664	1785269701.267
947	100.000	0.135	100.000	5.967	4.783	0.664	1785269701.470
948	100.000	0.140	99.996	2.537	5.626	0.664	1785269701.654
949	100.000	0.151	99.998	4.651	0.753	0.674	1785269701.845
950	100.000	0.062	100.002	8.555	1.018	0.683	1785269702.036
951	100.000	0.106	99.999	12.068	1.140	0.682	1785269702.248
952	100.000	-0.711	99.996	13.202	1.234	0.685	1785269702.451
953	100.000	0.199	100.003	12.497	1.327	0.684	1785269702.635
954	100.000	-0.202	99.999	10.029	1.399	0.682	1785269702.832
955	100.000	-0.041	99.996	5.967	1.518	0.682	1785269703.029
956	100.000	-0.150	100.002	1.410	2.457	0.638	1785269703.226
957	100.000	0.013	100.001	4.548	4.291	0.664	1785269703.409
958	100.000	-0.118	99.999	7.813	4.407	0.664	1785269703.604
959	100.000	-0.074	99.999	10.429	4.484	0.664	1785269703.830
960	100.000	0.062	99.997	10.687	4.549	0.664	1785269704.011
961	100.000	-0.313	99.999	9.400	4.605	0.664	1785269704.188
962	100.000	0.190	100.001	6.167	4.762	0.664	1785269704.398
963	100.000	0.009	100.001	2.385	5.565	0.664	1785269704.569
964	100.000	-0.012	99.999	4.387	0.734	0.691	1785269704.768
965	100.000	0.267	100.000	8.627	1.046	0.682	1785269704.965
966	100.000	-0.004	100.002	11.789	1.152	0.684	1785269705.154
967	100.000	0.040	99.997	13.531	1.225	0.683	1785269705.354
968	100.000	0.018	100.001	12.849	1.298	0.684	1785269705.530
969	100.000	-0.342	99.998	10.726	1.380	0.688	1785269705.719
970	100.000	0.038	100.004	6.785	1.476	0.688	1785269705.898
971	100.000	0.100	99.999	2.058	1.930	0.701	1785269706.098
972	100.000	-0.309	100.004	4.001	4.215	0.664	1785269706.347
973	100.000	-0.172	100.004	7.857	4.379	0.664	1785269706.534
974	100.000	0.144	100.001	10.235	4.457	0.664	1785269706.728
975	100.000	-0.004	100.003	10.668	4.519	0.664	1785269706.957
976	100.000	-0.113	99.997	8.819	4.561	0.664	1785269707.143
977	100.000	-0.115	100.001	5.084	4.740	0.664	1785269707.360
978	100.000	0.058	100.000	1.684	5.871	0.664	1785269707.551
979	100.000	-0.253	100.006	5.318	0.975	0.678	1785269707.740
980	100.000	0.077	100.000	9.286	1.134	0.681	1785269707.943
981	100.000	-0.084	100.001	12.535	1.210	0.686	1785269708.110
982	100.000	-0.179	99.999	13.549	1.285	0.684	1785269708.328
983	100.000	-0.004	100.001	12.397	1.358	0.685	1785269708.507
984	100.000	-0.197	99.994	9.517	1.450	0.684	1785269708.710
985	100.000	-0.062	100.000	5.373	1.641	0.681	1785269708.888
986	100.000	0.270	99.999	1.923	2.423	0.660	1785269709.063
987	100.000	0.005	100.003	4.479	4.164	0.664	1785269709.267
988	100.000	-0.105	100.002	8.237	4.348	0.664	1785269709.470
989	100.000	-0.285	100.000	10.462	4.420	0.664	1785269709.727
990	100.000	-0.199	100.001	10.171	4.489	0.664	1785269709.965
991	100.000	-0.163	99.999	7.210	4.584	0.664	1785269710.148
992	100.000	-0.060	99.999	3.714	4.835	0.664	1785269710.347
993	100.000	-0.052	100.003	2.228	0.404	0.664	1785269710.519
994	100.000	-0.135	100.000	6.035	1.011	0.681	1785269710.715
995	100.000	-0.207	100.004	9.860	1.143	0.684	1785269710.911
996	100.000	0.405	100.004	12.379	1.218	0.683	1785269711.092
997	100.000	0.190	99.999	12.980	1.287	0.684	1785269711.287
998	100.000	0.085	99.996	11.863	1.366	0.683	1785269711.475
999	100.000	0.179	100.000	9.474	1.435	0.684	1785269711.659
1000	100.000	-0.014	100.001	5.297	1.569	0.682	1785269711.839
1001	100.000	-0.100	99.999	1.568	2.859	0.698	1785269711.998
1002	100.000	0.016	100.003	4.040	4.168	0.664	1785269712.210
1003	100.000	-0.242	99.997	8.463	4.352	0.664	1785269712.467
1004	100.000	0.145	99.997	10.559	4.408	0.664	1785269712.662
1005	100.000	-0.043	100.001	9.947	4.480	0.664	1785269712.896
1006	100.000	0.004	100.001	7.268	4.546	0.664	1785269713.067
1007	100.000	0.124	100.001	3.387	4.799	0.664	1785269713.284
1008	100.000	-0.045	100.000	1.835	0.403	0.692	1785269713.423
1009	100.000	0.052	99.999	5.530	1.036	0.681	1785269713.646
1010	100.000	0.069	100.001	9.733	1.155	0.684	1785269713.840
1011	100.000	0.115	100.002	12.119	1.226	0.684	1785269714.034
1012	100.000	0.485	99.996	12.851	1.261	0.685	1785269714.230
1013	100.000	-0.073	100.001	11.473	1.346	0.684	1785269714.463
1014	100.000	0.045	100.003	7.880	1.438	0.685	1785269714.641
1015	100.000	-0.077	99.999	3.619	1.725	0.699	1785269714.834
1016	100.000	0.171	100.001	2.606	3.921	0.664	1785269715.093
1017	100.000	-0.046	99.997	7.498	4.343	0.664	1785269715.320
1018	100.000	0.093	100.000	10.100	4.456	0.664	1785269715.512
1019	100.000	-0.008	100.000	10.324	4.476	0.664	1785269715.694
1020	100.000	-0.215	99.996	9.147	4.528	0.664	1785269715.874
1021	100.000	-0.149	100.000	5.814	4.611	0.664	1785269716.097
1022	100.000	0.025	100.001	1.258	5.794	0.664	1785269716.352
1023	100.000	0.033	100.000	5.837	1.076	0.679	1785269716.610
1024	100.000	0.052	99.999	10.633	1.213	0.681	1785269716.849
1025	100.000	-0.217	100.003	12.769	1.291	0.683	1785269717.012
1026	100.000	0.001	100.002	12.657	1.326	0.686	1785269717.212
1027	100.000	-0.036	100.002	11.102	1.405	0.682	1785269717.396
1028	100.000	0.144	99.997	7.929	1.510	0.686	1785269717.580
1029	100.000	-0.081	100.000	3.753	1.790	0.686	1785269717.766
1030	100.000	-0.000	99.998	2.481	3.610	0.664	1785269717.948
1031	100.000	-0.033	100.002	6.018	4.200	0.664	1785269718.151
1032	100.000	0.118	99.999	9.371	4.371	0.664	1785269718.351
1033	100.000	-0.338	99.996	10.317	4.437	0.664	1785269718.586
1034	100.000	0.063	100.000	8.929	4.480	0.664	1785269718.794
1035	100.000	-0.512	100.001	5.558	4.571	0.664	1785269719.005
1036	100.000	0.053	100.003	1.303	5.253	0.664	1785269719.199
1037	100.000	-0.372	100.000	4.044	1.017	0.688	1785269719.383
1038	100.000	-0.045	100.001	8.176	1.163	0.686	1785269719.581
1039	100.000	-0.200	99.997	11.260	1.255	0.681	1785269719.773
1040	100.000	0.232	100.004	12.927	1.318	0.682	1785269719.966
1041	100.000	-0.052	100.001	12.747	1.359	0.685	1785269720.159
1042	100.000	0.242	99.998	10.674	1.436	0.692	1785269720.339
1043	100.000	-0.108	100.000	6.563	1.574	0.685	1785269720.546
1044	100.000	0.199	100.003	2.249	2.327	0.679	1785269720.777
1045	100.000	-0.147	99.999	4.221	4.153	0.664	1785269720.967
1046	100.000	-0.102	99.998	8.400	4.342	0.664	1785269721.213
1047	100.000	-0.588	99.999	10.460	4.441	0.664	1785269721.403
1048	100.000	-0.181	100.000	10.488	4.460	0.664	1785269721.578
1049	100.000	-0.089	100.000	9.079	4.524	0.664	1785269721.754
1050	100.000	0.182	99.999	5.580	4.600	0.664	1785269721.955
1051	100.000	-0.008	99.998	1.013	5.957	0.664	1785269722.204
1052	100.000	-0.267	100.001	5.526	1.125	0.680	1785269722.387
1053	100.000	0.385	100.002	9.114	1.210	0.680	1785269722.585
1054	100.000	0.307	99.998	12.284	1.293	0.682	1785269722.787
1055	100.000	-0.027	99.998	13.050	1.339	0.686	1785269722.977
1056	100.000	0.109	100.001	11.880	1.421	0.684	1785269723.160
1057	100.000	0.057	99.999	9.224	1.491	0.683	1785269723.339
1058	100.000	-0.124	100.001	4.800	1.722	0.689	1785269723.538
1059	100.000	-0.077	100.001	1.676	3.011	0.664	1785269723.729
1060	100.000	-0.142	100.001	5.386	4.202	0.664	1785269723.953
1061	100.000	0.128	100.001	9.334	4.367	0.664	1785269724.169
1062	100.000	0.393	100.000	10.874	4.418	0.664	1785269724.354
1063	100.000	-0.305	100.002	10.487	4.462	0.664	1785269724.532
1064	100.000	-0.020	99.999	8.513	4.491	0.664	1785269724.740
1065	100.000	0.172	100.002	4.953	4.605	0.664	1785269724.912
1066	100.000	-0.024	99.997	1.225	5.637	0.664	1785269725.081
1067	100.000	0.041	99.996	4.306	1.009	0.681	1785269725.310
1068	100.000	-0.228	100.002	8.750	1.183	0.688	1785269725.509
1069	100.000	-0.261	100.005	11.851	1.266	0.683	1785269725.708
1070	100.000	-0.051	100.001	12.525	1.321	0.685	1785269725.888
1071	100.000	0.044	100.000	11.671	1.410	0.686	1785269726.077
1072	100.000	-0.011	99.998	9.091	1.492	0.680	1785269726.268
1073	100.000	0.010	100.001	5.206	1.683	0.681	1785269726.446
1074	100.000	-0.033	100.001	1.735	2.576	0.680	1785269726.623
1075	100.000	-0.387	100.002	4.258	4.068	0.664	1785269726.811
1076	100.000	0.093	99.999	8.439	4.334	0.664	1785269727.085
1077	100.000	0.198	100.000	10.896	4.407	0.664	1785269727.302
1078	100.000	-0.149	99.999	10.416	4.444	0.664	1785269727.497
1079	100.000	-0.113	100.001	8.235	4.471	0.664	1785269727.678
1080	100.000	-0.127	100.001	4.500	4.578	0.664	1785269727.887
1081	100.000	0.274	100.001	0.835	0.216	0.745	1785269728.081
1082	100.000	-0.125	100.001	5.423	1.158	0.676	1785269728.253
1083	100.000	0.200	100.002	8.801	1.211	0.685	1785269728.435
1084	100.000	-0.000	100.001	11.674	1.296	0.682	1785269728.634
1085	100.000	0.142	100.003	12.914	1.369	0.682	1785269728.848
1086	100.000	0.074	100.002	11.826	1.432	0.683	1785269729.057
1087	100.000	-0.056	100.003	8.400	1.555	0.683	1785269729.242
1088	100.000	0.088	99.999	4.467	1.812	0.680	1785269729.454
1089	100.000	-0.370	100.002	2.388	3.502	0.664	1785269729.654
1090	100.000	-0.092	100.002	6.759	4.241	0.664	1785269729.888
1091	100.000	0.005	100.001	9.857	4.371	0.664	1785269730.071
1092	100.000	-0.012	100.001	11.388	4.429	0.664	1785269730.259
1093	100.000	0.019	99.998	10.164	4.472	0.664	1785269730.442
1094	100.000	-0.054	100.005	8.165	4.495	0.664	1785269730.651
1095	100.000	-0.044	100.002	3.978	4.637	0.664	1785269730.890
1096	100.000	-0.376	99.998	1.269	0.775	0.661	1785269731.065
1097	100.000	0.106	99.998	5.529	1.152	0.674	1785269731.244
1098	100.000	-0.287	100.003	9.247	1.237	0.683	1785269731.456
1099	100.000	0.013	100.002	12.012	1.333	0.685	1785269731.637
1100	100.000	-0.337	99.998	12.320	1.355	0.683	1785269731.827
1101	100.000	0.477	99.996	10.937	1.454	0.680	1785269732.003
1102	100.000	-0.018	100.001	8.465	1.566	0.679	1785269732.170
1103	100.000	0.034	99.999	4.877	1.825	0.679	1785269732.375
1104	100.000	-0.187	99.999	2.457	3.206	0.664	1785269732.540
1105	100.000	-0.233	100.004	5.042	4.088	0.664	1785269732.746
1106	100.000	0.054	99.996	8.737	4.271	0.664	1785269732.940
1107	100.000	0.083	100.005	10.748	4.359	0.664	1785269733.139
1108	100.000	0.218	100.002	11.349	4.396	0.664	1785269733.329
1109	100.000	-0.232	100.000	9.305	4.413	0.664	1785269733.514
1110	100.000	-0.014	100.004	6.384	4.472	0.664	1785269733.688
1111	100.000	0.143	99.997	2.742	4.561	0.664	1785269733.880
1112	100.000	0.212	100.004	2.080	1.109	0.676	1785269734.086
1113	100.000	0.087	100.003	7.119	1.269	0.682	1785269734.314
1114	100.000	0.026	100.000	10.663	1.320	0.687	1785269734.500
1115	100.000	0.277	100.000	11.992	1.383	0.684	1785269734.705
1116	100.000	0.097	100.004	11.674	1.454	0.681	1785269734.896
1117	100.000	-0.342	99.999	9.602	1.513	0.682	1785269735.071
1118	100.000	0.130	100.001	6.186	1.663	0.684	1785269735.248
1119	100.000	0.349	100.000	2.362	2.381	0.679	1785269735.446
1120	100.000	-0.037	99.999	3.625	3.903	0.664	1785269735.626
1121	100.000	-0.033	100.001	7.898	4.270	0.664	1785269735.816
1122	100.000	0.230	100.002	10.351	4.354	0.664	1785269736.012
1123	100.000	-0.378	99.998	11.518	4.409	0.664	1785269736.183
1124	100.000	-0.230	99.999	10.789	4.412	0.664	1785269736.372
1125	100.000	-0.091	100.003	8.623	4.471	0.664	1785269736.557
1126	100.000	0.002	100.002	4.858	4.481	0.664	1785269736.746
1127	100.000	-0.236	100.003	0.852	5.071	0.664	1785269736.942
1128	100.000	-0.226	99.999	4.105	1.176	0.687	1785269737.118
1129	100.000	-0.110	100.001	7.678	1.261	0.685	1785269737.331
1130	100.000	0.177	100.000	11.292	1.342	0.685	1785269737.535
1131	100.000	-0.159	100.004	12.071	1.409	0.682	1785269737.768
1132	100.000	-0.548	99.996	10.548	1.498	0.685	1785269737.945
1133	100.000	-0.016	100.005	7.461	1.608	0.676	1785269738.105
1134	100.000	-0.053	100.000	3.962	1.966	0.684	1785269738.318
1135	100.000	-0.005	100.001	2.805	3.533	0.664	1785269738.508
1136	100.000	-0.129	100.000	5.956	4.179	0.664	1785269738.698
1137	100.000	-0.191	99.999	9.047	4.341	0.664	1785269738.888
1138	100.000	-0.111	99.998	10.925	4.399	0.664	1785269739.067
1139	100.000	0.122	99.997	10.941	4.432	0.664	1785269739.272
1140	100.000	0.266	100.003	9.069	4.495	0.664	1785269739.444
1141	100.000	-0.057	99.999	5.843	4.523	0.664	1785269739.616
1142	100.000	0.267	99.995	1.952	4.772	0.664	1785269739.815
1143	100.000	0.113	99.997	3.416	1.138	0.669	1785269740.012
1144	100.000	0.127	100.003	7.462	1.228	0.681	1785269740.187
1145	100.000	-0.080	100.000	10.707	1.299	0.682	1785269740.355
1146	100.000	-0.164	99.998	12.230	1.365	0.682	1785269740.570
1147	100.000	0.030	99.998	11.622	1.418	0.683	1785269740.740
1148	100.000	-0.574	100.000	10.038	1.493	0.682	1785269740.966
1149	100.000	0.413	100.001	6.089	1.696	0.678	1785269741.157
1150	100.000	0.519	100.001	2.411	2.382	0.700	1785269741.345
1151	100.000	-0.217	99.996	4.107	4.008	0.664	1785269741.512
1152	100.000	0.102	100.001	7.743	4.267	0.664	1785269741.717
1153	100.000	-0.127	100.001	10.350	4.385	0.664	1785269741.919
1154	100.000	-0.308	99.996	11.294	4.438	0.664	1785269742.134
1155	100.000	-0.373	99.999	10.150	4.434	0.664	1785269742.342
1156	100.000	-0.269	100.002	6.252	4.480	0.664	1785269742.533
1157	100.000	0.177	99.997	2.234	4.549	0.664	1785269742.730
1158	100.000	0.414	99.999	3.296	1.212	0.688	1785269742.974
1159	100.000	-0.081	99.998	7.860	1.290	0.685	1785269743.151
1160	100.000	0.114	99.999	10.671	1.339	0.682	1785269743.330
1161	100.000	-0.206	99.998	12.271	1.389	0.681	1785269743.520
1162	100.000	-0.027	100.000	11.659	1.484	0.684	1785269743.777
1163	100.000	0.335	99.999	8.624	1.580	0.687	1785269743.968
1164	100.000	0.335	100.003	4.699	1.862	0.687	1785269744.164
1165	100.000	0.212	99.999	2.311	3.248	0.664	1785269744.338
1166	100.000	-0.216	99.999	5.108	4.157	0.664	1785269744.544
1167	100.000	0.142	100.002	9.242	4.347	0.664	1785269744.787
1168	100.000	-0.261	100.001	11.147	4.442	0.664	1785269745.012
1169	100.000	-0.274	100.003	10.153	4.441	0.664	1785269745.218
1170	100.000	-0.078	100.001	7.850	4.484	0.664	1785269745.400
1171	100.000	0.116	100.000	4.153	4.551	0.664	1785269745.578
1172	100.000	-0.242	100.002	0.476	5.916	0.664	1785269745.760
1173	100.000	0.077	100.001	4.508	1.205	0.683	1785269745.937
1174	100.000	0.273	100.001	8.486	1.313	0.682	1785269746.148
1175	100.000	0.005	100.002	11.683	1.373	0.685	1785269746.411
1176	100.000	0.216	99.998	12.084	1.425	0.681	1785269746.587
1177	100.000	-0.330	100.001	10.423	1.505	0.684	1785269746.782
1178	100.000	0.346	100.004	7.338	1.634	0.683	1785269746.950
1179	100.000	-0.394	99.999	3.270	2.042	0.687	1785269747.151
1180	100.000	0.361	100.002	3.066	3.748	0.664	1785269747.322
1181	100.000	0.074	99.996	6.262	4.241	0.664	1785269747.520
1182	100.000	-0.041	99.998	9.188	4.348	0.664	1785269747.687
1183	100.000	0.039	100.001	10.986	4.411	0.664	1785269747.918
1184	100.000	0.034	100.001	10.305	4.459	0.664	1785269748.158
1185	100.000	0.040	100.000	7.266	4.452	0.664	1785269748.340
1186	100.000	-0.152	100.000	3.277	4.574	0.664	1785269748.539
1187	100.000	0.295	100.001	1.597	1.012	0.697	1785269748.780
1188	100.000	0.038	100.003	6.741	1.252	0.682	1785269748.957
1189	100.000	0.315	100.000	10.288	1.340	0.678	1785269749.160
1190	100.000	-0.395	100.003	11.701	1.361	0.686	1785269749.352
1191	100.000	-0.093	99.998	11.441	1.453	0.684	1785269749.585
1192	100.000	0.069	99.997	9.309	1.531	0.685	1785269749.771
1193	100.000	-0.228	100.004	5.713	1.700	0.685	1785269749.954
1194	100.000	-0.183	99.999	2.147	2.555	0.730	1785269750.133
1195	100.000	-0.097	99.992	4.054	3.994	0.664	1785269750.339
1196	100.000	-0.266	100.000	8.068	4.284	0.664	1785269750.534
1197	100.000	-0.594	100.002	10.318	4.396	0.664	1785269750.731
1198	100.000	-0.499	99.999	11.122	4.416	0.664	1785269750.952
1199	100.000	0.118	100.004	9.104	4.431	0.664	1785269751.156
1200	100.000	-0.035	100.003	6.331	4.450	0.664	1785269751.333
1201	100.000	0.034	100.001	2.029	4.462	0.664	1785269751.509
1202	100.000	0.122	99.996	2.454	1.232	0.672	1785269751.708
1203	100.000	0.102	99.999	7.213	1.332	0.685	1785269751.965
1204	100.000	0.150	99.996	10.954	1.388	0.686	1785269752.159
1205	100.000	0.191	100.000	12.101	1.445	0.681	1785269752.346
1206	100.000	-0.494	100.001	10.738	1.530	0.685	1785269752.581
1207	100.000	0.004	99.996	7.424	1.654	0.690	1785269752.767
1208	100.000	0.179	99.999	3.884	1.935	0.681	1785269752.974
1209	100.000	0.164	100.006	3.123	3.805	0.664	1785269753.227
1210	100.000	0.226	100.001	7.673	4.320	0.664	1785269753.445
1211	100.000	-0.021	100.003	10.594	4.393	0.664	1785269753.637
1212	100.000	0.133	100.003	11.440	4.455	0.664	1785269753.820
1213	100.000	-0.490	100.000	10.339	4.452	0.664	1785269754.039
1214	100.000	-0.162	100.002	6.636	4.465	0.664	1785269754.283
1215	100.000	-0.006	100.003	1.692	4.540	0.664	1785269754.459
1216	100.000	0.213	100.001	2.459	1.216	0.686	1785269754.625
1217	100.000	-0.050	99.998	6.242	1.278	0.689	1785269754.823
1218	100.000	0.024	100.001	10.356	1.353	0.682	1785269755.100
1219	100.000	-0.304	100.003	11.776	1.426	0.685	1785269755.335
1220	100.000	-0.311	99.998	10.443	1.514	0.685	1785269755.517
1221	100.000	0.258	100.002	6.862	1.688	0.687	1785269755.772
1222	100.000	-0.119	100.001	2.785	2.407	0.700	1785269755.971
1223	100.000	-0.034	99.997	4.241	3.991	0.664	1785269756.168
1224	100.000	-0.163	100.002	7.991	4.277	0.664	1785269756.375
1225	100.000	-0.137	100.000	10.750	4.363	0.664	1785269756.582
1226	100.000	-0.420	99.997	11.224	4.428	0.664	1785269756.835
1227	100.000	0.149	100.001	9.056	4.456	0.664	1785269757.088
1228	100.000	0.212	100.000	4.507	4.519	0.664	1785269757.269
1229	100.000	-0.087	99.998	0.446	5.510	0.664	1785269757.449
1230	100.000	0.006	100.003	4.367	1.261	0.670	1785269757.632
1231	100.000	-0.024	99.999	7.842	1.323	0.684	1785269757.823
1232	100.000	0.084	100.003	10.713	1.377	0.681	1785269758.025
1233	100.000	0.030	100.001	11.943	1.441	0.684	1785269758.224
1234	100.000	0.217	100.003	11.235	1.501	0.689	1785269758.403
1235	100.000	0.317	100.001	8.774	1.603	0.680	1785269758.601
1236	100.000	-0.306	99.998	4.051	1.984	0.685	1785269758.812
1237	100.000	-0.110	100.003	2.807	3.539	0.664	1785269759.017
1238	100.000	-0.441	99.995	6.237	4.214	0.664	1785269759.225
1239	100.000	0.306	100.002	9.149	4.322	0.664	1785269759.382
1240	100.000	0.728	100.004	11.415	4.423	0.664	1785269759.598
1241	100.000	0.200	100.002	10.890	4.413	0.664	1785269759.771
1242	100.000	0.177	100.000	9.629	4.446	0.664	1785269759.976
1243	100.000	0.247	99.999	5.672	4.506	0.664	1785269760.173
1244	100.000	0.061	100.002	0.871	5.019	0.664	1785269760.387
1245	100.000	-0.053	100.003	3.893	1.218	0.692	1785269760.590
1246	100.000	0.152	100.001	8.145	1.293	0.687	1785269760.776
1247	100.000	0.053	99.994	10.801	1.370	0.682	1785269760.975
1248	100.000	0.241	100.002	11.789	1.428	0.687	1785269761.153
1249	100.000	0.053	100.007	10.910	1.504	0.682	1785269761.347
1250	100.000	0.277	100.004	8.206	1.620	0.690	1785269761.549
1251	100.000	-0.045	99.997	3.958	2.017	0.684	1785269761.771
1252	100.000	-0.348	100.006	2.653	3.472	0.664	1785269761.952
1253	100.000	-0.023	99.998	6.359	4.235	0.664	1785269762.148
1254	100.000	-0.341	100.000	9.221	4.353	0.664	1785269762.319
1255	100.000	0.067	100.001	10.876	4.426	0.664	1785269762.541
1256	100.000	0.057	100.003	10.668	4.443	0.664	1785269762.789
1257	100.000	-0.194	100.002	7.853	4.477	0.664	1785269762.964
1258	100.000	-0.012	100.001	4.522	4.540	0.664	1785269763.162
1259	100.000	-0.074	100.002	0.703	0.799	0.660	1785269763.400
1260	100.000	0.542	99.999	5.369	1.260	0.693	1785269763.598
1261	100.000	-0.244	99.998	10.002	1.360	0.681	1785269763.856
1262	100.000	-0.362	99.999	11.769	1.430	0.686	1785269764.107
1263	100.000	-0.136	100.000	10.637	1.509	0.684	1785269764.346
1264	100.000	0.137	99.997	7.074	1.662	0.683	1785269764.526
1265	100.000	-0.358	100.002	3.151	2.146	0.703	1785269764.717
1266	100.000	-0.220	99.999	2.983	3.686	0.664	1785269764.891
1267	100.000	0.108	99.996	6.074	4.183	0.664	1785269765.076
1268	100.000	0.309	100.001	9.327	4.374	0.664	1785269765.276
1269	100.000	0.023	99.999	11.116	4.423	0.664	1785269765.523
1270	100.000	-0.008	100.002	10.534	4.432	0.664	1785269765.702
1271	100.000	0.096	100.002	8.036	4.435	0.664	1785269765.900
1272	100.000	-0.005	100.001	4.735	4.439	0.664	1785269766.095
1273	100.000	-0.212	100.003	0.212	2.229	0.346	1785269766.302
1274	100.000	0.113	100.003	4.801	1.333	0.689	1785269766.512
1275	100.000	0.036	100.001	8.929	1.378	0.686	1785269766.709
1276	100.000	0.141	99.997	11.451	1.420	0.685	1785269766.904
1277	100.000	0.514	100.002	11.849	1.470	0.680	1785269767.099
1278	100.000	-0.065	100.005	10.263	1.524	0.686	1785269767.280
1279	100.000	0.037	99.998	7.492	1.625	0.688	1785269767.474
1280	100.000	0.166	99.998	3.548	2.031	0.698	1785269767.646
1281	100.000	0.001	99.996	2.822	3.637	0.664	1785269767.836
1282	100.000	0.050	99.996	6.143	4.181	0.664	1785269768.043
1283	100.000	0.223	100.001	9.561	4.351	0.664	1785269768.257
1284	100.000	0.237	99.997	11.157	4.411	0.664	1785269768.479
1285	100.000	-0.101	99.999	9.834	4.429	0.664	1785269768.728
1286	100.000	0.136	100.002	7.216	4.451	0.664	1785269768.905
1287	100.000	0.007	100.002	3.317	4.490	0.664	1785269769.071
1288	100.000	0.131	100.000	1.209	1.192	0.666	1785269769.268
1289	100.000	0.232	99.999	5.392	1.301	0.685	1785269769.449
1290	100.000	0.104	99.995	9.242	1.331	0.684	1785269769.652
1291	100.000	-0.444	100.004	11.451	1.387	0.680	1785269769.843
1292	100.000	-0.144	100.002	11.444	1.427	0.689	1785269770.042
1293	100.000	-0.202	100.000	9.491	1.534	0.682	1785269770.306
1294	100.000	-0.052	99.996	5.010	1.738	0.680	1785269770.523
1295	100.000	-0.004	100.002	1.764	3.035	0.640	1785269770.717
1296	100.000	0.461	100.001	4.751	4.208	0.664	1785269770.914
1297	100.000	-0.430	100.001	8.657	4.395	0.664	1785269771.140
1298	100.000	-0.445	100.001	10.787	4.441	0.664	1785269771.342
1299	100.000	-0.156	99.997	10.735	4.448	0.664	1785269771.515
1300	100.000	-0.092	100.000	8.811	4.480	0.664	1785269771.687
1301	100.000	0.183	100.002	5.970	4.476	0.664	1785269771.894
1302	100.000	0.070	99.996	1.576	4.546	0.664	1785269772.066
1303	100.000	-0.102	99.996	2.708	1.262	0.676	1785269772.278
1304	100.000	-0.047	99.999	6.580	1.279	0.690	1785269772.456
1305	100.000	0.115	100.003	9.851	1.383	0.683	1785269772.655
1306	100.000	-0.284	100.005	11.553	1.407	0.683	1785269772.831
1307	100.000	-0.252	99.998	11.362	1.438	0.685	1785269773.024
1308	100.000	0.432	100.002	9.565	1.531	0.685	1785269773.224
1309	100.000	-0.097	99.999	5.820	1.688	0.689	1785269773.388
1310	100.000	-0.140	100.004	2.521	2.217	0.657	1785269773.595
1311	100.000	0.241	100.002	3.201	3.998	0.664	1785269773.764
1312	100.000	0.669	99.997	6.973	4.334	0.664	1785269773.966
1313	100.000	0.437	100.002	9.863	4.416	0.664	1785269774.222
1314	100.000	-0.104	99.997	10.751	4.450	0.664	1785269774.396
1315	100.000	-0.174	100.006	9.772	4.464	0.664	1785269774.572
1316	100.000	0.101	100.003	7.348	4.464	0.664	1785269774.766
1317	100.000	0.048	99.998	3.553	4.460	0.664	1785269774.955
1318	100.000	0.137	100.002	1.038	1.180	0.677	1785269775.161
1319	100.000	-0.304	100.000	5.686	1.333	0.688	1785269775.410
1320	100.000	-0.144	99.999	9.580	1.394	0.680	1785269775.599
1321	100.000	-0.126	100.004	11.104	1.422	0.683	1785269775.776
1322	100.000	-0.189	99.998	10.947	1.466	0.683	1785269775.970
1323	100.000	-0.224	99.998	8.671	1.569	0.683	1785269776.187
1324	100.000	-0.518	99.995	5.006	1.779	0.682	1785269776.386
1325	100.000	0.376	100.000	2.086	3.020	0.665	1785269776.582
1326	100.000	0.061	100.002	5.200	4.145	0.664	1785269776.813
1327	100.000	0.005	100.000	8.576	4.331	0.664	1785269777.020
1328	100.000	0.052	100.001	10.435	4.385	0.664	1785269777.215
1329	100.000	0.072	99.998	10.966	4.423	0.664	1785269777.392
1330	100.000	-0.310	99.995	9.275	4.405	0.664	1785269777.618
1331	100.000	-0.050	99.999	5.881	4.386	0.664	1785269777.852
1332	100.000	-0.030	99.997	1.000	4.193	0.664	1785269778.039
1333	100.000	0.005	100.002	3.629	1.400	0.684	1785269778.216
1334	100.000	0.260	100.004	7.354	1.397	0.676	1785269778.400
1335	100.000	0.564	99.999	9.995	1.393	0.687	1785269778.604
1336	100.000	-0.259	100.000	11.282	1.449	0.685	1785269778.799
1337	100.000	0.271	99.999	10.831	1.507	0.683	1785269778.979
1338	100.000	0.097	100.002	8.274	1.580	0.683	1785269779.184
1339	100.000	0.010	100.003	4.078	1.849	0.693	1785269779.420
1340	100.000	-0.073	100.002	2.078	3.593	0.664	1785269779.598
1341	100.000	0.152	99.997	5.685	4.257	0.664	1785269779.818
1342	100.000	0.101	100.005	9.187	4.394	0.664	1785269780.003
1343	100.000	-0.319	100.002	10.739	4.443	0.664	1785269780.203
1344	100.000	0.091	100.000	10.840	4.442	0.664	1785269780.385
1345	100.000	-0.156	99.996	9.044	4.452	0.664	1785269780.567
1346	100.000	-0.255	99.999	6.227	4.478	0.664	1785269780.758
1347	100.000	0.406	100.001	1.682	4.495	0.664	1785269780.946
1348	100.000	-0.190	99.998	3.446	1.367	0.692	1785269781.203
1349	100.000	0.047	100.004	7.718	1.373	0.685	1785269781.384
1350	100.000	0.086	100.000	10.217	1.419	0.685	1785269781.586
1351	100.000	-0.203	99.999	11.265	1.468	0.684	1785269781.763
1352	100.000	0.230	100.001	10.357	1.527	0.682	1785269781.932
1353	100.000	0.104	99.998	7.710	1.611	0.688	1785269782.136
1354	100.000	-0.197	100.002	4.348	1.877	0.683	1785269782.314
1355	100.000	-0.094	99.992	2.060	3.349	0.664	1785269782.498
1356	100.000	0.212	100.002	4.978	4.174	0.664	1785269782.679
1357	100.000	-0.201	99.996	8.395	4.355	0.664	1785269782.892
1358	100.000	-0.383	100.001	10.507	4.396	0.664	1785269783.093
1359	100.000	0.083	100.003	10.777	4.436	0.664	1785269783.331
1360	100.000	0.177	100.001	8.749	4.444	0.664	1785269783.503
1361	100.000	0.134	100.002	5.702	4.434	0.664	1785269783.703
1362	100.000	0.400	99.998	1.443	4.492	0.664	1785269783.872
1363	100.000	-0.312	99.999	2.878	1.409	0.675	1785269784.076
1364	100.000	0.036	100.003	7.419	1.388	0.687	1785269784.334
1365	100.000	0.434	99.999	10.698	1.414	0.686	1785269784.539
1366	100.000	0.295	100.006	11.372	1.477	0.684	1785269784.768
1367	100.000	0.640	99.999	9.496	1.571	0.687	1785269784.961
1368	100.000	0.100	100.001	6.196	1.708	0.687	1785269785.216
1369	100.000	-0.244	100.000	2.030	2.924	0.665	1785269785.438
1370	100.000	0.047	100.003	4.546	4.115	0.664	1785269785.616
1371	100.000	-0.379	100.002	8.057	4.328	0.664	1785269785.815
1372	100.000	-0.095	99.998	10.079	4.395	0.664	1785269785.994
1373	100.000	0.270	99.999	10.771	4.427	0.664	1785269786.167
1374	100.000	0.126	100.002	9.409	4.416	0.664	1785269786.362
1375	100.000	0.045	99.998	7.060	4.384	0.664	1785269786.564
1376	100.000	-0.103	100.000	2.722	4.311	0.664	1785269786.789
1377	100.000	-0.088	100.006	3.144	1.483	0.686	1785269787.027
1378	100.000	-0.174	100.000	7.292	1.416	0.689	1785269787.205
1379	100.000	0.144	100.002	9.834	1.440	0.686	1785269787.405
1380	100.000	0.044	100.003	11.361	1.481	0.686	1785269787.670
1381	100.000	-0.238	100.001	9.907	1.569	0.688	1785269787.898
1382	100.000	0.102	100.002	6.610	1.715	0.683	1785269788.079
1383	100.000	0.132	100.002	3.157	2.060	0.680	1785269788.270
1384	100.000	0.139	100.000	3.028	3.856	0.664	1785269788.445
1385	100.000	-0.037	100.000	6.108	4.239	0.664	1785269788.637
1386	100.000	0.050	99.999	9.183	4.354	0.664	1785269788.859
1387	100.000	-0.121	100.001	10.585	4.419	0.664	1785269789.052
1388	100.000	0.033	99.999	9.793	4.418	0.664	1785269789.263
1389	100.000	-0.154	100.004	7.790	4.412	0.664	1785269789.465
1390	100.000	0.145	99.999	3.136	4.427	0.664	1785269789.725
1391	100.000	0.051	100.000	2.328	1.495	0.686	1785269789.959
1392	100.000	0.432	100.000	6.964	1.433	0.687	1785269790.166
1393	100.000	-0.114	100.001	10.272	1.443	0.688	1785269790.415
1394	100.000	-0.169	99.998	11.262	1.528	0.685	1785269790.656
1395	100.000	0.061	99.998	9.473	1.609	0.684	1785269790.849
1396	100.000	0.067	99.998	6.014	1.776	0.688	1785269791.025
1397	100.000	0.120	99.997	3.138	2.232	0.691	1785269791.208
1398	100.000	-0.467	100.001	3.129	3.903	0.664	1785269791.386
1399	100.000	0.020	99.992	6.435	4.306	0.664	1785269791.570
1400	100.000	0.215	100.002	9.404	4.424	0.664	1785269791.757
1401	100.000	0.174	99.998	10.571	4.439	0.664	1785269791.942
1402	100.000	-0.076	99.997	10.251	4.440	0.664	1785269792.144
1403	100.000	0.096	100.000	8.555	4.424	0.664	1785269792.337
1404	100.000	-0.084	99.998	4.945	4.390	0.664	1785269792.516
1405	100.000	0.025	100.000	1.459	4.265	0.664	1785269792.694
1406	100.000	-0.125	100.002	3.708	1.473	0.668	1785269792.904
1407	100.000	0.118	99.999	7.553	1.429	0.689	1785269793.088
1408	100.000	-0.011	100.002	10.340	1.475	0.681	1785269793.275
1409	100.000	0.035	99.995	11.095	1.496	0.685	1785269793.467
1410	100.000	-0.051	100.000	10.267	1.561	0.688	1785269793.648
1411	100.000	0.090	99.999	8.072	1.679	0.685	1785269793.832
1412	100.000	0.134	100.002	4.583	1.909	0.688	1785269794.018
1413	100.000	0.102	99.998	2.098	3.268	0.664	1785269794.192
1414	100.000	0.125	100.000	4.625	4.158	0.664	1785269794.372
1415	100.000	-0.299	100.002	7.956	4.354	0.664	1785269794.582
1416	100.000	0.084	99.999	10.131	4.434	0.664	1785269794.768
1417	100.000	-0.212	99.998	10.836	4.465	0.664	1785269794.991
1418	100.000	-0.315	99.999	9.075	4.477	0.664	1785269795.216
1419	100.000	0.107	99.999	5.584	4.431	0.664	1785269795.423
1420	100.000	0.184	99.998	0.784	4.496	0.664	1785269795.658
1421	100.000	0.272	100.002	4.185	1.392	0.680	1785269795.861
1422	100.000	0.029	100.002	8.264	1.425	0.684	1785269796.061
1423	100.000	0.241	99.999	10.543	1.465	0.684	1785269796.271
1424	100.000	-0.031	100.001	10.824	1.535	0.689	1785269796.471
1425	100.000	-0.052	100.006	9.185	1.608	0.686	1785269796.655
1426	100.000	0.118	100.001	6.206	1.750	0.684	1785269796.867
1427	100.000	0.015	100.000	2.426	2.401	0.672	1785269797.090
1428	100.000	-0.285	100.001	4.623	4.165	0.664	1785269797.320
1429	100.000	-0.275	100.001	8.561	4.396	0.664	1785269797.578
1430	100.000	0.030	100.000	10.359	4.436	0.664	1785269797.770
1431	100.000	0.251	99.998	10.074	4.452	0.664	1785269798.015
1432	100.000	-0.399	99.997	7.471	4.486	0.664	1785269798.170
1433	100.000	0.173	99.996	4.702	4.485	0.664	1785269798.385
1434	100.000	0.073	100.003	0.426	0.627	0.687	1785269798.622
1435	100.000	0.277	100.001	5.039	1.290	0.690	1785269798.814
1436	100.000	-0.053	100.003	8.651	1.364	0.678	1785269799.017
1437	100.000	0.226	99.999	10.834	1.415	0.687	1785269799.182
1438	100.000	-0.121	100.001	11.362	1.501	0.683	1785269799.378
1439	100.000	0.116	100.000	9.490	1.598	0.689	1785269799.583
1440	100.000	0.075	99.998	6.935	1.731	0.676	1785269799.784
1441	100.000	0.039	99.999	2.910	2.326	0.686	1785269799.990
1442	100.000	-0.465	100.002	4.266	3.998	0.664	1785269800.242
1443	100.000	-0.221	99.996	8.738	4.332	0.664	1785269800.461
1444	100.000	-0.056	99.998	10.354	4.405	0.664	1785269800.654
1445	100.000	-0.262	100.000	10.901	4.462	0.664	1785269800.836
1446	100.000	-0.129	99.999	8.701	4.467	0.664	1785269801.046
1447	100.000	-0.010	100.001	5.733	4.432	0.664	1785269801.234
1448	100.000	-0.306	100.001	0.829	4.492	0.664	1785269801.478
1449	100.000	0.022	99.998	4.123	1.395	0.672	1785269801.668
1450	100.000	-0.195	100.001	7.798	1.360	0.686	1785269801.853
1451	100.000	0.012	99.998	10.126	1.431	0.685	1785269802.037
1452	100.000	0.272	100.001	11.223	1.467	0.686	1785269802.218
1453	100.000	0.226	99.998	10.657	1.501	0.686	1785269802.402
1454	100.000	0.174	100.005	8.522	1.620	0.681	1785269802.598
1455	100.000	-0.145	100.004	4.583	1.846	0.689	1785269802.794
1456	100.000	0.464	99.999	2.019	3.167	0.664	1785269802.974
1457	100.000	0.039	100.002	5.005	4.185	0.664	1785269803.157
1458	100.000	0.075	100.004	7.858	4.327	0.664	1785269803.352
1459	100.000	-0.312	100.001	10.366	4.409	0.664	1785269803.529
1460	100.000	0.131	100.004	11.027	4.449	0.664	1785269803.731
1461	100.000	0.029	99.997	9.550	4.461	0.664	1785269803.916
1462	100.000	-0.003	100.002	6.841	4.494	0.664	1785269804.086
1463	100.000	-0.367	100.003	3.446	4.540	0.664	1785269804.290
1464	100.000	-0.153	100.000	1.251	0.970	0.739	1785269804.461
1465	100.000	-0.127	99.999	5.036	1.267	0.683	1785269804.661
1466	100.000	-0.140	99.998	8.429	1.320	0.689	1785269804.837
1467	100.000	-0.045	100.004	10.440	1.386	0.687	1785269805.040
1468	100.000	0.057	100.003	10.933	1.481	0.682	1785269805.233
1469	100.000	0.198	100.000	9.484	1.534	0.682	1785269805.431
1470	100.000	0.015	99.999	6.491	1.650	0.683	1785269805.627
1471	100.000	0.135	100.001	2.341	2.161	0.690	1785269805.819
1472	100.000	0.115	100.000	3.619	4.098	0.664	1785269806.029
1473	100.000	-0.038	100.000	7.377	4.371	0.664	1785269806.276
1474	100.000	-0.364	100.001	9.883	4.426	0.664	1785269806.506
1475	100.000	-0.269	100.002	9.871	4.437	0.664	1785269806.690
1476	100.000	-0.077	99.994	8.264	4.464	0.664	1785269806.892
1477	100.000	0.002	100.004	5.013	4.497	0.664	1785269807.136
1478	100.000	-0.170	99.999	0.661	5.284	0.664	1785269807.301
1479	100.000	-0.201	100.002	3.785	1.198	0.683	1785269807.514
1480	100.000	0.256	99.999	7.800	1.278	0.686	1785269807.702
1481	100.000	0.231	99.997	10.376	1.364	0.686	1785269807.893
1482	100.000	0.087	100.000	11.272	1.396	0.682	1785269808.071
1483	100.000	-0.289	100.002	10.320	1.478	0.684	1785269808.304
1484	100.000	0.067	100.000	7.477	1.521	0.690	1785269808.499
1485	100.000	0.286	100.002	3.462	1.794	0.686	1785269808.681
1486	100.000	-0.239	100.002	1.746	3.640	0.664	1785269808.907
1487	100.000	-0.338	100.003	6.012	4.364	0.664	1785269809.137
1488	100.000	-0.439	99.998	9.245	4.420	0.664	1785269809.307
1489	100.000	-0.114	100.002	9.831	4.414	0.664	1785269809.515
1490	100.000	0.324	100.000	9.271	4.421	0.664	1785269809.692
1491	100.000	0.427	100.003	7.268	4.418	0.664	1785269809.870
1492	100.000	-0.001	100.000	3.930	4.390	0.664	1785269810.049
1493	100.000	-0.102	99.999	0.277	1.781	0.540	1785269810.273
1494	100.000	-0.253	99.999	4.477	1.331	0.688	1785269810.436
1495	100.000	0.368	100.001	7.368	1.386	0.684	1785269810.625
1496	100.000	0.145	100.001	10.489	1.435	0.682	1785269810.826
1497	100.000	-0.191	99.998	11.507	1.475	0.688	1785269811.002
1498	100.000	-0.075	99.996	10.903	1.535	0.687	1785269811.192
1499	100.000	0.039	100.004	8.486	1.628	0.689	1785269811.391
1500	100.000	-0.032	99.999	4.823	1.808	0.686	1785269811.573
1501	100.000	-0.402	99.996	1.983	2.762	0.606	1785269811.776
1502	100.000	0.104	100.002	4.949	4.256	0.664	1785269811.996
1503	100.000	-0.194	100.003	8.030	4.387	0.664	1785269812.192
1504	100.000	-0.091	100.000	10.133	4.422	0.664	1785269812.400
1505	100.000	-0.152	100.000	9.895	4.421	0.664	1785269812.638
1506	100.000	-0.268	99.999	7.344	4.392	0.664	1785269812.871
1507	100.000	-0.110	100.001	2.986	4.377	0.664	1785269813.064
1508	100.000	0.091	99.996	0.810	1.816	0.723	1785269813.254
1509	100.000	-0.009	99.999	5.005	1.413	0.683	1785269813.452
1510	100.000	-0.305	99.997	7.966	1.426	0.686	1785269813.639
1511	100.000	-0.069	100.007	10.589	1.454	0.682	1785269813.834
1512	100.000	-0.245	100.000	11.236	1.505	0.685	1785269814.012
1513	100.000	0.031	99.996	9.671	1.585	0.688	1785269814.200
1514	100.000	0.032	99.995	6.948	1.665	0.685	1785269814.385
1515	100.000	0.307	99.998	3.213	1.993	0.700	1785269814.570
1516	100.000	-0.053	99.999	2.174	3.787	0.664	1785269814.771
1517	100.000	-0.079	100.000	6.128	4.334	0.664	1785269814.928
1518	100.000	0.113	99.999	8.934	4.396	0.664	1785269815.116
1519	100.000	-0.060	99.996	10.307	4.434	0.664	1785269815.317
1520	100.000	-0.377	100.003	10.356	4.415	0.664	1785269815.512
1521	100.000	0.024	100.000	8.822	4.415	0.664	1785269815.710
1522	100.000	-0.136	99.998	5.933	4.461	0.664	1785269815.894
1523	100.000	0.158	100.004	2.075	4.439	0.664	1785269816.080
1524	100.000	-0.096	99.998	2.426	1.267	0.677	1785269816.278
1525	100.000	0.129	99.996	6.730	1.332	0.686	1785269816.512
1526	100.000	-0.157	99.995	9.819	1.371	0.688	1785269816.694
1527	100.000	-0.325	99.999	11.663	1.444	0.683	1785269816.884
1528	100.000	0.273	99.999	11.234	1.494	0.681	1785269817.075
1529	100.000	-0.287	100.001	9.058	1.566	0.684	1785269817.268
1530	100.000	0.259	100.005	5.271	1.739	0.683	1785269817.458
1531	100.000	0.142	99.994	1.590	2.629	0.743	1785269817.667
1532	100.000	-0.393	99.999	4.663	4.271	0.664	1785269817.879
1533	100.000	-0.049	100.002	8.278	4.417	0.664	1785269818.066
1534	100.000	0.401	100.002	10.183	4.462	0.664	1785269818.255
1535	100.000	0.219	100.002	10.145	4.465	0.664	1785269818.434
1536	100.000	-0.285	100.002	8.595	4.439	0.664	1785269818.644
1537	100.000	0.147	99.999	5.850	4.454	0.664	1785269818.831
1538	100.000	-0.273	100.001	2.164	4.433	0.664	1785269819.046
1539	100.000	-0.384	100.002	3.464	1.365	0.690	1785269819.288
1540	100.000	-0.012	100.001	7.856	1.389	0.685	1785269819.466
1541	100.000	-0.078	99.999	10.511	1.432	0.680	1785269819.646
1542	100.000	-0.011	100.001	11.510	1.481	0.683	1785269819.829
1543	100.000	0.364	100.004	10.835	1.557	0.685	1785269820.012
1544	100.000	-0.063	100.002	8.851	1.634	0.686	1785269820.230
1545	100.000	0.150	99.998	4.786	1.899	0.683	1785269820.462
1546	100.000	0.265	100.004	2.275	3.220	0.672	1785269820.657
1547	100.000	-0.008	100.001	5.309	4.160	0.664	1785269820.828
1548	100.000	-0.196	99.997	8.350	4.339	0.664	1785269821.036
1549	100.000	-0.032	99.999	10.081	4.385	0.664	1785269821.288
1550	100.000	-0.213	100.005	9.357	4.379	0.664	1785269821.526
1551	100.000	0.273	100.000	6.692	4.341	0.664	1785269821.729
1552	100.000	-0.001	99.999	1.814	4.090	0.664	1785269821.975
1553	100.000	-0.066	100.003	3.520	1.523	0.688	1785269822.222
1554	100.000	0.029	99.998	7.446	1.416	0.689	1785269822.388
1555	100.000	0.284	100.003	10.023	1.455	0.683	1785269822.598
1556	100.000	-0.331	100.000	11.069	1.505	0.691	1785269822.762
1557	100.000	-0.191	100.001	10.676	1.553	0.683	1785269822.970
1558	100.000	0.050	100.003	8.538	1.644	0.686	1785269823.157
1559	100.000	-0.006	100.000	4.825	1.877	0.691	1785269823.334
1560	100.000	-0.483	99.998	2.327	2.846	0.688	1785269823.524
1561	100.000	0.285	100.003	4.953	4.135	0.664	1785269823.776
1562	100.000	0.006	100.001	8.623	4.327	0.664	1785269823.963
1563	100.000	-0.182	100.002	10.535	4.345	0.664	1785269824.174
1564	100.000	-0.159	100.000	10.374	4.354	0.664	1785269824.416
1565	100.000	0.049	99.999	7.204	4.308	0.664	1785269824.662
1566	100.000	0.015	100.000	3.062	4.169	0.664	1785269824.834
1567	100.000	-0.020	100.004	1.150	2.087	0.686	1785269825.020
1568	100.000	-0.229	100.000	4.856	1.506	0.678	1785269825.228
1569	100.000	0.367	99.998	8.728	1.463	0.689	1785269825.470
1570	100.000	0.109	100.001	10.992	1.489	0.684	1785269825.665
1571	100.000	-0.224	99.999	10.770	1.525	0.685	1785269825.850
1572	100.000	0.078	99.998	9.422	1.631	0.686	1785269826.040
1573	100.000	-0.129	100.002	5.884	1.794	0.684	1785269826.248
1574	100.000	-0.084	100.000	2.255	2.589	0.668	1785269826.474
1575	100.000	0.303	100.000	4.157	4.088	0.664	1785269826.652
1576	100.000	-0.204	99.996	7.470	4.326	0.664	1785269826.849
1577	100.000	0.689	100.001	9.780	4.406	0.664	1785269827.043
1578	100.000	0.090	100.000	9.964	4.394	0.664	1785269827.230
1579	100.000	-0.071	100.003	8.765	4.405	0.664	1785269827.429
1580	100.000	0.456	99.990	5.301	4.354	0.664	1785269827.662
1581	100.000	0.222	100.003	0.753	3.941	0.664	1785269827.839
1582	100.000	0.028	99.999	3.456	1.487	0.685	1785269828.049
1583	100.000	0.019	100.001	7.429	1.424	0.688	1785269828.287
1584	100.000	0.017	100.001	10.508	1.477	0.686	1785269828.484
1585	100.000	0.009	100.003	11.197	1.537	0.685	1785269828.682
1586	100.000	0.124	100.001	10.266	1.597	0.687	1785269828.858
1587	100.000	-0.059	99.999	7.748	1.707	0.693	1785269829.072
1588	100.000	-0.149	100.000	3.961	2.035	0.689	1785269829.286
1589	100.000	-0.276	100.001	2.471	3.531	0.664	1785269829.472
1590	100.000	-0.003	100.004	5.876	4.212	0.664	1785269829.656
1591	100.000	0.041	100.000	8.698	4.340	0.664	1785269829.848
1592	100.000	0.125	100.000	9.919	4.347	0.664	1785269830.042
1593	100.000	-0.085	100.003	10.185	4.344	0.664	1785269830.230
1594	100.000	-0.206	100.004	8.285	4.307	0.664	1785269830.420
1595	100.000	-0.034	100.001	4.495	4.247	0.664	1785269830.642
1596	100.000	0.050	100.003	0.784	2.909	0.723	1785269830.847
1597	100.000	-0.311	100.002	4.478	1.507	0.690	1785269831.051
1598	100.000	0.001	100.001	7.949	1.474	0.685	1785269831.253
1599	100.000	-0.240	100.001	10.304	1.480	0.682	1785269831.460
1600	100.000	-0.072	100.005	10.766	1.537	0.687	1785269831.686
1601	100.000	-0.318	100.003	9.038	1.628	0.684	1785269831.890
1602	100.000	-0.124	99.997	5.964	1.811	0.689	1785269832.084
1603	100.000	-0.180	99.998	2.810	2.458	0.692	1785269832.284
1604	100.000	-0.184	100.000	4.275	4.021	0.664	1785269832.513
1605	100.000	0.041	100.001	7.854	4.296	0.664	1785269832.702
1606	100.000	-0.057	100.003	10.156	4.354	0.664	1785269832.872
1607	100.000	-0.070	100.000	10.334	4.346	0.664	1785269833.072
1608	100.000	-0.348	99.997	9.348	4.351	0.664	1785269833.335
1609	100.000	0.352	100.000	5.318	4.293	0.664	1785269833.589
1610	100.000	-0.296	100.001	0.556	3.114	0.665	1785269833.831
1611	100.000	0.278	100.007	5.217	1.404	0.682	1785269834.073
1612	100.000	0.320	100.000	9.038	1.444	0.681	1785269834.270
1613	100.000	0.028	99.999	9.953	1.462	0.688	1785269834.457
1614	100.000	0.114	99.997	10.091	1.536	0.683	1785269834.624
1615	100.000	-0.075	100.000	8.654	1.618	0.684	1785269834.801
1616	100.000	0.039	100.003	5.670	1.765	0.681	1785269835.009
1617	100.000	-0.302	100.000	2.373	2.377	0.676	1785269835.168
1618	100.000	0.051	99.997	3.315	3.944	0.664	1785269835.381
1619	100.000	-0.329	99.998	7.145	4.309	0.664	1785269835.568
1620	100.000	-0.100	99.999	9.504	4.364	0.664	1785269835.755
1621	100.000	-0.092	99.997	10.669	4.367	0.664	1785269835.949
1622	100.000	0.026	99.998	10.209	4.370	0.664	1785269836.139
1623	100.000	-0.117	99.999	8.045	4.342	0.664	1785269836.311
1624	100.000	0.260	100.000	4.562	4.345	0.664	1785269836.518
1625	100.000	-0.068	99.998	0.588	4.059	0.664	1785269836.675
1626	100.000	0.038	100.001	2.975	1.301	0.689	1785269836.882
1627	100.000	-0.100	99.999	7.153	1.322	0.678	1785269837.063
1628	100.000	0.463	100.000	9.460	1.376	0.685	1785269837.247
1629	100.000	-0.045	100.001	10.695	1.416	0.683	1785269837.427
1630	100.000	0.126	100.000	10.212	1.477	0.683	1785269837.596
1631	100.000	-0.307	100.003	7.964	1.567	0.684	1785269837.809
1632	100.000	0.559	100.004	4.341	1.755	0.697	1785269838.002
1633	100.000	-0.129	100.004	1.461	3.097	0.664	1785269838.196
1634	100.000	0.367	100.001	3.884	4.245	0.664	1785269838.387
1635	100.000	0.362	100.001	7.835	4.404	0.664	1785269838.583
1636	100.000	0.113	99.998	9.966	4.432	0.664	1785269838.773
1637	100.000	0.030	100.003	10.249	4.450	0.664	1785269838.997
1638	100.000	0.381	100.003	8.345	4.439	0.664	1785269839.198
1639	100.000	-0.080	100.002	4.625	4.426	0.664	1785269839.456
1640	100.000	-0.170	100.001	0.312	1.718	0.664	1785269839.678
1641	100.000	-0.164	100.001	5.232	1.346	0.678	1785269839.882
1642	100.000	-0.252	100.002	8.354	1.336	0.687	1785269840.058
1643	100.000	-0.270	99.995	10.316	1.375	0.685	1785269840.238
1644	100.000	-0.102	99.997	10.574	1.449	0.688	1785269840.425
1645	100.000	0.030	100.002	9.451	1.511	0.679	1785269840.628
1646	100.000	0.218	100.001	6.404	1.627	0.690	1785269840.814
1647	100.000	-0.029	100.000	3.040	1.897	0.686	1785269840.989
1648	100.000	0.164	100.005	2.180	3.896	0.664	1785269841.184
1649	100.000	-0.388	99.999	5.697	4.356	0.664	1785269841.361
1650	100.000	0.001	99.998	8.753	4.427	0.664	1785269841.591
1651	100.000	-0.158	100.000	10.451	4.457	0.664	1785269841.824
1652	100.000	-0.163	100.003	9.615	4.463	0.664	1785269842.021
1653	100.000	0.304	99.998	6.687	4.476	0.664	1785269842.258
1654	100.000	-0.244	99.998	2.206	4.643	0.664	1785269842.440
1655	100.000	0.301	99.999	1.879	0.969	0.684	1785269842.623
1656	100.000	-0.176	99.999	5.426	1.212	0.690	1785269842.805
1657	100.000	0.143	99.998	8.583	1.272	0.687	1785269842.984
1658	100.000	-0.047	100.001	10.495	1.335	0.685	1785269843.175
1659	100.000	0.173	99.995	10.918	1.403	0.679	1785269843.410
1660	100.000	-0.005	100.002	8.589	1.487	0.685	1785269843.637
1661	100.000	-0.072	100.000	4.889	1.603	0.688	1785269843.820
1662	100.000	-0.285	100.000	1.319	2.409	0.758	1785269844.006
1663	100.000	0.253	100.001	3.936	4.360	0.664	1785269844.209
1664	100.000	0.090	100.001	8.054	4.479	0.664	1785269844.453
1665	100.000	-0.113	100.003	10.133	4.489	0.664	1785269844.645
1666	100.000	-0.110	100.001	9.964	4.480	0.664	1785269844.906
1667	100.000	0.313	99.998	7.025	4.511	0.664	1785269845.152
1668	100.000	0.257	99.999	2.495	4.714	0.664	1785269845.387
1669	100.000	-0.063	99.998	2.715	0.982	0.690	1785269845.586
1670	100.000	-0.008	100.007	6.768	1.212	0.676	1785269845.819
1671	100.000	-0.152	99.996	9.766	1.277	0.685	1785269846.019
1672	100.000	-0.139	100.003	11.106	1.374	0.683	1785269846.211
1673	100.000	-0.153	100.001	9.953	1.410	0.684	1785269846.435
1674	100.000	-0.238	100.004	7.288	1.513	0.682	1785269846.649
1675	100.000	-0.336	100.002	2.476	1.732	0.685	1785269846.881
1676	100.000	-0.114	100.002	2.453	4.364	0.664	1785269847.066
1677	100.000	-0.098	100.001	5.971	4.464	0.664	1785269847.259
1678	100.000	0.173	100.001	8.672	4.474	0.664	1785269847.448
1679	100.000	-0.090	100.003	9.930	4.525	0.664	1785269847.632
1680	100.000	-0.067	99.999	9.500	4.500	0.664	1785269847.807
1681	100.000	-0.057	99.998	6.997	4.514	0.664	1785269848.032
1682	100.000	0.296	100.001	2.860	4.644	0.664	1785269848.287
1683	100.000	0.069	100.003	2.815	0.993	0.673	1785269848.492
1684	100.000	0.019	99.997	6.640	1.166	0.684	1785269848.699
1685	100.000	0.305	99.994	9.803	1.259	0.690	1785269848.889
1686	100.000	0.178	100.001	11.307	1.322	0.684	1785269849.079
1687	100.000	0.169	99.999	11.149	1.394	0.684	1785269849.265
1688	100.000	-0.177	100.002	9.187	1.455	0.681	1785269849.422
1689	100.000	0.171	100.001	6.039	1.524	0.691	1785269849.627
1690	100.000	-0.166	99.997	1.877	1.843	0.690	1785269849.800
1691	100.000	0.007	100.002	2.572	4.344	0.664	1785269849.997
1692	100.000	0.029	100.000	6.312	4.500	0.664	1785269850.216
1693	100.000	-0.138	100.002	9.117	4.538	0.664	1785269850.436
1694	100.000	0.176	100.000	9.839	4.536	0.664	1785269850.634
1695	100.000	0.057	100.002	8.257	4.497	0.664	1785269850.818
1696	100.000	0.455	100.002	5.339	4.536	0.664	1785269850.993
1697	100.000	-0.269	99.998	1.909	4.825	0.664	1785269851.201
1698	100.000	0.259	99.998	3.218	0.973	0.681	1785269851.441
1699	100.000	-0.003	99.998	7.695	1.195	0.681	1785269851.634
1700	100.000	0.246	100.000	10.062	1.233	0.689	1785269851.827
1701	100.000	0.064	100.002	11.952	1.303	0.682	1785269852.012
1702	100.000	-0.011	99.995	11.383	1.343	0.686	1785269852.202
1703	100.000	0.094	100.001	9.189	1.423	0.688	1785269852.360
1704	100.000	-0.360	100.001	6.561	1.492	0.683	1785269852.566
1705	100.000	-0.297	100.000	2.189	1.634	0.689	1785269852.735
1706	100.000	-0.111	100.004	1.979	4.307	0.664	1785269852.940
1707	100.000	0.265	100.004	5.523	4.521	0.664	1785269853.138
1708	100.000	-0.166	100.002	8.377	4.564	0.664	1785269853.334
1709	100.000	0.249	99.997	9.349	4.523	0.664	1785269853.531
1710	100.000	0.230	100.003	8.116	4.520	0.664	1785269853.763
1711	100.000	-0.116	100.000	4.978	4.577	0.664	1785269853.941
1712	100.000	0.213	99.999	1.473	5.061	0.668	1785269854.120
1713	100.000	0.264	100.000	2.940	0.963	0.703	1785269854.314
1714	100.000	-0.304	99.999	6.754	1.160	0.686	1785269854.493
1715	100.000	-0.223	99.999	9.809	1.227	0.682	1785269854.707
1716	100.000	0.444	100.001	11.508	1.273	0.684	1785269854.950
1717	100.000	-0.447	99.999	11.465	1.341	0.681	1785269855.160
1718	100.000	-0.094	100.001	8.560	1.393	0.684	1785269855.358
1719	100.000	0.129	100.000	4.261	1.444	0.682	1785269855.587
1720	100.000	0.014	100.001	1.049	4.185	0.664	1785269855.841
1721	100.000	0.211	100.007	5.638	4.492	0.664	1785269856.066
1722	100.000	0.209	100.001	8.360	4.498	0.664	1785269856.299
1723	100.000	0.273	100.002	9.104	4.515	0.664	1785269856.515
1724	100.000	-0.393	100.004	7.395	4.483	0.664	1785269856.692
1725	100.000	0.069	99.996	4.687	4.520	0.664	1785269856.891
1726	100.000	-0.372	99.996	0.693	4.854	0.664	1785269857.071
1727	100.000	-0.052	99.998	3.469	1.140	0.675	1785269857.247
1728	100.000	-0.205	100.001	7.113	1.190	0.684	1785269857.433
1729	100.000	-0.159	99.999	10.170	1.237	0.682	1785269857.620
1730	100.000	-0.131	100.001	11.367	1.302	0.686	1785269857.814
1731	100.000	-0.080	100.001	11.794	1.344	0.680	1785269857.996
1732	100.000	0.244	99.998	10.151	1.391	0.685	1785269858.191
1733	100.000	-0.062	100.000	6.977	1.441	0.685	1785269858.390
1734	100.000	-0.152	100.001	2.726	1.519	0.695	1785269858.580
1735	100.000	0.071	100.000	1.517	4.425	0.664	1785269858.773
1736	100.000	0.294	100.001	5.878	4.549	0.664	1785269859.004
1737	100.000	-0.123	99.999	8.076	4.572	0.664	1785269859.184
1738	100.000	-0.141	99.998	8.848	4.533	0.664	1785269859.402
1739	100.000	-0.049	100.000	7.411	4.499	0.664	1785269859.627
1740	100.000	0.229	100.000	3.759	4.557	0.664	1785269859.835
1741	100.000	-0.188	100.001	0.989	0.835	0.681	1785269860.074
1742	100.000	0.031	100.006	5.751	1.166	0.679	1785269860.332
1743	100.000	0.084	100.000	9.612	1.251	0.682	1785269860.530
1744	100.000	0.242	99.999	11.404	1.307	0.687	1785269860.735
1745	100.000	-0.207	100.002	11.603	1.374	0.683	1785269860.955
1746	100.000	-0.060	99.999	9.326	1.416	0.684	1785269861.149
1747	100.000	0.043	99.997	6.446	1.445	0.681	1785269861.328
1748	100.000	0.078	100.004	1.786	1.587	0.688	1785269861.548
1749	100.000	0.297	100.000	2.923	4.492	0.664	1785269861.774
1750	100.000	-0.186	100.001	5.979	4.526	0.664	1785269861.955
1751	100.000	0.011	99.997	8.032	4.554	0.664	1785269862.141
1752	100.000	-0.116	100.002	8.905	4.537	0.664	1785269862.338
1753	100.000	0.175	99.999	7.244	4.527	0.664	1785269862.556
1754	100.000	0.005	99.999	3.550	4.576	0.664	1785269862.746
1755	100.000	-0.184	100.001	0.611	6.083	0.664	1785269862.942
1756	100.000	0.395	100.001	3.777	1.100	0.687	1785269863.106
1757	100.000	-0.367	99.999	7.283	1.228	0.687	1785269863.321
1758	100.000	0.091	100.000	10.678	1.272	0.682	1785269863.554
1759	100.000	0.251	99.999	11.948	1.332	0.681	1785269863.755
1760	100.000	0.114	99.995	10.612	1.402	0.688	1785269863.967
1761	100.000	0.145	100.003	8.246	1.432	0.686	1785269864.142
1762	100.000	0.434	99.998	5.255	1.459	0.679	1785269864.342
1763	100.000	-0.159	99.998	1.064	1.794	0.664	1785269864.510
1764	100.000	0.000	100.000	3.513	4.486	0.664	1785269864.737
1765	100.000	-0.124	99.999	7.132	4.501	0.664	1785269864.948
1766	100.000	0.008	100.002	8.854	4.532	0.664	1785269865.157
1767	100.000	0.003	100.001	8.636	4.522	0.664	1785269865.338
1768	100.000	0.032	99.999	6.865	4.507	0.664	1785269865.534
1769	100.000	0.185	100.000	3.488	4.619	0.664	1785269865.745
1770	100.000	0.117	100.006	1.666	0.771	0.663	1785269865.945
1771	100.000	-0.174	100.002	5.556	1.137	0.682	1785269866.112
1772	100.000	-0.296	100.001	8.315	1.182	0.684	1785269866.317
1773	100.000	-0.153	100.000	11.105	1.267	0.681	1785269866.503
1774	100.000	0.224	100.002	12.021	1.308	0.684	1785269866.692
1775	100.000	0.063	100.003	11.521	1.377	0.685	1785269866.901
1776	100.000	0.359	100.003	9.328	1.417	0.689	1785269867.079
1777	100.000	-0.229	99.999	5.926	1.508	0.679	1785269867.290
1778	100.000	-0.263	99.999	1.386	1.861	0.689	1785269867.474
1779	100.000	0.248	99.998	3.145	4.407	0.664	1785269867.703
1780	100.000	0.089	99.998	6.844	4.483	0.664	1785269867.896
1781	100.000	-0.066	100.000	8.310	4.492	0.664	1785269868.067
1782	100.000	-0.089	100.001	8.361	4.497	0.664	1785269868.257
1783	100.000	-0.256	100.000	6.960	4.451	0.664	1785269868.489
1784	100.000	-0.078	99.998	3.024	4.528	0.664	1785269868.720
1785	100.000	0.023	100.000	1.875	0.970	0.660	1785269868.919
1786	100.000	-0.293	99.995	5.874	1.146	0.685	1785269869.156
1787	100.000	0.077	100.001	9.811	1.221	0.681	1785269869.349
1788	100.000	-0.031	100.005	11.817	1.286	0.686	1785269869.611
1789	100.000	-0.212	99.998	11.685	1.362	0.683	1785269869.839
1790	100.000	-0.230	100.005	8.688	1.414	0.686	1785269870.011
1791	100.000	0.182	100.000	5.372	1.518	0.685	1785269870.222
1792	100.000	-0.214	100.000	1.153	1.856	0.685	1785269870.410
1793	100.000	0.015	100.003	3.357	4.503	0.664	1785269870.638
1794	100.000	-0.052	99.994	7.214	4.530	0.664	1785269870.839
1795	100.000	0.062	100.004	8.417	4.512	0.664	1785269871.009
1796	100.000	-0.055	99.995	8.896	4.496	0.664	1785269871.213
1797	100.000	0.049	100.000	7.102	4.488	0.664	1785269871.409
1798	100.000	0.181	99.999	3.822	4.474	0.664	1785269871.607
1799	100.000	0.248	100.001	0.791	0.786	0.616	1785269871.845
1800	100.000	0.279	100.005	5.239	1.196	0.686	1785269872.014
1801	100.000	0.159	100.000	8.790	1.218	0.683	1785269872.215
1802	100.000	0.097	100.003	11.167	1.300	0.684	1785269872.395
1803	100.000	-0.085	100.001	11.987	1.322	0.681	1785269872.580
1804	100.000	0.200	99.999	11.514	1.373	0.687	1785269872.752
1805	100.000	-0.067	99.999	9.608	1.432	0.680	1785269872.945
1806	100.000	-0.057	100.001	5.745	1.499	0.680	1785269873.166
1807	100.000	-0.294	99.995	1.452	1.821	0.661	1785269873.339
1808	100.000	-0.263	99.998	2.127	4.313	0.664	1785269873.527
1809	100.000	0.414	99.999	6.054	4.513	0.664	1785269873.725
1810	100.000	-0.094	100.001	8.422	4.499	0.664	1785269873.891
1811	100.000	0.158	100.002	8.785	4.515	0.664	1785269874.095
1812	100.000	0.035	100.001	8.175	4.490	0.664	1785269874.277
1813	100.000	0.005	99.997	5.433	4.445	0.664	1785269874.479
1814	100.000	-0.128	99.994	0.775	4.887	0.664	1785269874.729
1815	100.000	-0.136	99.997	4.793	1.194	0.680	1785269874.949
1816	100.000	-0.129	100.007	9.254	1.226	0.684	1785269875.163
1817	100.000	0.240	99.998	11.789	1.264	0.684	1785269875.400
1818	100.000	-0.020	100.000	12.037	1.335	0.685	1785269875.589
1819	100.000	0.055	100.001	10.456	1.379	0.681	1785269875.775
1820	100.000	-0.209	99.999	7.340	1.442	0.682	1785269875.954
1821	100.000	-0.092	100.006	3.532	1.542	0.698	1785269876.147
1822	100.000	0.039	100.003	0.887	3.771	0.664	1785269876.341
1823	100.000	0.040	99.998	4.917	4.405	0.664	1785269876.516
1824	100.000	0.407	99.998	7.569	4.472	0.664	1785269876.724
1825	100.000	0.265	100.000	9.031	4.454	0.664	1785269876.933
1826	100.000	0.328	100.000	8.369	4.437	0.664	1785269877.137
1827	100.000	0.020	99.998	5.627	4.394	0.664	1785269877.362
1828	100.000	-0.161	100.000	1.029	4.342	0.664	1785269877.590
1829	100.000	0.181	100.001	4.189	1.222	0.682	1785269877.834
1830	100.000	-0.226	100.000	7.892	1.219	0.697	1785269878.033
1831	100.000	0.009	100.005	11.129	1.252	0.684	1785269878.226
1832	100.000	-0.254	100.002	12.011	1.308	0.682	1785269878.464
1833	100.000	0.025	100.005	11.065	1.360	0.689	1785269878.670
1834	100.000	-0.266	100.002	7.518	1.426	0.687	1785269878.904
1835	100.000	-0.122	100.000	3.157	1.499	0.679	1785269879.097
1836	100.000	-0.018	100.000	0.945	4.098	0.664	1785269879.287
1837	100.000	0.073	99.999	4.408	4.454	0.664	1785269879.459
1838	100.000	-0.049	99.998	7.113	4.465	0.664	1785269879.658
1839	100.000	-0.082	100.000	8.942	4.452	0.664	1785269879.877
1840	100.000	-0.117	100.003	8.222	4.438	0.664	1785269880.061
1841	100.000	0.014	100.002	5.829	4.381	0.664	1785269880.293
1842	100.000	0.352	99.999	0.688	4.139	0.664	1785269880.520
1843	100.000	-0.133	99.999	3.770	1.245	0.685	1785269880.706
1844	100.000	-0.377	100.002	7.450	1.212	0.678	1785269880.898
1845	100.000	-0.028	99.999	10.384	1.236	0.682	1785269881.103
1846	100.000	-0.292	100.003	11.927	1.297	0.681	1785269881.348
1847	100.000	-0.423	100.003	11.324	1.323	0.682	1785269881.528
1848	100.000	0.457	99.998	8.908	1.377	0.686	1785269881.721
1849	100.000	0.120	100.002	4.764	1.461	0.691	1785269881.913
1850	100.000	-0.004	100.001	0.573	3.777	0.664	1785269882.132
1851	100.000	0.180	100.002	4.941	4.486	0.664	1785269882.372
1852	100.000	-0.090	100.002	8.177	4.485	0.664	1785269882.623
1853	100.000	0.026	100.003	9.271	4.476	0.664	1785269882.849
1854	100.000	-0.121	100.000	8.237	4.448	0.664	1785269883.017
1855	100.000	-0.178	100.004	4.531	4.423	0.664	1785269883.238
1856	100.000	-0.006	100.005	1.005	4.262	0.664	1785269883.407
1857	100.000	-0.037	100.000	3.374	1.272	0.674	1785269883.607
1858	100.000	-0.073	99.997	6.932	1.237	0.688	1785269883.795
1859	100.000	-0.409	100.003	10.220	1.250	0.684	1785269883.990
1860	100.000	-0.419	100.000	11.853	1.280	0.681	1785269884.184
1861	100.000	-0.161	100.003	11.458	1.314	0.685	1785269884.416
1862	100.000	-0.379	99.997	8.985	1.341	0.680	1785269884.668
1863	100.000	0.124	100.001	4.533	1.401	0.690	1785269884.864
1864	100.000	0.046	99.995	0.619	1.440	0.653	1785269885.049
1865	100.000	-0.512	99.997	3.649	4.551	0.664	1785269885.248
1866	100.000	0.124	99.999	7.385	4.515	0.664	1785269885.498
1867	100.000	-0.032	100.002	9.091	4.509	0.664	1785269885.739
1868	100.000	0.170	99.999	7.936	4.471	0.664	1785269885.969
1869	100.000	-0.114	100.001	4.736	4.414	0.664	1785269886.144
1870	100.000	-0.373	100.000	1.224	4.582	0.664	1785269886.349
1871	100.000	-0.370	99.998	3.595	1.226	0.681	1785269886.544
1872	100.000	0.153	100.000	7.257	1.216	0.691	1785269886.722
1873	100.000	-0.282	100.002	10.424	1.278	0.679	1785269886.922
1874	100.000	-0.012	100.003	12.285	1.280	0.683	1785269887.123
1875	100.000	-0.224	100.001	12.072	1.343	0.683	1785269887.310
1876	100.000	-0.050	99.999	10.269	1.357	0.687	1785269887.487
1877	100.000	-0.323	100.001	7.258	1.368	0.692	1785269887.648
1878	100.000	0.080	100.003	3.045	1.413	0.696	1785269887.880
1879	100.000	0.313	100.000	1.690	4.599	0.664	1785269888.086
1880	100.000	-0.215	100.001	5.401	4.534	0.664	1785269888.301
1881	100.000	-0.137	99.995	8.111	4.520	0.664	1785269888.469
1882	100.000	0.163	99.997	8.772	4.453	0.664	1785269888.668
1883	100.000	-0.313	100.000	8.216	4.437	0.664	1785269888.842
1884	100.000	-0.175	100.001	5.372	4.356	0.664	1785269889.066
1885	100.000	0.112	100.002	0.803	4.218	0.664	1785269889.292
1886	100.000	0.010	100.002	3.497	1.289	0.701	1785269889.471
1887	100.000	-0.110	100.001	7.323	1.242	0.691	1785269889.696
1888	100.000	-0.077	100.000	10.563	1.278	0.682	1785269889.883
1889	100.000	0.087	99.997	11.967	1.291	0.681	1785269890.145
1890	100.000	0.112	100.004	10.927	1.328	0.684	1785269890.395
1891	100.000	-0.198	100.004	6.833	1.381	0.686	1785269890.615
1892	100.000	-0.085	99.998	2.309	1.436	0.681	1785269890.823
1893	100.000	-0.126	99.999	2.654	4.576	0.664	1785269891.047
1894	100.000	-0.116	100.001	6.241	4.560	0.664	1785269891.239
1895	100.000	0.032	100.001	8.545	4.546	0.664	1785269891.441
1896	100.000	0.092	100.001	8.984	4.494	0.664	1785269891.626
1897	100.000	-0.174	99.993	7.839	4.412	0.664	1785269891.808
1898	100.000	-0.186	99.999	4.942	4.317	0.664	1785269892.012
1899	100.000	-0.003	100.000	1.324	4.119	0.664	1785269892.213
1900	100.000	0.194	100.001	3.536	1.347	0.669	1785269892.415
1901	100.000	-0.239	100.002	7.867	1.259	0.687	1785269892.678
1902	100.000	-0.124	100.000	10.829	1.254	0.681	1785269892.870
1903	100.000	-0.248	100.004	12.398	1.285	0.682	1785269893.058
1904	100.000	-0.085	100.001	11.530	1.319	0.684	1785269893.230
1905	100.000	0.016	99.998	9.385	1.340	0.683	1785269893.427
1906	100.000	-0.256	100.001	5.693	1.367	0.695	1785269893.600
1907	100.000	-0.159	100.001	1.819	1.365	0.682	1785269893.780
1908	100.000	0.427	100.002	3.027	4.595	0.664	1785269893.987
1909	100.000	0.061	99.998	6.535	4.543	0.664	1785269894.243
1910	100.000	0.182	99.998	9.144	4.519	0.664	1785269894.394
1911	100.000	-0.188	100.000	9.455	4.491	0.664	1785269894.618
1912	100.000	-0.021	100.001	7.708	4.453	0.664	1785269894.792
1913	100.000	0.409	100.003	4.092	4.378	0.664	1785269894.979
1914	100.000	-0.362	100.001	0.402	3.551	0.664	1785269895.162
1915	100.000	0.158	99.998	3.943	1.295	0.687	1785269895.365
1916	100.000	-0.028	100.003	8.552	1.283	0.685	1785269895.603
1917	100.000	-0.129	100.000	11.226	1.275	0.684	1785269895.796
1918	100.000	0.091	100.000	12.305	1.305	0.682	1785269895.988
1919	100.000	-0.035	99.999	11.477	1.346	0.685	1785269896.168
1920	100.000	0.356	99.996	9.154	1.373	0.688	1785269896.348
1921	100.000	0.263	100.002	5.766	1.397	0.695	1785269896.544
1922	100.000	0.349	100.001	1.566	1.458	0.660	1785269896.721
1923	100.000	-0.276	100.000	3.052	4.548	0.664	1785269896.918
1924	100.000	-0.016	99.999	6.237	4.538	0.664	1785269897.096
1925	100.000	-0.217	100.000	8.432	4.524	0.664	1785269897.287
1926	100.000	0.113	100.000	9.065	4.491	0.664	1785269897.474
1927	100.000	0.395	99.998	7.712	4.407	0.664	1785269897.727
1928	100.000	0.201	100.002	4.630	4.327	0.664	1785269897.912
1929	100.000	-0.048	99.999	0.716	3.485	0.664	1785269898.096
1930	100.000	-0.086	100.000	3.579	1.347	0.687	1785269898.298
1931	100.000	-0.099	100.002	8.327	1.281	0.682	1785269898.528
1932	100.000	0.169	100.002	11.200	1.283	0.685	1785269898.727
1933	100.000	-0.031	99.998	12.169	1.289	0.684	1785269898.919
1934	100.000	-0.450	99.997	11.651	1.345	0.683	1785269899.113
1935	100.000	-0.203	100.001	8.640	1.364	0.684	1785269899.346
1936	100.000	0.234	99.997	5.815	1.410	0.687	1785269899.540
1937	100.000	0.314	99.995	2.083	1.477	0.683	1785269899.716
1938	100.000	-0.107	100.000	1.917	4.451	0.664	1785269899.913
1939	100.000	-0.051	99.999	6.199	4.505	0.664	1785269900.088
1940	100.000	-0.035	100.002	8.655	4.481	0.664	1785269900.290
1941	100.000	-0.234	100.001	9.332	4.405	0.664	1785269900.472
1942	100.000	-0.057	99.997	8.353	4.379	0.664	1785269900.657
1943	100.000	0.485	99.997	5.614	4.308	0.664	1785269900.860
1944	100.000	-0.283	99.999	0.625	2.593	0.711	1785269901.098
1945	100.000	-0.221	99.999	5.455	1.340	0.684	1785269901.267
1946	100.000	0.272	99.997	8.730	1.293	0.687	1785269901.465
1947	100.000	-0.004	100.000	11.242	1.295	0.686	1785269901.679
1948	100.000	-0.137	99.998	12.069	1.314	0.685	1785269901.930
1949	100.000	-0.021	100.001	10.212	1.345	0.685	1785269902.165
1950	100.000	0.159	99.998	5.927	1.377	0.682	1785269902.432
1951	100.000	-0.028	99.997	0.433	1.028	0.706	1785269902.663
1952	100.000	-0.033	100.000	3.522	4.566	0.664	1785269902.925
1953	100.000	0.211	100.001	6.744	4.562	0.664	1785269903.172
1954	100.000	0.007	100.003	6.793	4.553	0.664	1785269903.348
1955	100.000	-0.156	99.998	6.727	4.527	0.664	1785269903.511
1956	100.000	-0.210	100.000	6.882	4.539	0.664	1785269903.722
1957	100.000	0.010	99.997	6.730	4.532	0.664	1785269903.975
1958	100.000	-0.118	100.001	6.735	4.549	0.664	1785269904.163
1959	100.000	0.006	99.999	6.844	4.534	0.664	1785269904.336
1960	100.000	-0.089	99.999	6.828	4.539	0.664	1785269904.525
1961	100.000	-0.143	99.997	6.755	4.535	0.664	1785269904.741
1962	100.000	0.094	100.002	6.703	4.558	0.664	1785269904.921
1963	100.000	-0.214	100.001	6.966	4.518	0.664	1785269905.093
1964	100.000	-0.173	100.004	6.979	4.525	0.664	1785269905.257
1965	100.000	0.016	100.003	6.758	4.555	0.664	1785269905.482
1966	100.000	0.138	100.000	6.878	4.535	0.664	1785269905.675
1967	100.000	0.093	99.996	6.599	4.549	0.664	1785269905.857
1968	100.000	-0.048	100.000	6.883	4.550	0.664	1785269906.042
1969	100.000	-0.202	100.000	6.778	4.519	0.664	1785269906.262
1970	100.000	0.086	99.998	6.762	4.538	0.664	1785269906.486
1971	100.000	-0.206	99.998	6.691	4.522	0.664	1785269906.678
1972	100.000	0.255	100.001	6.691	4.524	0.664	1785269906.846
1973	100.000	0.109	100.000	6.546	4.528	0.664	1785269907.040
1974	100.000	0.215	100.002	6.866	4.532	0.664	1785269907.221
1975	100.000	-0.183	100.002	6.850	4.523	0.664	1785269907.423
1976	100.000	0.335	99.999	6.519	4.507	0.664	1785269907.619
1977	100.000	0.141	100.002	6.922	4.516	0.664	1785269907.811
1978	100.000	-0.007	99.999	6.802	4.520	0.664	1785269908.003
1979	100.000	-0.130	99.999	6.845	4.518	0.664	1785269908.196
1980	100.000	-0.187	99.996	6.719	4.507	0.664	1785269908.378
1981	100.000	0.147	100.000	6.720	4.517	0.664	1785269908.617
1982	100.000	0.158	100.002	6.570	4.521	0.664	1785269908.797
1983	100.000	0.319	99.995	7.050	4.510	0.664	1785269908.989
1984	100.000	0.356	99.996	6.781	4.505	0.664	1785269909.187
1985	100.000	-0.230	100.002	6.750	4.522	0.664	1785269909.404
1986	100.000	0.186	99.997	6.968	4.519	0.664	1785269909.615
1987	100.000	-0.001	100.000	6.820	4.523	0.664	1785269909.857
1988	100.000	-0.612	99.998	6.691	4.553	0.664	1785269910.045
1989	100.000	0.038	100.001	6.692	4.508	0.664	1785269910.311
1990	100.000	0.191	100.000	6.596	4.522	0.664	1785269910.476
1991	100.000	-0.265	100.001	6.824	4.506	0.664	1785269910.676
1992	100.000	0.073	100.001	6.839	4.520	0.664	1785269910.926
1993	100.000	-0.024	100.003	6.717	4.523	0.664	1785269911.117
1994	100.000	0.019	99.999	6.624	4.515	0.664	1785269911.304
1995	100.000	-0.080	100.003	7.001	4.525	0.664	1785269911.492
1996	100.000	-0.084	99.998	6.908	4.527	0.664	1785269911.693
1997	100.000	-0.105	100.001	6.776	4.510	0.664	1785269911.931
1998	100.000	-0.102	99.999	6.886	4.536	0.664	1785269912.124
1999	100.000	0.165	100.000	6.808	4.510	0.664	1785269912.308
2000	100.000	0.188	100.001	6.772	4.493	0.664	1785269912.499
2001	100.000	-0.058	99.996	6.778	4.527	0.664	1785269912.685
2002	100.000	-0.459	100.001	6.959	4.539	0.664	1785269912.878
2003	100.000	-0.099	99.999	6.893	4.521	0.664	1785269913.110
2004	100.000	0.118	100.000	6.723	4.515	0.664	1785269913.359
2005	100.000	0.080	99.995	6.750	4.509	0.664	1785269913.542
2006	100.000	0.104	100.000	6.960	4.513	0.664	1785269913.735
2007	100.000	0.372	100.002	6.575	4.511	0.664	1785269913.927
2008	100.000	0.101	99.997	6.893	4.502	0.664	1785269914.128
2009	100.000	-0.162	99.998	6.683	4.491	0.664	1785269914.305
2010	100.000	0.124	99.999	6.522	4.526	0.664	1785269914.487
2011	100.000	-0.112	99.995	6.724	4.517	0.664	1785269914.661
2012	100.000	0.136	99.999	6.775	4.500	0.664	1785269914.846
2013	100.000	0.562	100.003	6.944	4.479	0.664	1785269915.033
2014	100.000	-0.215	100.000	6.787	4.532	0.664	1785269915.224
2015	100.000	0.174	99.999	6.722	4.524	0.664	1785269915.420
2016	100.000	-0.170	100.001	6.782	4.496	0.664	1785269915.614
2017	100.000	-0.008	99.998	6.916	4.506	0.664	1785269915.800
2018	100.000	0.052	100.006	7.054	4.498	0.664	1785269916.002
2019	100.000	0.231	100.002	6.515	4.497	0.664	1785269916.202
2020	100.000	-0.298	99.997	6.861	4.512	0.664	1785269916.372
2021	100.000	-0.101	100.000	6.790	4.482	0.664	1785269916.572
2022	100.000	0.097	99.999	6.701	4.522	0.664	1785269916.759
2023	100.000	-0.027	100.001	6.982	4.510	0.664	1785269916.928
2024	100.000	-0.209	100.003	6.581	4.512	0.664	1785269917.137
